phase,t_s,t_unix,error_m,est_n,est_e,truth_n,truth_e
baseline,0.000,1789657468.510,0.0965,327.341,377.489,327.409,377.558
baseline,0.071,1789657468.580,0.2197,326.234,378.443,326.448,378.394
baseline,0.171,1789657468.680,0.2828,325.032,379.474,325.301,379.386
baseline,0.272,1789657468.781,0.2900,323.920,380.422,324.197,380.335
baseline,0.370,1789657468.880,0.3550,322.712,381.445,323.044,381.321
baseline,0.470,1789657468.980,0.2531,321.685,382.309,321.934,382.263
baseline,0.577,1789657469.086,0.1708,320.468,383.327,320.636,383.359
baseline,0.677,1789657469.187,0.4433,319.154,384.417,319.566,384.255
baseline,0.778,1789657469.287,0.5717,317.928,385.426,318.448,385.188
baseline,0.877,1789657469.386,0.3364,316.810,386.340,317.139,386.271
baseline,0.978,1789657469.487,0.4462,315.590,387.333,316.015,387.196
baseline,1.077,1789657469.587,0.3936,314.458,388.250,314.841,388.156
baseline,1.177,1789657469.686,0.4540,313.228,389.240,313.664,389.113
baseline,1.277,1789657469.786,0.4596,312.088,390.152,312.531,390.028
baseline,1.377,1789657469.886,0.5226,310.851,391.136,311.349,390.977
baseline,1.478,1789657469.987,0.4729,309.706,392.041,310.163,391.922
baseline,1.577,1789657470.087,0.5929,308.462,393.019,309.023,392.827
baseline,1.677,1789657470.187,0.3797,307.311,393.917,307.689,393.877
baseline,1.777,1789657470.286,0.4400,306.062,394.886,306.495,394.811
baseline,1.877,1789657470.386,0.3958,304.904,395.777,305.299,395.742
baseline,1.977,1789657470.486,0.4569,303.648,396.737,304.099,396.668
baseline,2.077,1789657470.586,0.4144,302.484,397.621,302.897,397.591
baseline,2.177,1789657470.686,0.4766,301.219,398.573,301.692,398.511
baseline,2.278,1789657470.787,0.5948,299.952,399.522,300.532,399.390
baseline,2.377,1789657470.887,0.6037,298.779,400.394,299.369,400.266
baseline,2.477,1789657470.986,0.6117,297.605,401.263,298.204,401.139
baseline,2.577,1789657471.087,0.5654,296.429,402.128,296.988,402.045
baseline,2.678,1789657471.187,0.6833,295.151,403.061,295.818,402.911
baseline,2.778,1789657471.287,0.4324,293.969,403.918,294.400,403.953
baseline,2.877,1789657471.386,0.5394,292.685,404.844,293.224,404.812
baseline,2.977,1789657471.486,0.4980,291.498,405.694,291.996,405.703
baseline,3.077,1789657471.587,0.6612,290.209,406.612,290.864,406.520
baseline,3.177,1789657471.686,0.6686,289.017,407.456,289.680,407.368
baseline,3.277,1789657471.787,0.5224,287.724,408.366,288.246,408.389
baseline,3.377,1789657471.886,0.4830,286.528,409.204,287.007,409.266
baseline,3.477,1789657471.986,0.5860,285.230,410.108,285.816,410.104
baseline,3.577,1789657472.086,0.5938,284.028,410.938,284.621,410.938
baseline,3.677,1789657472.186,0.6538,282.722,411.834,283.375,411.804
baseline,3.777,1789657472.287,0.6115,281.514,412.657,282.126,412.666
baseline,3.877,1789657472.386,0.7220,280.204,413.544,280.924,413.489
baseline,3.977,1789657472.487,0.7291,278.993,414.360,279.720,414.309
baseline,4.079,1789657472.589,0.6338,277.680,415.238,278.313,415.262
baseline,4.177,1789657472.686,0.6393,276.465,416.046,277.104,416.075
baseline,4.281,1789657472.791,0.6944,275.147,416.917,275.842,416.919
baseline,4.378,1789657472.887,0.7505,273.928,417.717,274.678,417.691
baseline,4.477,1789657472.987,0.5647,272.603,418.581,273.156,418.695
baseline,4.577,1789657473.087,0.5704,271.378,419.375,271.936,419.494
baseline,4.677,1789657473.187,0.6204,270.049,420.231,270.663,420.323
baseline,4.778,1789657473.287,0.5820,268.819,421.018,269.387,421.148
baseline,4.878,1789657473.388,0.6318,267.484,421.867,268.108,421.969
baseline,4.978,1789657473.487,0.5942,266.249,422.647,266.826,422.787
baseline,5.077,1789657473.586,0.6011,265.010,423.425,265.594,423.568
baseline,5.177,1789657473.686,0.6991,263.665,424.263,264.359,424.345
baseline,5.278,1789657473.787,0.6615,262.419,425.033,263.070,425.152
baseline,5.377,1789657473.887,0.7652,261.067,425.864,261.830,425.923
baseline,5.477,1789657473.986,0.7736,259.817,426.627,260.588,426.690
baseline,5.577,1789657474.087,0.6438,258.461,427.449,259.083,427.612
baseline,5.677,1789657474.186,0.6092,257.208,428.204,257.784,428.402
baseline,5.777,1789657474.286,0.6999,255.849,429.017,256.535,429.157
baseline,5.877,1789657474.386,0.6630,254.592,429.763,255.231,429.939
baseline,5.978,1789657474.487,0.8077,253.226,430.568,254.029,430.656
baseline,6.077,1789657474.586,0.7681,251.963,431.306,252.721,431.430
baseline,6.177,1789657474.686,0.6880,250.592,432.102,251.253,432.293
baseline,6.277,1789657474.787,0.6960,249.325,432.832,249.992,433.029
baseline,6.377,1789657474.886,0.8400,247.950,433.618,248.782,433.730
baseline,6.477,1789657474.987,0.8472,246.678,434.340,247.517,434.459
baseline,6.577,1789657475.086,0.7201,245.299,435.118,245.986,435.334
baseline,6.678,1789657475.187,0.7269,244.025,435.833,244.717,436.054
baseline,6.777,1789657475.286,0.8214,242.643,436.602,243.447,436.770
baseline,6.877,1789657475.386,0.8278,241.365,437.307,242.174,437.482
baseline,6.977,1789657475.486,0.9275,239.980,438.068,240.900,438.190
baseline,7.077,1789657475.587,0.9812,238.594,438.824,239.570,438.924
baseline,7.177,1789657475.686,0.9368,237.312,439.517,238.238,439.654
baseline,7.277,1789657475.786,0.9914,235.920,440.265,236.905,440.380
baseline,7.377,1789657475.887,0.7304,234.633,440.952,235.302,441.246
baseline,7.477,1789657475.986,1.0039,233.235,441.692,234.231,441.820
baseline,7.577,1789657476.086,0.9620,231.943,442.371,232.891,442.534
baseline,7.677,1789657476.187,0.8768,230.540,443.103,231.387,443.329
baseline,7.777,1789657476.286,0.8410,229.242,443.777,230.042,444.034
baseline,7.877,1789657476.387,0.9394,227.833,444.502,228.749,444.708
baseline,7.977,1789657476.487,0.9490,226.528,445.168,227.454,445.378
baseline,8.077,1789657476.587,0.8707,225.112,445.885,225.940,446.155
baseline,8.177,1789657476.687,0.8385,223.803,446.543,224.586,446.844
baseline,8.278,1789657476.787,0.8900,222.384,447.252,223.230,447.530
baseline,8.378,1789657476.887,0.8980,221.074,447.902,221.926,448.184
baseline,8.477,1789657476.987,0.9958,219.653,448.602,220.621,448.834
baseline,8.577,1789657477.087,0.9571,218.339,449.243,219.259,449.507
baseline,8.677,1789657477.187,0.9200,217.024,449.881,217.896,450.177
baseline,8.777,1789657477.287,0.9275,215.707,450.516,216.585,450.815
baseline,8.877,1789657477.387,0.9805,214.277,451.200,215.217,451.477
baseline,8.977,1789657477.486,0.9454,212.953,451.828,213.848,452.134
baseline,9.077,1789657477.586,0.8732,211.516,452.504,212.311,452.865
baseline,9.177,1789657477.686,0.8452,210.188,453.123,210.937,453.514
baseline,9.277,1789657477.786,0.9355,208.746,453.790,209.616,454.133
baseline,9.377,1789657477.887,0.9049,207.414,454.400,208.238,454.774
baseline,9.477,1789657477.986,0.9996,205.969,455.057,206.914,455.386
baseline,9.577,1789657478.086,0.9668,204.634,455.659,205.532,456.019
baseline,9.677,1789657478.186,1.0203,203.186,456.307,204.148,456.647
baseline,9.777,1789657478.286,0.9877,201.847,456.902,202.762,457.272
baseline,9.877,1789657478.387,1.1324,200.394,457.541,201.485,457.844
baseline,9.977,1789657478.487,0.9276,199.051,458.128,199.872,458.559
baseline,10.077,1789657478.586,1.0175,197.595,458.760,198.536,459.148
baseline,10.177,1789657478.686,1.0254,196.250,459.339,197.197,459.732
baseline,10.277,1789657478.786,1.1219,194.790,459.964,195.856,460.313
baseline,10.377,1789657478.886,1.1299,193.441,460.536,194.514,460.890
baseline,10.477,1789657478.987,1.1842,191.979,461.151,193.115,461.487
baseline,10.578,1789657479.088,1.0156,190.515,461.762,191.432,462.197
baseline,10.677,1789657479.187,1.0217,189.163,462.322,190.085,462.761
baseline,10.777,1789657479.286,0.9879,187.809,462.878,188.680,463.345
baseline,10.877,1789657479.387,1.0337,186.341,463.476,187.273,463.924
baseline,10.977,1789657479.486,1.0392,184.985,464.023,185.921,464.475
baseline,11.078,1789657479.587,1.1757,183.514,464.612,184.624,465.000
baseline,11.177,1789657479.686,1.0106,182.155,465.152,183.043,465.634
baseline,11.278,1789657479.787,1.0978,180.681,465.733,181.686,466.173
baseline,11.378,1789657479.887,1.0612,179.318,466.264,180.271,466.730
baseline,11.477,1789657479.987,1.1525,177.841,466.835,178.911,467.261
baseline,11.577,1789657480.087,1.1574,176.475,467.357,177.550,467.787
baseline,11.677,1789657480.186,1.2548,174.995,467.918,176.187,468.309
baseline,11.778,1789657480.287,1.0412,173.626,468.432,174.538,468.935
baseline,11.877,1789657480.387,1.0871,172.142,468.985,173.115,469.470
baseline,11.977,1789657480.487,1.0917,170.770,469.490,171.746,469.979
baseline,12.077,1789657480.586,1.0966,169.397,469.991,170.376,470.484
baseline,12.177,1789657480.687,1.1902,167.906,470.527,169.005,470.985
baseline,12.277,1789657480.786,1.1972,166.528,471.017,167.631,471.481
baseline,12.377,1789657480.887,1.0774,165.034,471.542,165.970,472.076
baseline,12.477,1789657480.987,1.0847,163.653,472.023,164.593,472.564
baseline,12.577,1789657481.087,1.1760,162.154,472.538,163.214,473.047
baseline,12.678,1789657481.187,1.0631,160.768,473.009,161.661,473.586
baseline,12.777,1789657481.286,1.1118,159.264,473.516,160.222,474.081
baseline,12.877,1789657481.387,1.0829,157.873,473.980,158.780,474.572
baseline,12.977,1789657481.486,1.1325,156.364,474.478,157.337,475.058
baseline,13.077,1789657481.586,1.1041,154.969,474.935,155.892,475.540
baseline,13.177,1789657481.686,1.1945,153.455,475.426,154.504,475.999
baseline,13.277,1789657481.787,1.1638,152.057,475.875,153.056,476.473
baseline,13.377,1789657481.887,1.3029,150.540,476.357,151.722,476.905
baseline,13.479,1789657481.988,1.2691,149.138,476.798,150.271,477.370
baseline,13.577,1789657482.086,1.2802,147.735,477.235,148.877,477.812
baseline,13.677,1789657482.186,1.1681,146.213,477.703,147.191,478.342
baseline,13.778,1789657482.287,1.1409,144.806,478.132,145.735,478.793
baseline,13.877,1789657482.386,1.2304,143.281,478.592,144.337,479.223
baseline,13.977,1789657482.486,1.2403,141.872,479.013,142.937,479.649
baseline,14.077,1789657482.586,1.2929,140.344,479.464,141.477,480.088
baseline,14.177,1789657482.687,1.3028,138.933,479.877,140.074,480.505
baseline,14.277,1789657482.787,1.1908,137.403,480.319,138.377,481.004
baseline,14.377,1789657482.887,1.2384,135.989,480.724,137.030,481.396
baseline,14.477,1789657482.986,1.3306,134.457,481.159,135.623,481.800
baseline,14.577,1789657483.086,1.3381,133.042,481.556,134.214,482.201
baseline,14.677,1789657483.187,1.4364,131.507,481.981,132.804,482.597
baseline,14.777,1789657483.287,1.2700,130.089,482.369,131.158,483.054
baseline,14.878,1789657483.387,1.3630,128.552,482.784,129.745,483.442
baseline,14.977,1789657483.487,1.3704,127.132,483.162,128.331,483.825
baseline,15.077,1789657483.587,1.4684,125.594,483.567,126.916,484.204
baseline,15.177,1789657483.686,1.3860,123.994,483.982,125.205,484.656
baseline,15.277,1789657483.786,1.3498,122.571,484.347,123.728,485.041
baseline,15.378,1789657483.887,1.4018,121.027,484.738,122.251,485.422
baseline,15.477,1789657483.987,1.4092,119.602,485.094,120.831,485.783
baseline,15.577,1789657484.086,1.5085,118.056,485.475,119.411,486.139
baseline,15.677,1789657484.187,1.5151,116.630,485.823,117.989,486.492
baseline,15.777,1789657484.287,1.4308,115.083,486.194,116.329,486.897
baseline,15.878,1789657484.388,1.4822,113.655,486.532,114.964,487.226
baseline,15.978,1789657484.487,1.5812,112.108,486.894,113.539,487.566
baseline,16.077,1789657484.587,1.5385,110.678,487.225,112.054,487.915
baseline,16.177,1789657484.687,1.5910,109.129,487.578,110.567,488.259
baseline,16.278,1789657484.787,1.5485,107.697,487.899,109.079,488.599
baseline,16.377,1789657484.886,1.3746,106.264,488.215,107.411,488.974
baseline,16.478,1789657484.987,1.4227,104.711,488.553,105.920,489.303
baseline,16.577,1789657485.086,1.4716,103.277,488.860,104.547,489.603
baseline,16.677,1789657485.187,1.4766,101.841,489.164,103.114,489.911
baseline,16.777,1789657485.287,1.3534,100.283,489.487,101.381,490.278
baseline,16.877,1789657485.386,1.4029,98.842,489.779,100.005,490.564
baseline,16.978,1789657485.487,1.5011,97.278,490.091,98.568,490.859
baseline,17.078,1789657485.587,1.5114,95.833,490.373,97.129,491.150
baseline,17.177,1789657485.686,1.4342,94.266,490.675,95.451,491.483
baseline,17.277,1789657485.786,1.4878,92.818,490.949,94.070,491.752
baseline,17.377,1789657485.886,1.5888,91.249,491.242,92.629,492.029
baseline,17.477,1789657485.986,1.5510,89.800,491.509,91.127,492.313
baseline,17.577,1789657486.087,1.4694,88.231,491.795,89.443,492.626
baseline,17.677,1789657486.186,1.4320,86.782,492.055,87.938,492.900
baseline,17.777,1789657486.287,1.3956,85.333,492.311,86.433,493.170
baseline,17.877,1789657486.386,1.5304,83.762,492.582,85.047,493.414
baseline,17.977,1789657486.486,1.4925,82.310,492.829,83.540,493.674
baseline,18.077,1789657486.587,1.5451,80.735,493.090,82.032,493.930
baseline,18.177,1789657486.687,1.5540,79.279,493.327,80.583,494.171
baseline,18.278,1789657486.787,1.6104,77.699,493.578,79.073,494.418
baseline,18.377,1789657486.887,1.6203,76.240,493.805,77.623,494.650
baseline,18.479,1789657486.989,1.4961,74.659,494.046,75.869,494.926
baseline,18.577,1789657487.086,1.4631,73.198,494.264,74.356,495.158
baseline,18.677,1789657487.186,1.6074,71.614,494.495,72.964,495.367
baseline,18.777,1789657487.286,1.6182,70.150,494.704,71.510,495.582
baseline,18.877,1789657487.387,1.5831,68.686,494.910,69.995,495.800
baseline,18.982,1789657487.492,1.4637,67.099,495.127,68.237,496.048
baseline,19.078,1789657487.587,1.4327,65.633,495.324,66.720,496.257
baseline,19.177,1789657487.687,1.4439,64.164,495.516,65.264,496.452
baseline,19.277,1789657487.786,1.5430,62.571,495.719,63.806,496.644
baseline,19.377,1789657487.886,1.6008,61.100,495.902,62.409,496.823
baseline,19.477,1789657487.987,1.7077,59.506,496.096,60.951,497.006
baseline,19.577,1789657488.087,1.4953,58.034,496.271,59.188,497.222
baseline,19.677,1789657488.187,1.6419,56.438,496.456,57.789,497.388
baseline,19.777,1789657488.286,1.6559,54.963,496.622,56.330,497.557
baseline,19.877,1789657488.386,1.6695,53.489,496.783,54.870,497.721
baseline,19.977,1789657488.487,1.5476,51.892,496.953,53.106,497.914
baseline,20.077,1789657488.586,1.5154,50.420,497.105,51.584,498.075
baseline,20.177,1789657488.687,1.6141,48.826,497.264,50.123,498.225
baseline,20.277,1789657488.787,1.6237,47.355,497.407,48.662,498.371
baseline,20.377,1789657488.886,1.7749,45.762,497.557,47.261,498.507
baseline,20.477,1789657488.987,1.5525,44.292,497.690,45.495,498.672
baseline,20.577,1789657489.086,1.6517,42.698,497.830,44.032,498.804
baseline,20.677,1789657489.186,1.7074,41.227,497.953,42.630,498.926
baseline,20.777,1789657489.286,1.7169,39.755,498.072,41.166,499.049
baseline,20.877,1789657489.386,1.6811,38.036,498.205,39.397,499.192
baseline,20.977,1789657489.486,1.6915,36.562,498.314,37.932,499.306
baseline,21.077,1789657489.586,1.8001,34.962,498.426,36.467,499.415
baseline,21.177,1789657489.686,1.7640,33.485,498.526,34.939,499.524
baseline,21.278,1789657489.787,1.8257,31.884,498.629,33.412,499.629
baseline,21.380,1789657489.890,1.7890,30.406,498.720,31.883,499.729
baseline,21.477,1789657489.987,1.8507,28.803,498.814,30.354,499.824
baseline,21.577,1789657490.086,1.8627,27.324,498.896,28.885,499.911
baseline,21.677,1789657490.187,1.9758,25.720,498.979,27.416,499.994
baseline,21.778,1789657490.287,1.9371,24.240,499.052,25.885,500.075
baseline,21.877,1789657490.387,1.8009,22.636,499.126,24.107,500.164
baseline,21.977,1789657490.486,1.8115,21.154,499.190,22.636,500.233
baseline,22.077,1789657490.587,1.8727,19.549,499.254,21.102,500.300
baseline,22.177,1789657490.687,1.8837,18.067,499.308,19.629,500.360
baseline,22.277,1789657490.786,1.9455,16.461,499.362,18.095,500.418
baseline,22.377,1789657490.887,1.9556,14.980,499.407,16.621,500.470
baseline,22.477,1789657490.986,2.0160,13.376,499.452,15.087,500.518
baseline,22.578,1789657491.087,2.0244,11.895,499.489,13.613,500.561
baseline,22.677,1789657491.186,2.0841,10.292,499.524,12.077,500.600
baseline,22.777,1789657491.287,1.8397,8.812,499.552,10.296,500.640
baseline,22.877,1789657491.387,1.9980,7.209,499.578,8.883,500.667
baseline,22.977,1789657491.487,1.9551,5.728,499.597,7.348,500.693
baseline,23.077,1789657491.586,2.0656,4.124,499.613,5.873,500.712
baseline,23.177,1789657491.687,2.0207,2.644,499.625,4.337,500.728
baseline,23.277,1789657491.786,1.9749,1.166,499.632,2.801,500.740
baseline,23.378,1789657491.887,2.0312,-0.434,499.635,1.266,500.746
baseline,23.477,1789657491.986,2.0376,-1.913,499.632,-0.208,500.748
baseline,23.577,1789657492.086,1.8940,-3.516,499.624,-1.989,500.745
baseline,23.677,1789657492.187,1.9020,-4.995,499.611,-3.463,500.737
baseline,23.777,1789657492.286,2.0124,-6.599,499.591,-4.936,500.725
baseline,23.877,1789657492.386,2.0726,-8.078,499.568,-6.348,500.709
baseline,23.977,1789657492.486,1.9294,-9.681,499.539,-8.128,500.684
baseline,24.077,1789657492.586,1.9372,-11.159,499.507,-9.601,500.658
baseline,24.177,1789657492.687,2.0977,-12.759,499.468,-11.013,500.630
baseline,24.278,1789657492.787,1.9016,-14.237,499.428,-12.731,500.590
baseline,24.377,1789657492.886,1.9583,-15.837,499.380,-14.265,500.549
baseline,24.477,1789657492.987,1.9644,-17.313,499.331,-15.738,500.506
baseline,24.578,1789657493.087,2.0726,-18.912,499.273,-17.211,500.458
baseline,24.679,1789657493.188,2.0264,-20.387,499.215,-18.746,500.404
baseline,24.781,1789657493.291,2.1350,-21.984,499.147,-20.219,500.348
baseline,24.877,1789657493.387,2.0878,-23.459,499.080,-21.754,500.285
baseline,24.977,1789657493.486,2.1445,-25.056,499.003,-23.288,500.217
baseline,25.077,1789657493.586,2.1501,-26.532,498.928,-24.762,500.148
baseline,25.177,1789657493.687,2.0021,-28.133,498.843,-26.542,500.059
baseline,25.277,1789657493.787,1.9580,-29.610,498.759,-28.077,499.977
baseline,25.377,1789657493.887,2.0158,-31.212,498.664,-29.612,499.891
baseline,25.477,1789657493.986,2.0222,-32.689,498.572,-31.085,499.804
baseline,25.577,1789657494.087,2.1329,-34.291,498.468,-32.558,499.712
baseline,25.677,1789657494.187,2.1402,-35.769,498.367,-34.032,499.616
baseline,25.777,1789657494.287,1.9939,-37.371,498.253,-35.812,499.495
baseline,25.877,1789657494.387,2.2093,-38.850,498.141,-37.039,499.408
baseline,25.977,1789657494.486,2.2711,-40.451,498.016,-38.574,499.294
baseline,26.077,1789657494.587,2.0178,-41.930,497.897,-40.353,499.156
baseline,26.177,1789657494.686,2.1289,-43.531,497.763,-41.826,499.038
baseline,26.278,1789657494.787,2.0828,-45.009,497.637,-43.360,498.909
baseline,26.377,1789657494.887,2.1936,-46.609,497.496,-44.832,498.782
baseline,26.477,1789657494.987,2.1990,-48.086,497.361,-46.304,498.650
baseline,26.577,1789657495.086,2.2037,-49.563,497.223,-47.776,498.513
baseline,26.677,1789657495.186,2.2616,-51.161,497.068,-49.309,498.366
baseline,26.777,1789657495.286,2.0022,-52.635,496.921,-51.086,498.189
baseline,26.877,1789657495.386,1.9541,-54.108,496.768,-52.617,498.031
baseline,26.977,1789657495.487,2.0608,-55.704,496.597,-54.087,497.875
baseline,27.077,1789657495.586,2.0127,-57.177,496.434,-55.618,497.708
baseline,27.177,1789657495.686,2.1751,-58.771,496.251,-57.026,497.549
baseline,27.277,1789657495.786,2.1811,-60.245,496.078,-58.495,497.379
baseline,27.377,1789657495.886,2.0301,-61.841,495.883,-60.269,497.168
baseline,27.477,1789657495.987,1.9851,-63.313,495.698,-61.797,496.980
baseline,27.578,1789657496.087,2.0449,-64.908,495.492,-63.326,496.787
baseline,27.677,1789657496.187,2.1045,-66.380,495.297,-64.732,496.606
baseline,27.777,1789657496.286,2.1647,-67.973,495.081,-66.259,496.404
baseline,27.877,1789657496.387,2.1177,-69.444,494.879,-67.786,496.197
baseline,27.977,1789657496.487,2.2316,-71.037,494.655,-69.252,495.993
baseline,28.077,1789657496.586,2.2383,-72.508,494.444,-70.717,495.786
baseline,28.178,1789657496.687,2.0848,-74.101,494.210,-72.486,495.528
baseline,28.277,1789657496.787,2.0906,-75.570,493.990,-73.949,495.310
baseline,28.377,1789657496.887,2.1505,-77.161,493.747,-75.473,495.079
baseline,28.478,1789657496.987,2.1564,-78.629,493.518,-76.935,494.852
baseline,28.577,1789657497.086,2.2719,-80.219,493.264,-78.396,494.620
baseline,28.677,1789657497.187,2.0631,-81.685,493.024,-80.100,494.344
baseline,28.777,1789657497.287,2.1779,-83.272,492.758,-81.559,494.103
baseline,28.877,1789657497.387,2.1314,-84.736,492.506,-83.079,493.846
baseline,28.977,1789657497.486,2.1933,-86.320,492.228,-84.597,493.585
baseline,29.077,1789657497.587,2.2552,-87.781,491.965,-85.993,493.340
baseline,29.177,1789657497.687,2.3186,-89.363,491.676,-87.510,493.069
baseline,29.277,1789657497.786,2.3264,-90.823,491.404,-88.966,492.805
baseline,29.377,1789657497.887,2.1712,-92.404,491.105,-90.723,492.480
baseline,29.477,1789657497.987,2.1791,-93.863,490.826,-92.177,492.206
baseline,29.577,1789657498.087,2.2961,-95.442,490.518,-93.630,491.928
baseline,29.677,1789657498.187,2.3034,-96.898,490.229,-95.082,491.646
baseline,29.777,1789657498.287,2.3655,-98.474,489.913,-96.593,491.347
baseline,29.877,1789657498.386,2.3717,-99.928,489.617,-98.043,491.056
baseline,29.977,1789657498.486,2.3226,-101.382,489.318,-99.552,490.748
baseline,30.077,1789657498.586,2.1658,-102.957,488.990,-101.301,490.385
denied,0.000,1789657500.587,27.3993,-104.409,488.683,-131.240,483.134
denied,0.001,1789657500.588,25.7936,-105.979,488.346,-131.240,483.134
denied,0.002,1789657500.589,24.3129,-107.426,488.031,-131.240,483.134
denied,0.002,1789657500.589,22.7098,-108.991,487.686,-131.240,483.134
denied,0.003,1789657500.590,21.2308,-110.435,487.363,-131.240,483.134
denied,0.100,1789657500.687,2.1489,-134.305,481.347,-132.667,482.738
denied,0.200,1789657500.787,2.2016,-135.844,480.913,-134.151,482.321
denied,0.299,1789657500.886,2.1403,-137.263,480.510,-135.635,481.900
denied,0.400,1789657500.986,2.3026,-138.798,480.071,-136.999,481.508
denied,0.499,1789657501.086,2.0704,-140.214,479.661,-138.657,481.026
denied,0.599,1789657501.186,2.1201,-141.747,479.212,-140.136,480.590
denied,0.700,1789657501.286,2.0584,-143.160,478.793,-141.613,480.151
denied,0.799,1789657501.386,2.1088,-144.690,478.334,-143.088,479.706
denied,0.900,1789657501.487,2.1035,-146.100,477.907,-144.503,479.276
denied,1.000,1789657501.587,2.0982,-147.508,477.475,-145.915,478.841
denied,1.099,1789657501.686,2.2633,-149.031,477.003,-147.266,478.421
denied,1.199,1789657501.786,1.9747,-150.434,476.564,-148.967,477.886
denied,1.299,1789657501.886,2.0249,-151.953,476.084,-150.431,477.420
denied,1.400,1789657501.987,1.9630,-153.352,475.636,-151.893,476.949
denied,1.499,1789657502.086,2.0136,-154.865,475.145,-153.352,476.474
denied,1.599,1789657502.186,1.9523,-156.259,474.687,-154.809,475.995
denied,1.700,1789657502.287,1.9997,-157.765,474.190,-156.265,475.512
denied,1.799,1789657502.386,2.0427,-159.152,473.732,-157.602,475.063
denied,1.900,1789657502.487,2.0805,-160.651,473.238,-159.054,474.571
denied,2.000,1789657502.587,1.9989,-162.031,472.784,-160.504,474.074
denied,2.100,1789657502.686,2.0234,-163.522,472.296,-161.953,473.573
denied,2.199,1789657502.786,1.9864,-164.894,471.848,-163.343,473.088
denied,2.300,1789657502.887,1.9970,-166.376,471.366,-164.788,472.578
denied,2.400,1789657502.987,1.9460,-167.739,470.927,-166.174,472.083
denied,2.500,1789657503.087,1.9454,-169.212,470.451,-167.616,471.563
denied,2.599,1789657503.186,1.5943,-170.570,470.008,-169.287,470.954
denied,2.699,1789657503.286,1.5948,-171.925,469.562,-170.610,470.465
denied,2.800,1789657503.387,1.7150,-173.392,469.070,-171.932,469.971
denied,2.900,1789657503.486,1.3698,-174.747,468.598,-173.597,469.342
denied,3.001,1789657503.588,1.3311,-176.104,468.113,-174.973,468.815
denied,3.100,1789657503.687,1.3548,-177.573,467.575,-176.404,468.260
denied,3.199,1789657503.786,1.3243,-178.928,467.068,-177.776,467.722
denied,3.300,1789657503.886,1.4766,-180.394,466.510,-179.089,467.201
denied,3.403,1789657503.990,1.1446,-181.746,465.986,-180.743,466.537
denied,3.500,1789657504.087,1.1775,-183.208,465.412,-182.166,465.959
denied,3.600,1789657504.187,1.0909,-184.557,464.875,-183.587,465.375
denied,3.699,1789657504.286,1.1251,-186.015,464.287,-185.007,464.785
denied,3.800,1789657504.387,1.2247,-187.358,463.732,-186.254,464.262
denied,3.900,1789657504.487,1.2007,-188.811,463.122,-187.727,463.639
denied,4.000,1789657504.587,1.1173,-190.149,462.552,-189.141,463.034
denied,4.100,1789657504.687,1.2160,-191.595,461.926,-190.497,462.448
denied,4.199,1789657504.786,1.1338,-192.929,461.341,-191.908,461.834
denied,4.300,1789657504.887,0.9892,-194.373,460.703,-193.486,461.140
denied,4.400,1789657504.986,0.9698,-195.703,460.105,-194.837,460.541
denied,4.500,1789657505.087,1.0124,-197.144,459.453,-196.242,459.913
denied,4.600,1789657505.187,0.9354,-198.474,458.845,-197.646,459.280
denied,4.701,1789657505.288,0.9828,-199.915,458.179,-199.049,458.644
denied,4.799,1789657505.386,0.9687,-201.242,457.562,-200.393,458.029
denied,4.900,1789657505.487,1.0164,-202.679,456.888,-201.792,457.385
denied,5.000,1789657505.587,1.0673,-204.004,456.259,-203.078,456.790
denied,5.100,1789657505.686,0.8732,-205.438,455.574,-204.696,456.035
denied,5.200,1789657505.787,0.9240,-206.760,454.939,-205.978,455.433
denied,5.300,1789657505.887,0.9764,-208.190,454.245,-207.370,454.775
denied,5.400,1789657505.987,0.9073,-209.508,453.602,-208.760,454.115
denied,5.500,1789657506.087,1.0823,-210.934,452.900,-210.036,453.504
denied,5.599,1789657506.186,1.0168,-212.250,452.247,-211.423,452.838
denied,5.700,1789657506.287,0.8930,-213.675,451.536,-212.973,452.088
denied,5.804,1789657506.391,0.8343,-214.990,450.874,-214.355,451.416
denied,5.900,1789657506.487,0.7744,-216.300,450.211,-215.736,450.741
denied,5.999,1789657506.586,0.8735,-217.719,449.518,-217.059,450.090
denied,6.101,1789657506.687,0.7916,-219.025,448.881,-218.435,449.410
denied,6.200,1789657506.787,0.8119,-220.434,448.208,-219.810,448.727
denied,6.300,1789657506.887,0.7066,-221.732,447.597,-221.183,448.042
denied,6.400,1789657506.987,0.7849,-223.135,446.921,-222.499,447.381
denied,6.500,1789657507.086,0.7504,-224.429,446.287,-223.814,446.717
denied,6.600,1789657507.187,0.5338,-225.828,445.591,-225.400,445.910
denied,6.700,1789657507.287,0.5037,-227.117,444.942,-226.711,445.239
denied,6.800,1789657507.387,0.5943,-228.512,444.231,-228.020,444.565
denied,6.899,1789657507.486,0.5666,-229.797,443.570,-229.327,443.887
denied,7.000,1789657507.587,0.4155,-231.187,442.848,-230.850,443.091
denied,7.100,1789657507.687,0.3282,-232.468,442.177,-232.208,442.377
denied,7.199,1789657507.786,0.3602,-233.853,441.445,-233.563,441.659
denied,7.299,1789657507.886,0.3431,-235.129,440.749,-234.863,440.966
denied,7.400,1789657507.987,0.4483,-236.508,439.987,-236.160,440.269
denied,7.500,1789657508.087,0.4992,-237.781,439.274,-237.401,439.599
denied,7.599,1789657508.186,0.5542,-239.156,438.490,-238.749,438.866
denied,7.699,1789657508.286,0.2766,-240.425,437.761,-240.309,438.012
denied,7.799,1789657508.386,0.3400,-241.798,436.965,-241.652,437.272
denied,7.899,1789657508.486,0.3619,-243.065,436.219,-242.940,436.559
denied,8.000,1789657508.587,0.4784,-244.433,435.411,-244.225,435.842
denied,8.100,1789657508.687,0.4224,-245.696,434.744,-245.509,435.123
denied,8.200,1789657508.787,0.2579,-247.063,434.030,-247.005,434.281
denied,8.300,1789657508.887,0.1622,-248.423,433.470,-248.285,433.556
denied,8.400,1789657508.987,0.3766,-249.930,432.912,-249.563,432.828
denied,8.500,1789657509.086,0.4767,-251.284,432.339,-250.893,432.065
denied,8.600,1789657509.186,0.6482,-252.771,431.641,-252.220,431.298
denied,8.700,1789657509.287,0.7589,-254.182,430.936,-253.544,430.525
denied,8.801,1789657509.388,0.7903,-255.466,430.257,-254.865,429.744
denied,8.900,1789657509.486,0.8542,-256.841,429.499,-256.181,428.957
denied,9.000,1789657509.586,0.8829,-258.100,428.783,-257.441,428.195
denied,9.100,1789657509.686,0.9234,-259.453,427.992,-258.750,427.394
denied,9.200,1789657509.786,0.9378,-260.695,427.251,-260.002,426.619
denied,9.301,1789657509.888,0.9443,-261.827,426.564,-261.511,425.674
denied,9.400,1789657509.987,0.9718,-263.055,425.793,-262.807,424.853
denied,9.500,1789657510.087,0.9235,-264.530,424.847,-264.048,424.059
denied,9.599,1789657510.186,0.9029,-265.840,423.977,-265.336,423.227
denied,9.699,1789657510.286,0.8747,-267.052,423.151,-266.621,422.389
denied,9.800,1789657510.386,0.8473,-268.266,422.319,-267.851,421.580
denied,9.900,1789657510.487,0.8045,-269.573,421.404,-269.129,420.733
denied,9.999,1789657510.586,0.7660,-270.778,420.553,-270.353,419.916
denied,10.099,1789657510.686,0.8734,-272.186,419.718,-271.574,419.095
denied,10.200,1789657510.787,0.9927,-273.506,418.978,-273.045,418.099
denied,10.299,1789657510.886,1.0895,-274.897,418.154,-274.310,417.236
denied,10.399,1789657510.986,1.1605,-276.153,417.378,-275.521,416.405
denied,10.500,1789657511.086,1.2214,-277.492,416.523,-276.729,415.569
denied,10.599,1789657511.186,1.2622,-278.711,415.723,-277.934,414.728
denied,10.700,1789657511.287,1.3004,-280.019,414.847,-279.186,413.848
denied,10.799,1789657511.386,1.3330,-281.216,414.030,-280.583,412.857
denied,10.900,1789657511.487,1.3532,-282.504,413.139,-281.827,411.967
denied,10.999,1789657511.586,1.3751,-283.685,412.310,-283.018,411.108
denied,11.099,1789657511.686,1.3896,-284.959,411.407,-284.255,410.209
denied,11.199,1789657511.786,1.3940,-286.129,410.553,-285.440,409.342
denied,11.299,1789657511.886,1.3775,-287.392,409.608,-286.670,408.434
denied,11.399,1789657511.986,1.3581,-288.542,408.718,-287.898,407.522
denied,11.500,1789657512.086,1.3205,-289.781,407.751,-289.122,406.607
denied,11.603,1789657512.189,1.3469,-290.919,406.854,-290.490,405.577
denied,11.700,1789657512.286,1.2551,-292.149,405.861,-291.611,404.728
denied,11.800,1789657512.387,1.2309,-293.283,404.945,-292.827,403.802
denied,11.903,1789657512.490,1.1659,-294.517,403.937,-294.040,402.873
denied,12.000,1789657512.587,1.1117,-295.652,402.996,-295.203,401.979
denied,12.099,1789657512.686,1.0617,-296.787,402.057,-296.364,401.083
denied,12.201,1789657512.788,1.0459,-298.010,401.039,-297.715,400.035
denied,12.299,1789657512.886,1.0185,-299.135,400.093,-298.920,399.098
denied,12.399,1789657512.986,0.9372,-300.358,399.066,-300.122,398.159
denied,12.501,1789657513.088,0.8841,-301.482,398.116,-301.274,397.256
denied,12.600,1789657513.187,0.8587,-302.602,397.164,-302.472,396.315
denied,12.700,1789657513.287,0.8129,-303.889,396.155,-303.669,395.372
denied,12.800,1789657513.387,0.8219,-305.097,395.239,-304.816,394.467
denied,12.900,1789657513.487,0.8385,-306.422,394.252,-306.009,393.522
denied,13.000,1789657513.587,0.9047,-307.671,393.350,-307.200,392.577
denied,13.100,1789657513.686,0.9757,-308.936,392.442,-308.342,391.667
denied,13.200,1789657513.786,1.0661,-310.315,391.439,-309.530,390.717
denied,13.300,1789657513.887,1.1343,-311.572,390.510,-310.716,389.765
denied,13.400,1789657513.987,1.1828,-312.899,389.509,-312.041,388.695
denied,13.500,1789657514.087,1.2424,-314.107,388.594,-313.173,387.775
denied,13.600,1789657514.187,1.3158,-315.397,387.610,-314.350,386.813
denied,13.700,1789657514.287,1.3773,-316.662,386.622,-315.524,385.847
denied,13.800,1789657514.387,1.3938,-317.813,385.708,-316.694,384.877
denied,13.900,1789657514.487,1.4061,-318.952,384.791,-317.861,383.903
denied,14.000,1789657514.586,1.4406,-320.174,383.793,-319.024,382.926
denied,14.100,1789657514.686,1.4453,-321.295,382.869,-320.184,381.944
denied,14.200,1789657514.787,1.4721,-322.502,381.863,-321.341,380.959
denied,14.300,1789657514.887,1.4845,-323.610,380.932,-322.448,380.009
denied,14.400,1789657514.987,1.5227,-324.805,379.919,-323.551,379.055
denied,14.500,1789657515.087,1.4931,-325.904,378.981,-324.835,377.939
denied,14.601,1789657515.187,1.4967,-327.082,377.955,-326.023,376.898
denied,14.699,1789657515.286,1.4975,-328.161,377.006,-327.116,375.933
denied,14.799,1789657515.386,1.4951,-329.231,376.055,-328.251,374.925
denied,14.900,1789657515.487,1.4910,-330.381,375.019,-329.338,373.954
denied,14.999,1789657515.586,1.4847,-331.440,374.059,-330.466,372.939
denied,15.100,1789657515.686,1.4761,-332.582,373.015,-331.592,371.920
denied,15.200,1789657515.786,1.4658,-333.633,372.044,-332.670,370.939
denied,15.300,1789657515.886,1.4606,-334.685,371.068,-333.790,369.913
denied,15.400,1789657515.987,1.4455,-335.817,370.008,-334.907,368.885
denied,15.500,1789657516.087,1.4403,-336.859,369.024,-336.021,367.853
denied,15.600,1789657516.186,1.4237,-337.989,367.956,-337.132,366.819
denied,15.700,1789657516.286,1.4215,-339.026,366.966,-338.240,365.781
denied,15.800,1789657516.387,1.4004,-340.148,365.889,-339.346,364.741
denied,15.900,1789657516.487,1.4032,-341.181,364.895,-340.449,363.698
denied,15.999,1789657516.586,1.3787,-342.297,363.811,-341.549,362.653
denied,16.100,1789657516.687,1.3808,-343.324,362.807,-342.646,361.605
denied,16.200,1789657516.787,1.3431,-344.438,361.716,-343.697,360.596
denied,16.299,1789657516.886,1.3405,-345.462,360.702,-344.788,359.543
denied,16.399,1789657516.986,1.3120,-346.569,359.603,-345.877,358.488
denied,16.499,1789657517.086,1.3010,-347.589,358.589,-346.920,357.473
denied,16.601,1789657517.187,1.3420,-348.687,357.485,-348.177,356.243
denied,16.699,1789657517.286,1.3571,-349.700,356.464,-349.257,355.181
denied,16.800,1789657517.387,1.3519,-350.710,355.445,-350.292,354.160
denied,16.900,1789657517.487,1.3145,-351.799,354.335,-351.368,353.093
denied,17.000,1789657517.586,1.3072,-352.802,353.310,-352.397,352.067
denied,17.100,1789657517.687,1.2739,-353.886,352.200,-353.468,350.997
denied,17.200,1789657517.786,1.2928,-354.882,351.169,-354.535,349.924
denied,17.300,1789657517.887,1.2831,-355.880,350.134,-355.558,348.892
denied,17.400,1789657517.987,1.2400,-356.958,349.008,-356.621,347.815
denied,17.500,1789657518.087,1.2605,-357.948,347.968,-357.681,346.736
denied,17.600,1789657518.187,1.1894,-359.018,346.843,-358.696,345.698
denied,17.700,1789657518.287,1.2157,-360.002,345.804,-359.752,344.614
denied,17.800,1789657518.387,1.3220,-361.064,344.674,-360.972,343.355
denied,17.900,1789657518.487,1.3670,-362.041,343.634,-362.022,342.267
denied,18.000,1789657518.587,1.2442,-363.096,342.504,-362.986,341.264
denied,18.100,1789657518.687,1.2848,-364.066,341.457,-364.031,340.172
denied,18.200,1789657518.787,1.2919,-365.034,340.414,-365.032,339.122
denied,18.300,1789657518.887,1.2100,-366.079,339.278,-366.030,338.069
denied,18.399,1789657518.986,1.2545,-367.041,338.224,-367.068,336.970
denied,18.500,1789657519.087,1.3548,-368.083,337.084,-368.228,335.737
denied,18.601,1789657519.188,1.2207,-369.161,335.896,-369.220,334.677
denied,18.700,1789657519.286,1.1744,-370.197,334.744,-370.251,333.571
denied,18.799,1789657519.386,1.2213,-371.149,333.677,-371.279,332.462
denied,18.900,1789657519.486,1.1266,-372.179,332.519,-372.264,331.396
denied,19.000,1789657519.587,1.1809,-373.125,331.453,-373.287,330.283
denied,19.100,1789657519.687,1.2962,-374.147,330.299,-374.430,329.034
denied,19.200,1789657519.787,1.3091,-375.087,329.230,-375.407,327.961
denied,19.300,1789657519.886,1.3780,-376.023,328.160,-376.422,326.841
denied,19.400,1789657519.987,1.2845,-377.037,326.997,-377.394,325.763
denied,19.500,1789657520.087,1.5227,-377.967,325.920,-378.525,324.503
denied,19.600,1789657520.187,1.4291,-378.972,324.753,-379.492,323.421
denied,19.700,1789657520.286,1.3913,-379.900,323.674,-380.416,322.382
denied,19.801,1789657520.388,1.3532,-380.898,322.500,-381.418,321.251
denied,19.900,1789657520.487,1.4267,-381.819,321.412,-382.417,320.116
denied,20.001,1789657520.588,1.2780,-382.813,320.238,-383.334,319.071
denied,20.105,1789657520.692,1.5401,-383.723,319.155,-384.447,317.796
denied,20.205,1789657520.792,1.4558,-384.707,317.981,-385.399,316.700
denied,20.305,1789657520.892,1.5484,-385.613,316.897,-386.387,315.556
denied,20.405,1789657520.992,1.6441,-386.513,315.811,-387.372,314.410
denied,20.511,1789657521.098,1.9157,-387.413,314.719,-388.473,313.123
denied,20.605,1789657521.192,1.7037,-388.311,313.619,-389.257,312.202
denied,20.705,1789657521.292,1.9169,-389.280,312.426,-390.391,310.863
denied,20.806,1789657521.393,1.9535,-390.172,311.329,-391.326,309.753
denied,20.905,1789657521.492,2.0471,-391.061,310.225,-392.298,308.593
denied,21.005,1789657521.592,2.0217,-392.021,309.024,-393.266,307.432
denied,21.105,1789657521.692,2.1146,-392.905,307.914,-394.232,306.267
denied,21.210,1789657521.797,2.0895,-393.858,306.707,-395.195,305.101
denied,21.305,1789657521.892,2.1205,-394.735,305.587,-396.116,303.978
denied,21.405,1789657521.992,2.0402,-395.682,304.381,-397.035,302.854
denied,21.505,1789657522.092,2.1371,-396.552,303.262,-397.989,301.680
denied,21.605,1789657522.192,2.0547,-397.491,302.045,-398.901,300.551
denied,21.707,1789657522.294,2.2162,-398.502,300.734,-400.038,299.136
denied,21.805,1789657522.392,2.2554,-399.361,299.608,-400.944,298.002
denied,21.905,1789657522.492,2.1426,-400.271,298.403,-401.810,296.913
denied,22.005,1789657522.592,2.1937,-401.118,297.282,-402.711,295.774
denied,22.110,1789657522.697,2.1261,-402.033,296.061,-403.608,294.633
denied,22.215,1789657522.802,2.6459,-402.806,295.024,-404.726,293.204
denied,22.309,1789657522.896,2.6883,-403.649,293.889,-405.617,292.058
denied,22.410,1789657522.997,2.6733,-404.557,292.652,-406.542,290.863
denied,22.510,1789657523.096,2.4845,-405.532,291.319,-407.427,289.712
denied,22.609,1789657523.196,2.4522,-406.553,290.184,-408.346,288.512
denied,22.710,1789657523.297,2.2275,-407.668,288.950,-409.225,287.357
denied,22.812,1789657523.399,2.4139,-408.632,287.802,-410.246,286.007
denied,22.912,1789657523.499,2.2165,-409.789,286.621,-411.118,284.847
denied,23.010,1789657523.597,2.2305,-410.864,285.541,-412.021,283.634
denied,23.110,1789657523.697,2.1335,-412.148,284.407,-412.919,282.418
denied,23.209,1789657523.796,2.1902,-413.443,283.356,-413.812,281.197
denied,23.310,1789657523.896,2.2033,-414.695,282.174,-414.698,279.971
denied,23.410,1789657523.996,2.3207,-415.747,281.053,-415.576,278.739
denied,23.510,1789657524.097,2.2976,-416.805,279.812,-416.410,277.549
denied,23.609,1789657524.196,2.3471,-417.724,278.648,-417.235,276.352
denied,23.709,1789657524.296,2.3461,-418.673,277.370,-418.085,275.098
denied,23.810,1789657524.396,2.4130,-419.515,276.177,-418.925,273.837
denied,23.910,1789657524.496,2.3925,-420.398,274.874,-419.756,272.570
denied,24.009,1789657524.596,2.6630,-421.431,273.818,-420.577,271.296
denied,24.110,1789657524.697,2.9197,-422.567,272.688,-421.389,270.016
denied,24.209,1789657524.796,3.1191,-423.523,271.588,-422.160,268.783
denied,24.311,1789657524.898,3.2140,-424.486,270.351,-422.922,267.543
denied,24.409,1789657524.996,3.3482,-425.323,269.177,-423.706,266.246
denied,24.521,1789657525.108,3.5574,-426.187,267.880,-424.633,264.681
denied,24.626,1789657525.213,3.6419,-426.891,266.767,-425.333,263.475
denied,24.719,1789657525.306,3.6836,-427.635,265.538,-426.055,262.211
denied,24.819,1789657525.406,3.6852,-428.422,264.197,-426.797,260.889
denied,24.919,1789657525.506,3.6733,-429.128,262.948,-427.472,259.669
denied,25.019,1789657525.606,3.7629,-429.878,261.587,-428.283,258.179
denied,25.119,1789657525.706,3.8183,-430.554,260.331,-428.998,256.844
denied,25.224,1789657525.811,3.7253,-431.272,258.965,-429.650,255.612
denied,25.324,1789657525.911,3.7371,-431.924,257.701,-430.323,254.324
denied,25.435,1789657526.022,3.8714,-432.618,256.337,-431.128,252.764
denied,25.535,1789657526.122,3.9335,-433.253,255.077,-431.816,251.416
denied,25.635,1789657526.222,3.9946,-433.879,253.813,-432.498,250.065
denied,25.735,1789657526.322,3.9283,-434.552,252.435,-433.148,248.767
denied,25.836,1789657526.423,3.9393,-435.170,251.157,-433.793,247.466
denied,25.935,1789657526.522,3.9916,-435.781,249.876,-434.461,246.109
denied,26.035,1789657526.622,3.7973,-436.544,248.273,-435.125,244.751
denied,26.138,1789657526.725,3.8467,-437.148,246.989,-435.785,243.392
denied,26.235,1789657526.822,3.7874,-437.792,245.613,-436.415,242.085
denied,26.335,1789657526.922,3.8027,-438.380,244.337,-437.042,240.778
denied,26.435,1789657527.022,3.9487,-439.017,242.952,-437.796,239.197
denied,26.535,1789657527.122,3.9692,-439.602,241.675,-438.417,237.887
denied,26.636,1789657527.223,3.9495,-440.235,240.294,-439.062,236.522
denied,26.735,1789657527.322,4.0082,-440.818,239.007,-439.705,235.156
denied,26.835,1789657527.422,4.0239,-441.345,237.687,-440.345,233.790
denied,26.935,1789657527.522,4.1423,-441.733,236.546,-440.958,232.477
denied,27.035,1789657527.622,4.1968,-442.216,235.259,-441.595,231.108
denied,27.135,1789657527.722,4.2730,-442.702,234.039,-442.205,229.794
denied,27.235,1789657527.822,4.2342,-443.259,232.691,-442.815,228.480
denied,27.335,1789657527.922,4.4918,-443.793,231.431,-443.525,226.947
denied,27.435,1789657528.022,4.4806,-444.388,230.052,-444.160,225.577
denied,27.535,1789657528.122,4.5120,-444.948,228.771,-444.769,224.263
denied,27.635,1789657528.222,4.5923,-445.514,227.484,-445.404,222.893
denied,27.736,1789657528.322,4.5612,-446.084,226.193,-445.987,221.633
denied,27.835,1789657528.422,4.5292,-446.705,224.792,-446.621,220.263
denied,27.935,1789657528.522,4.6144,-447.280,223.508,-447.255,218.894
denied,28.035,1789657528.622,4.5864,-447.901,222.110,-447.889,217.524
denied,28.136,1789657528.723,5.0705,-448.006,221.025,-448.598,215.989
denied,28.235,1789657528.822,5.6079,-447.847,220.053,-449.230,214.618
denied,28.335,1789657528.922,6.1517,-447.734,219.083,-449.836,213.302
denied,28.435,1789657529.022,6.5930,-447.789,217.956,-450.469,211.932
denied,28.535,1789657529.122,6.9432,-447.996,216.839,-451.080,210.618
denied,28.635,1789657529.222,6.7123,-448.563,215.175,-451.722,209.253
denied,28.735,1789657529.322,6.3019,-449.240,213.360,-452.369,207.890
denied,28.836,1789657529.423,5.7203,-449.991,211.382,-453.022,206.531
denied,28.936,1789657529.523,5.2555,-450.656,209.545,-453.655,205.229
denied,29.036,1789657529.623,4.9561,-451.330,207.530,-454.426,203.659
denied,29.135,1789657529.722,4.6385,-451.941,205.788,-455.068,202.362
denied,29.235,1789657529.822,4.3620,-452.601,204.041,-455.742,201.014
denied,29.335,1789657529.922,4.2933,-453.211,202.521,-456.420,199.669
denied,29.435,1789657530.022,4.1574,-453.873,200.944,-457.103,198.326
denied,29.536,1789657530.123,4.1726,-454.486,199.536,-457.789,196.986
denied,29.635,1789657530.222,4.1005,-455.152,198.045,-458.479,195.647
denied,29.736,1789657530.322,3.9946,-455.820,196.579,-459.143,194.362
denied,29.835,1789657530.422,4.0062,-456.438,195.242,-459.810,193.079
denied,29.935,1789657530.522,4.2341,-457.057,193.916,-460.591,191.582
denied,30.040,1789657530.627,3.9501,-457.736,192.401,-461.177,190.460
denied,30.151,1789657530.738,4.1441,-458.376,190.945,-461.987,188.911
denied,30.253,1789657530.840,3.9350,-459.079,189.377,-462.630,187.682
denied,30.351,1789657530.938,3.9395,-459.732,187.954,-463.328,186.345
denied,30.451,1789657531.037,3.9241,-460.415,186.545,-464.026,185.008
denied,30.551,1789657531.138,3.7848,-461.197,185.045,-464.723,183.670
denied,30.651,1789657531.238,3.6855,-461.945,183.692,-465.391,182.385
denied,30.751,1789657531.337,3.5292,-462.769,182.254,-466.085,181.046
denied,30.851,1789657531.438,3.4419,-463.515,180.938,-466.748,179.758
denied,30.951,1789657531.538,3.3395,-464.281,179.511,-467.436,178.415
denied,31.051,1789657531.638,3.5333,-464.956,178.189,-468.227,176.854
denied,31.151,1789657531.738,3.4314,-465.660,176.754,-468.877,175.560
denied,31.251,1789657531.838,3.3909,-466.291,175.426,-469.495,174.317
denied,31.351,1789657531.938,3.3632,-466.956,173.982,-470.161,172.962
denied,31.451,1789657532.038,3.4257,-467.557,172.646,-470.821,171.605
denied,31.551,1789657532.138,3.4136,-468.196,171.195,-471.475,170.244
denied,31.654,1789657532.241,3.5275,-468.823,169.739,-472.199,168.716
denied,31.751,1789657532.338,3.6007,-469.393,168.392,-472.839,167.348
denied,31.851,1789657532.438,3.6351,-469.956,167.042,-473.448,166.033
denied,31.951,1789657532.538,3.6510,-470.548,165.603,-474.075,164.659
denied,32.051,1789657532.638,3.6775,-471.082,164.295,-474.647,163.393
denied,32.151,1789657532.738,3.7196,-471.648,162.893,-475.262,162.014
denied,32.251,1789657532.838,3.9893,-472.161,161.605,-475.967,160.411
denied,32.351,1789657532.938,3.9986,-472.709,160.211,-476.545,159.082
denied,32.451,1789657533.038,4.0767,-473.211,158.917,-477.117,157.750
denied,32.552,1789657533.139,4.1569,-473.706,157.624,-477.683,156.415
denied,32.651,1789657533.238,4.2047,-474.237,156.221,-478.267,155.022
denied,32.752,1789657533.339,4.3223,-474.721,154.922,-478.845,153.627
denied,32.851,1789657533.438,4.2918,-475.241,153.506,-479.371,152.340
denied,32.951,1789657533.538,4.5594,-475.716,152.198,-480.028,150.715
denied,33.051,1789657533.637,4.5270,-476.224,150.781,-480.543,149.424
denied,33.151,1789657533.738,4.6060,-476.686,149.473,-481.075,148.075
denied,33.251,1789657533.837,4.6506,-477.183,148.051,-481.623,146.666
denied,33.351,1789657533.938,4.7233,-477.638,146.727,-482.144,145.312
denied,33.451,1789657534.038,4.8765,-478.124,145.286,-482.745,143.729
denied,33.552,1789657534.139,4.9462,-478.569,143.955,-483.254,142.370
denied,33.651,1789657534.238,4.9842,-479.045,142.509,-483.779,140.952
denied,33.751,1789657534.338,5.0914,-479.478,141.171,-484.298,139.531
denied,33.851,1789657534.438,5.0897,-479.944,139.717,-484.791,138.166
denied,33.951,1789657534.538,5.3078,-480.368,138.374,-485.360,136.571
denied,34.051,1789657534.638,5.3051,-480.821,136.915,-485.841,135.201
denied,34.151,1789657534.738,5.3710,-481.235,135.566,-486.318,133.830
denied,34.253,1789657534.840,5.4044,-481.678,134.098,-486.809,132.400
denied,34.351,1789657534.938,5.5086,-482.081,132.749,-487.294,130.968
denied,34.451,1789657535.038,5.5429,-482.513,131.281,-487.773,129.534
denied,34.551,1789657535.137,5.6094,-482.906,129.926,-488.228,128.156
denied,34.651,1789657535.237,5.7125,-483.294,128.572,-488.697,126.718
denied,34.751,1789657535.338,5.7466,-483.709,127.099,-489.160,125.279
denied,34.850,1789657535.437,5.8497,-484.087,125.744,-489.618,123.839
denied,34.951,1789657535.538,5.8512,-484.491,124.273,-490.052,122.454
denied,35.051,1789657535.638,6.0975,-484.860,122.915,-490.571,120.778
denied,35.151,1789657535.737,6.0259,-485.253,121.442,-490.959,119.506
denied,35.251,1789657535.838,6.1631,-485.611,120.079,-491.413,118.000
denied,35.351,1789657535.937,6.1941,-485.965,118.718,-491.810,116.667
denied,35.451,1789657536.038,6.2317,-486.342,117.239,-492.236,115.215
denied,35.551,1789657536.138,6.4763,-486.687,115.873,-492.725,113.530
denied,35.651,1789657536.238,6.4393,-487.054,114.389,-493.107,112.192
denied,35.751,1789657536.338,6.5057,-487.387,113.017,-493.501,110.794
denied,35.851,1789657536.438,6.6461,-487.743,111.523,-493.955,109.161
denied,35.951,1789657536.538,6.6748,-488.066,110.142,-494.323,107.819
denied,36.052,1789657536.639,6.7109,-488.409,108.646,-494.718,106.358
denied,36.152,1789657536.739,6.8806,-488.723,107.265,-495.139,104.780
denied,36.251,1789657536.838,6.9804,-489.032,105.880,-495.524,103.317
denied,36.351,1789657536.938,7.0099,-489.334,104.494,-495.874,101.970
denied,36.451,1789657537.038,7.0448,-489.660,102.996,-496.249,100.505
denied,36.551,1789657537.137,7.1107,-489.955,101.615,-496.605,99.097
denied,36.651,1789657537.238,7.1149,-490.270,100.120,-496.956,97.689
denied,36.752,1789657537.339,7.3526,-490.557,98.738,-497.375,95.986
denied,36.851,1789657537.438,7.3547,-490.863,97.242,-497.717,94.575
denied,36.951,1789657537.538,7.4558,-491.140,95.858,-498.069,93.105
denied,37.051,1789657537.638,7.4581,-491.437,94.359,-498.402,91.692
denied,37.152,1789657537.739,7.5249,-491.705,92.975,-498.730,90.278
denied,37.251,1789657537.838,7.5715,-492.013,91.365,-499.095,88.687
denied,37.351,1789657537.938,7.6110,-492.297,89.871,-499.428,87.212
denied,37.451,1789657538.037,7.6781,-492.555,88.492,-499.744,85.795
denied,37.551,1789657538.138,7.8467,-492.805,87.106,-500.094,84.199
denied,37.651,1789657538.238,7.8196,-493.072,85.601,-500.388,82.839
denied,37.751,1789657538.337,7.8882,-493.312,84.208,-500.691,81.419
denied,37.851,1789657538.438,7.8988,-493.568,82.701,-500.989,79.998
denied,37.951,1789657538.538,7.9988,-493.800,81.308,-501.296,78.516
denied,38.053,1789657538.640,8.1713,-494.045,79.794,-501.646,76.797
denied,38.151,1789657538.738,8.2731,-494.265,78.394,-501.943,75.314
denied,38.251,1789657538.838,8.3138,-494.501,76.877,-502.236,73.830
denied,38.352,1789657538.939,8.3836,-494.714,75.479,-502.513,72.405
denied,38.452,1789657539.039,8.4527,-494.924,74.084,-502.786,70.979
denied,38.551,1789657539.138,8.4628,-495.150,72.574,-503.055,69.552
denied,38.652,1789657539.239,8.6948,-495.351,71.179,-503.375,67.828
denied,38.751,1789657539.338,8.6437,-495.571,69.600,-503.624,66.460
denied,38.850,1789657539.437,8.7440,-495.763,68.197,-503.891,64.972
denied,38.951,1789657539.538,8.7889,-495.967,66.679,-504.154,63.484
denied,39.051,1789657539.638,8.8584,-496.152,65.281,-504.402,62.055
denied,39.151,1789657539.738,8.8721,-496.350,63.767,-504.647,60.625
denied,39.251,1789657539.838,8.9752,-496.522,62.360,-504.898,59.135
denied,39.351,1789657539.937,9.0200,-496.709,60.840,-505.144,57.645
denied,39.451,1789657540.038,9.0903,-496.876,59.435,-505.377,56.214
denied,39.551,1789657540.138,9.1387,-497.053,57.918,-505.615,54.723
denied,39.651,1789657540.238,9.2978,-497.218,56.522,-505.868,53.112
denied,39.751,1789657540.338,9.3434,-497.391,55.011,-506.098,51.620
denied,39.851,1789657540.438,9.4465,-497.544,53.613,-506.324,50.128
denied,39.952,1789657540.539,9.5513,-497.711,52.102,-506.563,48.515
denied,40.061,1789657540.648,9.5620,-497.857,50.704,-506.754,47.201
denied,40.164,1789657540.751,9.7324,-498.007,49.185,-507.001,45.468
denied,40.260,1789657540.847,9.6821,-498.145,47.781,-507.169,44.272
denied,40.361,1789657540.948,9.8199,-498.286,46.258,-507.399,42.598
denied,40.461,1789657541.047,9.9241,-498.413,44.857,-507.599,41.103
denied,40.560,1789657541.147,9.9706,-498.550,43.339,-507.796,39.607
denied,40.661,1789657541.248,10.0141,-498.671,41.938,-507.973,38.231
denied,40.761,1789657541.348,10.0648,-498.798,40.424,-508.162,36.734
denied,40.861,1789657541.448,10.1863,-498.908,39.145,-508.339,35.297
denied,40.962,1789657541.549,10.4096,-499.019,37.750,-508.549,33.561
denied,41.060,1789657541.647,10.4558,-499.138,36.238,-508.725,32.063
denied,41.161,1789657541.748,10.5268,-499.244,34.841,-508.890,30.625
denied,41.261,1789657541.848,10.5473,-499.349,33.324,-509.051,29.186
denied,41.361,1789657541.947,10.6212,-499.440,31.919,-509.208,27.747
denied,41.460,1789657542.047,10.7237,-499.530,30.517,-509.368,26.248
denied,41.562,1789657542.149,10.7748,-499.623,29.001,-509.523,24.749
denied,41.660,1789657542.247,10.8753,-499.711,27.608,-509.675,23.249
denied,41.764,1789657542.351,11.0426,-499.801,26.099,-509.845,21.509
denied,41.861,1789657542.448,11.1177,-499.877,24.705,-509.982,20.069
denied,41.960,1789657542.547,11.1059,-499.958,23.194,-510.109,18.688
denied,42.061,1789657542.647,11.1763,-500.035,21.810,-510.238,17.247
denied,42.163,1789657542.750,11.1677,-500.116,20.318,-510.358,15.866
denied,42.274,1789657542.861,11.2948,-500.188,18.936,-510.489,14.303
denied,42.379,1789657542.966,11.4560,-500.251,17.551,-510.620,12.680
denied,42.482,1789657543.069,11.5083,-500.309,16.043,-510.738,11.177
denied,42.579,1789657543.166,11.5802,-500.362,14.651,-510.846,9.733
denied,42.679,1789657543.266,11.6033,-500.410,13.141,-510.950,8.288
denied,42.780,1789657543.367,11.7249,-500.451,11.513,-511.070,6.542
denied,42.879,1789657543.466,11.7970,-500.491,10.121,-511.165,5.097
denied,42.979,1789657543.565,11.8200,-500.527,8.611,-511.256,3.651
denied,43.079,1789657543.666,11.8729,-500.543,7.207,-511.339,2.266
denied,43.179,1789657543.766,12.0422,-500.559,5.681,-511.439,0.519
denied,43.279,1789657543.865,12.1203,-500.570,4.276,-511.516,-0.927
denied,43.379,1789657543.966,12.2274,-500.578,2.876,-511.593,-2.433
denied,43.480,1789657544.066,12.3219,-500.593,1.600,-511.660,-3.818
denied,43.581,1789657544.168,12.4603,-500.606,0.098,-511.736,-5.504
denied,43.679,1789657544.266,12.5301,-500.622,-1.282,-511.797,-6.949
denied,43.779,1789657544.366,12.5506,-500.627,-2.784,-511.854,-8.395
denied,43.879,1789657544.466,12.6250,-500.628,-4.168,-511.907,-9.840
denied,43.979,1789657544.566,12.6687,-500.635,-5.665,-511.958,-11.346
denied,44.078,1789657544.665,12.7401,-500.630,-7.050,-512.003,-12.792
denied,44.179,1789657544.766,12.7945,-500.614,-8.551,-512.046,-14.298
denied,44.279,1789657544.866,12.9611,-500.588,-9.944,-512.086,-15.924
denied,44.379,1789657544.965,13.0459,-500.557,-11.452,-512.121,-17.491
denied,44.479,1789657545.066,13.1558,-500.522,-12.843,-512.149,-18.997
denied,44.587,1789657545.174,13.2356,-500.484,-14.233,-512.172,-20.443
denied,44.683,1789657545.270,13.4552,-500.449,-15.504,-512.194,-22.070
denied,44.782,1789657545.369,13.5668,-500.405,-16.888,-512.209,-23.576
denied,44.884,1789657545.471,13.5319,-500.357,-18.389,-512.219,-24.901
denied,44.983,1789657545.570,13.7324,-500.301,-19.779,-512.226,-26.588
denied,45.083,1789657545.670,13.7713,-500.225,-21.344,-512.229,-28.093
denied,45.187,1789657545.774,13.7708,-500.157,-22.848,-512.227,-29.478
denied,45.283,1789657545.869,13.8830,-500.088,-24.236,-512.221,-30.983
denied,45.388,1789657545.975,13.9197,-500.007,-25.734,-512.211,-32.428
denied,45.483,1789657546.070,14.0946,-499.930,-27.227,-512.194,-34.173
denied,45.583,1789657546.170,14.1787,-499.853,-28.604,-512.176,-35.617
denied,45.685,1789657546.272,14.2125,-499.766,-30.095,-512.155,-37.061
denied,45.783,1789657546.369,14.2939,-499.686,-31.471,-512.129,-38.505
denied,45.883,1789657546.470,14.3054,-499.584,-32.962,-512.101,-39.888
denied,45.983,1789657546.570,14.4504,-499.488,-34.336,-512.065,-41.452
denied,46.088,1789657546.675,14.4897,-499.382,-35.822,-512.028,-42.895
denied,46.187,1789657546.774,14.5816,-499.276,-37.193,-511.987,-44.339
denied,46.287,1789657546.873,14.7691,-499.152,-38.681,-511.933,-46.083
denied,46.387,1789657546.974,14.8911,-499.036,-40.054,-511.881,-47.586
denied,46.487,1789657547.074,14.9606,-498.909,-41.429,-511.831,-48.969
denied,46.587,1789657547.174,15.1746,-498.779,-42.800,-511.764,-50.652
denied,46.687,1789657547.274,15.2432,-498.650,-44.168,-511.706,-52.034
denied,46.787,1789657547.374,15.3167,-498.511,-45.537,-511.645,-53.416
denied,46.887,1789657547.474,15.4172,-498.330,-47.248,-511.563,-55.159
denied,46.987,1789657547.574,15.5196,-498.182,-48.617,-511.491,-56.600
denied,47.087,1789657547.673,15.6095,-498.023,-50.078,-511.413,-58.102
denied,47.187,1789657547.774,15.7219,-497.867,-51.430,-511.334,-59.543
denied,47.287,1789657547.874,15.7876,-497.693,-52.896,-511.252,-60.983
denied,47.387,1789657547.974,15.9297,-497.524,-54.253,-511.163,-62.484
denied,47.487,1789657548.074,16.1103,-497.337,-55.722,-511.059,-64.164
denied,47.587,1789657548.174,16.2233,-497.163,-57.079,-510.966,-65.604
denied,47.687,1789657548.273,16.3237,-496.963,-58.549,-510.866,-67.103
denied,47.787,1789657548.374,16.4451,-496.770,-59.911,-510.767,-68.543
denied,47.887,1789657548.474,16.5516,-496.549,-61.391,-510.661,-70.041
denied,47.988,1789657548.574,16.6557,-496.335,-62.755,-510.560,-71.420
denied,48.087,1789657548.674,16.8103,-496.125,-64.116,-510.447,-72.917
denied,48.187,1789657548.774,17.0353,-495.889,-65.588,-510.312,-74.654
denied,48.288,1789657548.875,17.1687,-495.668,-66.943,-510.197,-76.090
denied,48.387,1789657548.974,17.2542,-495.433,-68.405,-510.080,-77.526
denied,48.487,1789657549.074,17.4166,-495.207,-69.756,-509.955,-79.020
denied,48.587,1789657549.174,17.5587,-494.966,-71.112,-509.832,-80.455
denied,48.687,1789657549.274,17.8566,-494.741,-72.356,-509.686,-82.128
denied,48.787,1789657549.374,18.0313,-494.490,-73.708,-509.553,-83.621
denied,48.887,1789657549.474,18.0503,-494.168,-75.454,-509.417,-85.113
denied,48.988,1789657549.575,18.1732,-493.912,-76.800,-509.289,-86.485
denied,49.087,1789657549.674,18.3552,-493.638,-78.212,-509.143,-88.036
denied,49.187,1789657549.774,18.5948,-493.398,-79.410,-509.000,-89.526
denied,49.290,1789657549.877,18.7541,-493.142,-80.726,-508.860,-90.956
denied,49.388,1789657549.975,18.9605,-492.855,-82.152,-508.701,-92.564
denied,49.487,1789657550.074,19.0411,-492.544,-83.691,-508.557,-93.994
denied,49.587,1789657550.173,19.2128,-492.268,-85.007,-508.412,-95.423
denied,49.688,1789657550.275,19.3751,-491.958,-86.438,-508.258,-96.911
denied,49.789,1789657550.376,19.5881,-491.657,-87.759,-508.103,-98.400
denied,49.887,1789657550.474,19.7356,-491.326,-89.195,-507.952,-99.829
denied,49.987,1789657550.574,19.9303,-491.008,-90.520,-507.799,-101.257
denied,50.087,1789657550.674,20.2321,-490.652,-91.951,-507.612,-102.983
denied,50.187,1789657550.774,20.4028,-490.330,-93.272,-507.462,-104.352
denied,50.287,1789657550.874,20.6052,-489.965,-94.697,-507.298,-105.839
denied,50.387,1789657550.974,20.8194,-489.623,-96.014,-507.140,-107.266
denied,50.487,1789657551.074,21.0218,-489.259,-97.434,-506.974,-108.753
denied,50.588,1789657551.175,21.2685,-488.916,-98.737,-506.806,-110.239
denied,50.687,1789657551.274,21.4784,-488.549,-100.145,-506.638,-111.725
denied,50.787,1789657551.374,21.7250,-488.210,-101.440,-506.470,-113.211
denied,50.887,1789657551.474,21.9189,-487.833,-102.843,-506.307,-114.638
denied,50.988,1789657551.575,22.1837,-487.472,-104.135,-506.137,-116.124
denied,51.091,1789657551.678,22.5547,-487.111,-105.431,-505.940,-117.848
denied,51.188,1789657551.774,22.7753,-486.699,-106.833,-505.776,-119.275
denied,51.287,1789657551.874,23.0016,-486.321,-108.126,-505.618,-120.643
denied,51.387,1789657551.974,23.2281,-485.901,-109.530,-505.454,-122.069
denied,51.487,1789657552.074,23.6092,-485.497,-110.822,-505.262,-123.734
denied,51.588,1789657552.175,23.8977,-485.110,-112.110,-505.091,-125.219
denied,51.687,1789657552.274,24.1362,-484.686,-113.498,-504.927,-126.645
denied,51.789,1789657552.376,24.4144,-484.286,-114.777,-504.763,-128.071
denied,51.887,1789657552.474,24.7557,-483.870,-116.161,-504.573,-129.734
denied,51.987,1789657552.574,25.0356,-483.474,-117.432,-504.410,-131.160
denied,52.087,1789657552.674,25.3171,-483.077,-118.703,-504.249,-132.586
denied,52.187,1789657552.774,25.5953,-482.686,-119.972,-504.087,-134.011
denied,52.287,1789657552.874,25.8813,-482.252,-121.342,-503.920,-135.497
denied,52.387,1789657552.973,24.6737,-483.130,-123.438,-503.754,-136.983
denied,52.487,1789657553.074,19.4426,-487.214,-127.938,-503.595,-138.409
denied,52.588,1789657553.174,16.1168,-489.958,-131.255,-503.408,-140.134
denied,52.687,1789657553.274,13.5729,-491.831,-134.162,-503.248,-141.501
denied,52.787,1789657553.374,10.4274,-494.182,-137.409,-503.070,-142.862
denied,52.887,1789657553.474,8.0804,-495.844,-140.304,-502.850,-144.331
denied,52.987,1789657553.574,6.6799,-496.804,-142.576,-502.562,-145.963
denied,53.087,1789657553.674,5.6069,-497.377,-144.586,-502.287,-147.293
denied,53.188,1789657553.775,4.8282,-497.680,-146.557,-501.899,-148.904
denied,53.287,1789657553.874,4.3017,-497.740,-148.242,-501.500,-150.333
denied,53.387,1789657553.974,3.8937,-497.599,-149.932,-501.070,-151.696
denied,53.487,1789657554.074,3.6711,-497.317,-151.393,-500.594,-153.048
denied,53.587,1789657554.174,3.5211,-496.885,-152.894,-500.074,-154.387
denied,53.688,1789657554.275,3.4568,-496.392,-154.220,-499.511,-155.711
denied,53.787,1789657554.374,3.4424,-495.774,-155.610,-498.779,-157.289
denied,53.888,1789657554.475,3.4570,-495.139,-156.859,-498.107,-158.631
denied,53.987,1789657554.574,3.4913,-494.391,-158.185,-497.430,-159.903
denied,54.087,1789657554.674,3.5435,-493.657,-159.386,-496.724,-161.160
denied,54.187,1789657554.774,3.6054,-492.890,-160.568,-495.993,-162.403
denied,54.287,1789657554.874,3.6819,-492.029,-161.829,-495.240,-163.633
denied,54.392,1789657554.979,3.7528,-491.210,-162.979,-494.271,-165.151
denied,54.487,1789657555.074,3.8259,-490.372,-164.118,-493.477,-166.353
denied,54.587,1789657555.174,3.8697,-489.414,-165.452,-492.668,-167.545
denied,54.687,1789657555.273,3.8353,-488.574,-166.723,-491.813,-168.776
denied,54.787,1789657555.374,3.7283,-487.849,-167.935,-491.017,-169.900
denied,54.888,1789657555.475,3.6335,-487.030,-169.221,-490.037,-171.260
denied,54.995,1789657555.582,3.5718,-486.189,-170.497,-489.260,-172.322
denied,55.094,1789657555.681,3.5070,-485.395,-171.663,-488.369,-173.522
denied,55.194,1789657555.781,3.4512,-484.581,-172.816,-487.363,-174.859
denied,55.294,1789657555.881,1.1677,-485.666,-175.188,-486.459,-176.046
denied,55.395,1789657555.982,0.7730,-486.392,-177.211,-485.623,-177.134
denied,55.494,1789657556.081,2.6870,-487.177,-179.407,-484.745,-178.265
denied,55.594,1789657556.181,5.0863,-488.357,-181.728,-483.817,-179.434
denied,55.694,1789657556.281,7.0545,-489.105,-183.925,-482.912,-180.545
denied,55.794,1789657556.381,8.4592,-489.347,-185.681,-481.794,-181.871
denied,55.894,1789657556.481,10.1037,-489.725,-187.739,-480.805,-182.994
denied,55.994,1789657556.581,11.7804,-490.136,-189.764,-479.831,-184.055
denied,56.094,1789657556.681,13.2022,-490.261,-191.739,-478.877,-185.053
denied,56.199,1789657556.786,14.1985,-490.057,-193.309,-477.815,-186.117
denied,56.300,1789657556.886,14.9508,-489.590,-194.809,-476.771,-187.116
denied,56.400,1789657556.987,15.5166,-488.999,-196.057,-475.658,-188.133
denied,56.500,1789657557.087,16.0637,-488.234,-197.297,-474.290,-189.320
denied,56.600,1789657557.187,16.4229,-487.450,-198.363,-473.173,-190.245
denied,56.699,1789657557.286,16.7095,-486.539,-199.451,-472.038,-191.148
denied,56.800,1789657557.387,16.9856,-485.662,-200.407,-470.886,-192.030
denied,56.901,1789657557.488,17.2149,-484.685,-201.402,-469.720,-192.893
denied,56.999,1789657557.586,17.5674,-483.766,-202.289,-468.344,-193.877
denied,57.100,1789657557.687,17.7382,-482.696,-203.248,-467.152,-194.703
denied,57.200,1789657557.787,17.8631,-481.632,-204.126,-466.001,-195.480
denied,57.299,1789657557.886,17.9671,-480.428,-205.069,-464.740,-196.311
denied,57.399,1789657557.986,18.0872,-479.272,-205.933,-463.473,-197.128
denied,57.500,1789657558.087,18.1080,-477.990,-206.854,-462.250,-197.901
denied,57.600,1789657558.187,18.1939,-476.786,-207.693,-460.971,-198.698
denied,57.700,1789657558.287,18.3336,-475.470,-208.588,-459.484,-199.612
denied,57.799,1789657558.386,18.3906,-474.234,-209.402,-458.200,-200.394
denied,57.901,1789657558.488,18.3819,-472.995,-210.202,-457.019,-201.110
denied,58.000,1789657558.587,18.3321,-471.646,-211.050,-455.786,-201.856
denied,58.100,1789657558.686,18.4411,-470.395,-211.816,-454.350,-202.726
denied,58.205,1789657558.791,18.3296,-469.034,-212.627,-453.172,-203.443
denied,58.305,1789657558.892,18.2575,-467.769,-213.358,-451.997,-204.161
denied,58.404,1789657558.991,18.2760,-466.394,-214.130,-450.520,-205.073
denied,58.505,1789657559.092,18.1948,-465.124,-214.819,-449.303,-205.834
denied,58.604,1789657559.191,18.0355,-463.750,-215.551,-448.091,-206.602
denied,58.705,1789657559.291,17.9158,-462.478,-216.200,-446.885,-207.377
denied,58.805,1789657559.392,17.7511,-461.112,-216.890,-445.637,-208.195
denied,58.905,1789657559.492,17.6429,-459.864,-217.512,-444.396,-209.025
denied,59.004,1789657559.591,17.4238,-458.518,-218.163,-443.215,-209.833
denied,59.104,1789657559.691,17.4091,-457.292,-218.767,-441.799,-210.826
denied,59.205,1789657559.792,17.1696,-455.968,-219.398,-440.639,-211.663
denied,59.304,1789657559.891,16.9994,-454.761,-219.981,-439.490,-212.514
denied,59.404,1789657559.991,16.8267,-453.569,-220.564,-438.353,-213.380
denied,59.505,1789657560.092,16.5861,-452.298,-221.191,-437.229,-214.261
denied,59.605,1789657560.192,16.4468,-451.148,-221.771,-436.072,-215.196
denied,59.705,1789657560.292,16.3594,-449.929,-222.405,-434.750,-216.303
denied,59.804,1789657560.391,16.2360,-448.821,-223.003,-433.628,-217.277
denied,59.905,1789657560.492,16.0863,-447.732,-223.596,-432.567,-218.228
denied,60.004,1789657560.591,15.8914,-446.585,-224.263,-431.523,-219.196
denied,60.105,1789657560.692,15.7328,-445.543,-224.869,-430.538,-220.140
denied,60.204,1789657560.791,15.7017,-444.448,-225.553,-429.318,-221.352
denied,60.305,1789657560.892,15.6391,-443.462,-226.200,-428.288,-222.416
denied,60.405,1789657560.992,15.5190,-442.417,-226.908,-427.277,-223.497
denied,60.505,1789657561.092,15.4855,-441.480,-227.590,-426.287,-224.596
denied,60.605,1789657561.192,15.3648,-440.487,-228.326,-425.354,-225.667
denied,60.704,1789657561.291,15.3201,-439.590,-229.029,-424.440,-226.752
denied,60.804,1789657561.391,15.2603,-438.718,-229.743,-423.581,-227.807
denied,60.905,1789657561.492,15.2040,-437.792,-230.515,-422.667,-228.967
denied,61.005,1789657561.592,15.3521,-436.955,-231.248,-421.631,-230.332
denied,61.105,1789657561.691,15.3541,-436.138,-231.994,-420.793,-231.476
denied,61.205,1789657561.792,15.2950,-435.266,-232.821,-419.972,-232.633
denied,61.304,1789657561.891,15.3065,-434.473,-233.579,-419.168,-233.801
denied,61.404,1789657561.991,15.3317,-433.701,-234.362,-418.381,-234.982
denied,61.508,1789657562.095,15.4677,-432.873,-235.213,-417.452,-236.423
denied,61.606,1789657562.192,15.4039,-432.062,-236.066,-416.732,-237.577
denied,61.705,1789657562.292,15.3520,-431.246,-237.021,-415.996,-238.791
denied,61.805,1789657562.392,15.5215,-430.458,-237.846,-415.127,-240.272
denied,61.905,1789657562.492,15.4356,-429.746,-238.649,-414.540,-241.301
denied,62.005,1789657562.592,15.5441,-429.051,-239.495,-413.820,-242.596
denied,62.105,1789657562.692,15.5413,-428.303,-240.428,-413.143,-243.849
denied,62.206,1789657562.793,15.8154,-427.623,-241.296,-412.342,-245.374
denied,62.305,1789657562.892,15.8283,-426.901,-242.252,-411.695,-246.645
denied,62.410,1789657562.997,15.9127,-426.237,-243.144,-411.059,-247.924
denied,62.510,1789657563.097,16.0469,-425.584,-244.040,-410.410,-249.263
denied,62.611,1789657563.198,16.3149,-424.941,-244.954,-409.699,-250.772
denied,62.716,1789657563.303,16.2971,-424.196,-246.046,-409.076,-252.127
denied,62.811,1789657563.398,16.4118,-423.562,-246.942,-408.488,-253.434
denied,62.910,1789657563.497,16.5772,-422.938,-247.852,-407.887,-254.801
denied,63.010,1789657563.597,16.6096,-422.266,-248.874,-407.320,-256.120
denied,63.114,1789657563.701,16.7250,-421.655,-249.835,-406.761,-257.444
denied,63.234,1789657563.821,16.8096,-421.000,-250.880,-406.189,-258.828
denied,63.335,1789657563.922,16.9251,-420.398,-251.864,-405.647,-260.162
denied,63.434,1789657564.021,17.0060,-419.755,-252.945,-405.091,-261.557
denied,63.534,1789657564.121,17.3629,-419.167,-253.958,-404.456,-263.181
denied,63.642,1789657564.228,17.3472,-418.531,-255.060,-403.959,-264.472
denied,63.742,1789657564.329,17.4672,-417.950,-256.090,-403.447,-265.824
denied,63.841,1789657564.428,17.5484,-417.324,-257.213,-402.919,-267.235
denied,63.941,1789657564.528,17.6665,-416.747,-258.260,-402.418,-268.593
denied,64.042,1789657564.629,17.9433,-416.129,-259.413,-401.818,-270.237
denied,64.142,1789657564.729,18.0611,-415.559,-260.481,-401.327,-271.601
denied,64.241,1789657564.828,18.1352,-414.942,-261.648,-400.819,-273.023
denied,64.341,1789657564.928,18.2000,-414.377,-262.732,-400.354,-274.334
denied,64.442,1789657565.028,18.2697,-413.765,-263.918,-399.853,-275.760
denied,64.541,1789657565.128,18.4373,-413.200,-265.013,-399.354,-277.187
denied,64.645,1789657565.232,18.7237,-412.590,-266.203,-398.777,-278.844
denied,64.744,1789657565.331,18.8403,-412.026,-267.308,-398.302,-280.216
denied,64.842,1789657565.429,18.9703,-411.415,-268.505,-397.788,-281.703
denied,64.942,1789657565.528,19.0931,-410.853,-269.613,-397.315,-283.076
denied,65.041,1789657565.628,19.1702,-410.242,-270.818,-396.822,-284.507
denied,65.143,1789657565.730,19.2904,-409.678,-271.937,-396.349,-285.882
denied,65.242,1789657565.829,19.3105,-409.066,-273.153,-395.875,-287.256
denied,65.342,1789657565.929,19.4823,-408.499,-274.285,-395.380,-288.688
denied,65.443,1789657566.030,19.5434,-407.931,-275.420,-394.924,-290.006
denied,65.541,1789657566.128,19.5564,-407.293,-276.710,-394.427,-291.438
denied,65.642,1789657566.229,19.8656,-406.670,-277.925,-393.848,-293.099
denied,65.743,1789657566.330,19.9839,-406.095,-279.066,-393.367,-294.473
denied,65.851,1789657566.438,20.0480,-405.472,-280.316,-392.863,-295.903
denied,65.941,1789657566.528,20.2667,-404.943,-281.374,-392.377,-297.275
denied,66.042,1789657566.629,20.4409,-404.362,-282.526,-391.868,-298.704
denied,66.142,1789657566.729,20.4041,-403.684,-283.873,-391.355,-300.131
denied,66.242,1789657566.829,20.7616,-403.097,-285.019,-390.776,-301.729
denied,66.342,1789657566.929,20.7931,-402.453,-286.243,-390.276,-303.097
denied,66.442,1789657567.028,20.9702,-401.856,-287.399,-389.750,-304.522
denied,66.542,1789657567.129,21.0362,-401.207,-288.658,-389.220,-305.945
denied,66.642,1789657567.229,21.1561,-400.602,-289.815,-388.707,-307.310
denied,66.742,1789657567.329,21.2217,-399.992,-290.966,-388.211,-308.617
denied,66.842,1789657567.428,21.4732,-399.326,-292.217,-387.601,-310.206
denied,66.942,1789657567.528,21.5932,-398.705,-293.374,-387.072,-311.566
denied,67.042,1789657567.629,21.6040,-398.026,-294.628,-386.539,-312.925
denied,67.141,1789657567.728,21.7886,-397.396,-295.781,-385.977,-314.338
denied,67.241,1789657567.828,21.9770,-396.760,-296.930,-385.410,-315.750
denied,67.342,1789657567.929,22.0476,-396.121,-298.077,-384.883,-317.046
denied,67.442,1789657568.029,22.4179,-395.474,-299.225,-384.234,-318.622
denied,67.542,1789657568.128,22.4412,-394.767,-300.464,-383.672,-319.971
denied,67.641,1789657568.228,22.6346,-394.109,-301.608,-383.079,-321.373
denied,67.741,1789657568.328,22.6594,-393.391,-302.844,-382.505,-322.718
denied,67.841,1789657568.428,22.6385,-392.607,-304.169,-381.900,-324.115
denied,67.941,1789657568.528,22.7847,-391.933,-305.297,-381.313,-325.455
denied,68.042,1789657568.629,23.1710,-391.254,-306.429,-380.619,-327.015
denied,68.143,1789657568.730,23.3728,-390.559,-307.557,-379.993,-328.406
denied,68.242,1789657568.829,23.3977,-389.800,-308.786,-379.386,-329.738
denied,68.342,1789657568.929,23.7770,-389.092,-309.918,-378.669,-331.289
denied,68.442,1789657569.028,23.5616,-388.316,-311.137,-378.152,-332.394
denied,68.541,1789657569.128,24.0130,-387.603,-312.258,-377.394,-333.993
denied,68.642,1789657569.229,24.2229,-386.882,-313.374,-376.734,-335.369
denied,68.741,1789657569.328,24.3255,-386.090,-314.577,-376.066,-336.741
denied,68.842,1789657569.428,24.4792,-385.362,-315.686,-375.419,-338.055
denied,68.942,1789657569.529,24.5345,-384.572,-316.877,-374.766,-339.367
denied,69.042,1789657569.629,24.7033,-383.835,-317.969,-374.106,-340.676
denied,69.142,1789657569.729,24.8667,-383.092,-319.066,-373.439,-341.982
denied,69.243,1789657569.830,24.9806,-382.268,-320.249,-372.738,-343.340
denied,69.342,1789657569.929,25.2092,-381.505,-321.334,-372.030,-344.695
denied,69.442,1789657570.028,25.5760,-380.679,-322.508,-371.200,-346.263
denied,69.542,1789657570.129,25.7465,-379.902,-323.587,-370.507,-347.558
denied,69.642,1789657570.229,25.9206,-379.122,-324.660,-369.807,-348.849
denied,69.742,1789657570.328,26.0019,-378.242,-325.861,-369.071,-350.192
denied,69.841,1789657570.428,26.0732,-377.381,-327.015,-368.358,-351.477
denied,69.943,1789657570.530,26.3145,-376.580,-328.075,-367.609,-352.814
denied,70.042,1789657570.629,26.3941,-375.716,-329.221,-366.884,-354.093
denied,70.142,1789657570.729,25.2159,-375.046,-331.839,-366.123,-355.423
denied,70.241,1789657570.828,21.4397,-374.464,-337.342,-365.356,-356.751
denied,70.341,1789657570.928,18.5441,-373.854,-342.299,-364.459,-358.287
denied,70.442,1789657571.029,16.1655,-373.114,-346.411,-363.700,-359.552
denied,70.543,1789657571.129,14.6653,-372.366,-349.668,-362.885,-360.857
denied,70.641,1789657571.228,12.4731,-371.508,-353.932,-362.075,-362.093
denied,70.743,1789657571.330,11.0664,-370.885,-358.012,-361.198,-363.362
denied,70.842,1789657571.429,10.3407,-370.223,-361.758,-360.283,-364.609
denied,70.942,1789657571.529,10.2126,-369.493,-364.450,-359.368,-365.782
denied,71.042,1789657571.628,10.1922,-368.603,-366.766,-358.412,-366.928
denied,71.141,1789657571.728,10.5078,-367.710,-368.496,-357.205,-368.274
denied,71.242,1789657571.829,10.5803,-366.679,-370.048,-356.119,-369.397
denied,71.342,1789657571.929,10.6706,-365.679,-371.256,-355.040,-370.440
denied,71.442,1789657572.029,10.7038,-364.641,-372.302,-353.975,-371.407
denied,71.541,1789657572.128,10.6431,-363.435,-373.327,-352.833,-372.382
denied,71.643,1789657572.230,10.6635,-362.245,-374.223,-351.617,-373.363
denied,71.744,1789657572.331,11.0109,-361.125,-374.953,-350.124,-374.494
denied,71.842,1789657572.429,11.0173,-359.872,-375.671,-348.858,-375.401
denied,71.942,1789657572.529,11.0636,-358.690,-376.285,-347.626,-376.244
denied,72.043,1789657572.630,11.0087,-357.389,-376.910,-346.382,-377.062
denied,72.143,1789657572.729,11.1019,-356.168,-377.454,-345.074,-377.889
denied,72.242,1789657572.828,11.0368,-354.828,-378.014,-343.810,-378.662
denied,72.341,1789657572.928,11.0804,-353.583,-378.511,-342.540,-379.417
denied,72.442,1789657573.029,11.0843,-352.235,-379.031,-341.211,-380.186
denied,72.542,1789657573.129,11.2074,-350.996,-379.528,-339.878,-380.938
denied,72.643,1789657573.229,11.4631,-349.663,-380.083,-338.328,-381.795
denied,72.742,1789657573.329,11.5434,-348.432,-380.607,-337.044,-382.492
denied,72.841,1789657573.428,11.6291,-347.206,-381.132,-335.758,-383.181
denied,72.942,1789657573.529,11.6098,-345.883,-381.721,-334.473,-383.862
denied,73.041,1789657573.628,11.7624,-344.664,-382.246,-333.133,-384.565
denied,73.142,1789657573.729,11.8116,-343.346,-382.809,-331.793,-385.263
denied,73.241,1789657573.828,11.9695,-342.130,-383.327,-330.452,-385.956
denied,73.342,1789657573.928,12.0227,-340.813,-383.882,-329.112,-386.645
denied,73.442,1789657574.029,12.1864,-339.597,-384.390,-327.772,-387.333
denied,73.542,1789657574.129,12.1842,-338.280,-384.934,-326.485,-387.991
denied,73.642,1789657574.229,12.3526,-337.064,-385.431,-325.145,-388.676
denied,73.742,1789657574.329,12.5949,-335.749,-385.964,-323.644,-389.444
denied,73.842,1789657574.429,12.7751,-334.539,-386.452,-322.305,-390.131
denied,73.942,1789657574.528,12.7884,-333.225,-386.976,-321.020,-390.792
denied,74.042,1789657574.628,12.9125,-332.012,-387.455,-319.734,-391.455
denied,74.142,1789657574.729,13.1007,-330.799,-387.932,-318.396,-392.149
denied,74.242,1789657574.829,13.0648,-329.486,-388.444,-317.166,-392.791
denied,74.341,1789657574.928,13.3302,-328.171,-388.955,-315.669,-393.578
denied,74.442,1789657575.028,13.4682,-326.958,-389.424,-314.386,-394.257
denied,74.542,1789657575.129,13.4957,-325.637,-389.931,-313.106,-394.941
denied,74.641,1789657575.228,13.6976,-324.421,-390.400,-311.773,-395.660
denied,74.742,1789657575.328,13.7975,-323.107,-390.908,-310.443,-396.385
denied,74.842,1789657575.428,14.0096,-321.895,-391.375,-309.116,-397.116
denied,74.942,1789657575.529,14.2973,-320.583,-391.887,-307.632,-397.944
denied,75.042,1789657575.629,14.3949,-319.373,-392.359,-306.416,-398.631
denied,75.142,1789657575.729,14.5088,-318.064,-392.874,-305.098,-399.384
denied,75.242,1789657575.829,14.6116,-316.859,-393.356,-303.889,-400.085
denied,75.341,1789657575.928,14.9120,-315.552,-393.879,-302.421,-400.947
denied,75.442,1789657576.029,15.1909,-314.452,-394.325,-301.168,-401.693
denied,75.542,1789657576.129,15.1993,-313.157,-394.858,-299.970,-402.416
denied,75.641,1789657576.228,15.6817,-311.964,-395.354,-298.467,-403.337
denied,75.742,1789657576.329,15.7579,-310.676,-395.895,-297.227,-404.107
denied,75.842,1789657576.429,16.0528,-309.589,-396.352,-295.993,-404.886
denied,75.942,1789657576.529,16.2020,-308.310,-396.896,-294.712,-405.705
denied,76.041,1789657576.628,16.4614,-307.133,-397.400,-293.437,-406.532
denied,76.142,1789657576.729,16.5571,-305.861,-397.953,-292.218,-407.334
denied,76.241,1789657576.828,17.0033,-304.689,-398.469,-290.802,-408.280
denied,76.342,1789657576.929,17.1071,-303.427,-399.032,-289.595,-409.098
denied,76.442,1789657577.029,17.3127,-302.264,-399.565,-288.392,-409.924
denied,76.542,1789657577.129,17.5269,-301.107,-400.095,-287.196,-410.758
denied,76.644,1789657577.231,17.9382,-299.857,-400.685,-285.757,-411.774
denied,76.743,1789657577.330,18.0890,-298.705,-401.236,-284.622,-412.588
denied,76.841,1789657577.428,18.2001,-297.462,-401.839,-283.443,-413.445
denied,76.942,1789657577.529,18.4768,-296.321,-402.405,-282.220,-414.344
denied,77.041,1789657577.628,18.5973,-295.093,-403.020,-281.052,-415.214
denied,77.142,1789657577.729,18.7644,-293.966,-403.593,-279.937,-416.055
denied,77.242,1789657577.829,19.0369,-292.610,-404.301,-278.538,-417.123
denied,77.342,1789657577.929,19.1039,-291.399,-404.941,-277.433,-417.977
denied,77.443,1789657578.030,19.3343,-290.278,-405.532,-276.285,-418.874
denied,77.542,1789657578.129,19.6952,-289.066,-406.193,-274.952,-419.929
denied,77.642,1789657578.228,19.9265,-287.956,-406.801,-273.813,-420.839
denied,77.742,1789657578.328,20.1619,-286.850,-407.412,-272.679,-421.754
denied,77.842,1789657578.428,20.2967,-285.656,-408.083,-271.549,-422.676
denied,77.942,1789657578.529,20.7810,-284.560,-408.701,-270.236,-423.757
denied,78.042,1789657578.629,20.9606,-283.464,-409.328,-269.161,-424.650
denied,78.141,1789657578.728,21.1624,-282.282,-410.014,-267.995,-425.627
denied,78.242,1789657578.829,21.4656,-281.192,-410.652,-266.834,-426.608
denied,78.342,1789657578.929,21.8582,-280.016,-411.340,-265.536,-427.713
denied,78.441,1789657579.028,22.1610,-278.932,-411.991,-264.380,-428.705
denied,78.542,1789657579.129,22.3031,-277.755,-412.700,-263.273,-429.662
denied,78.641,1789657579.228,22.5458,-276.669,-413.357,-262.169,-430.622
denied,78.742,1789657579.329,22.7854,-275.586,-414.026,-261.067,-431.586
denied,78.841,1789657579.428,22.9296,-274.412,-414.746,-259.966,-432.553
denied,78.941,1789657579.528,23.2311,-273.329,-415.419,-258.822,-433.564
denied,79.043,1789657579.630,23.6142,-272.158,-416.152,-257.543,-434.700
denied,79.142,1789657579.729,23.8565,-271.077,-416.831,-256.449,-435.677
denied,79.241,1789657579.828,23.9958,-269.905,-417.574,-255.355,-436.655
denied,79.342,1789657579.929,24.1343,-268.735,-418.322,-254.263,-437.636
denied,79.441,1789657580.028,24.5821,-267.569,-419.064,-252.946,-438.824
denied,79.541,1789657580.128,24.8959,-266.496,-419.746,-251.810,-439.849
denied,79.642,1789657580.229,25.0400,-265.332,-420.500,-250.721,-440.835
denied,79.742,1789657580.329,24.4530,-263.760,-421.864,-249.633,-441.823
denied,79.842,1789657580.428,21.3122,-260.610,-425.316,-248.500,-442.852
denied,79.942,1789657580.529,18.7899,-257.893,-428.247,-247.412,-443.842
denied,80.042,1789657580.629,17.2761,-255.631,-430.559,-246.140,-444.995
denied,80.141,1789657580.728,15.9372,-253.537,-432.562,-244.996,-446.018
denied,80.242,1789657580.829,15.1608,-251.834,-434.079,-243.887,-446.990
denied,80.342,1789657580.929,14.5109,-250.159,-435.464,-242.768,-447.952
denied,80.442,1789657581.028,14.3351,-248.721,-436.572,-241.541,-448.980
denied,80.541,1789657581.128,13.9428,-247.245,-437.771,-240.397,-449.917
denied,80.641,1789657581.228,12.8158,-245.964,-439.998,-239.194,-450.880
denied,80.742,1789657581.329,12.0305,-244.707,-441.786,-238.029,-451.792
denied,80.842,1789657581.429,11.4322,-243.362,-443.365,-236.802,-452.728
denied,80.941,1789657581.528,10.6956,-242.187,-445.175,-235.612,-453.610
denied,81.042,1789657581.629,9.8165,-240.975,-447.508,-234.205,-454.617
denied,81.141,1789657581.728,9.3270,-239.825,-449.210,-232.933,-455.495
denied,81.242,1789657581.828,8.8628,-238.552,-450.698,-231.696,-456.315
denied,81.341,1789657581.928,8.7004,-237.356,-451.830,-230.442,-457.112
denied,81.441,1789657582.028,8.5727,-236.044,-452.864,-229.118,-457.915
denied,81.542,1789657582.129,8.7127,-234.667,-453.771,-227.561,-458.812
denied,81.641,1789657582.228,8.7097,-233.437,-454.489,-226.312,-459.497
denied,81.741,1789657582.328,8.7483,-232.101,-455.190,-224.941,-460.216
denied,81.841,1789657582.428,8.8800,-230.870,-455.763,-223.614,-460.882
denied,81.941,1789657582.528,8.9847,-229.537,-456.333,-222.223,-461.552
denied,82.042,1789657582.629,9.2053,-228.297,-456.826,-220.823,-462.200
denied,82.141,1789657582.728,9.2619,-226.944,-457.328,-219.473,-462.802
denied,82.241,1789657582.828,9.4845,-225.683,-457.767,-218.060,-463.411
denied,82.342,1789657582.929,9.6016,-224.312,-458.225,-216.642,-464.001
denied,82.441,1789657583.028,9.8279,-223.045,-458.630,-215.220,-464.576
denied,82.542,1789657583.129,9.9489,-221.670,-459.056,-213.795,-465.136
denied,82.642,1789657583.229,10.1088,-220.388,-459.436,-212.423,-465.661
denied,82.742,1789657583.328,10.4517,-218.989,-459.834,-210.762,-466.281
denied,82.842,1789657583.429,10.6015,-217.689,-460.192,-209.385,-466.783
denied,82.942,1789657583.529,10.6475,-216.274,-460.567,-208.006,-467.276
denied,83.041,1789657583.628,10.8499,-214.960,-460.904,-206.568,-467.781
denied,83.141,1789657583.728,10.9516,-213.535,-461.259,-205.128,-468.278
denied,83.241,1789657583.828,11.1537,-212.214,-461.579,-203.687,-468.768
denied,83.341,1789657583.928,11.1470,-210.786,-461.917,-202.360,-469.214
denied,83.441,1789657584.028,11.5756,-209.460,-462.222,-200.685,-469.771
denied,83.542,1789657584.129,11.6283,-208.027,-462.545,-199.298,-470.228
denied,83.641,1789657584.228,11.7823,-206.701,-462.837,-197.911,-470.682
denied,83.742,1789657584.328,11.8964,-205.265,-463.147,-196.464,-471.152
denied,83.841,1789657584.428,12.0542,-203.933,-463.427,-195.075,-471.602
denied,83.942,1789657584.529,12.3394,-202.492,-463.725,-193.453,-472.125
denied,84.041,1789657584.628,12.4992,-201.152,-463.994,-192.062,-472.574
denied,84.142,1789657584.729,12.6255,-199.708,-464.284,-190.613,-473.041
denied,84.242,1789657584.829,12.7977,-198.378,-464.548,-189.222,-473.490
denied,84.341,1789657584.928,12.8783,-196.935,-464.833,-187.830,-473.941
denied,84.441,1789657585.028,13.0580,-195.604,-465.092,-186.439,-474.393
denied,84.541,1789657585.128,13.1097,-194.120,-465.460,-184.989,-474.866
denied,84.643,1789657585.230,12.7006,-192.367,-466.596,-183.248,-475.436
denied,84.741,1789657585.328,12.0962,-190.617,-467.556,-181.856,-475.897
denied,84.842,1789657585.429,11.6464,-188.977,-468.411,-180.464,-476.358
denied,84.941,1789657585.528,10.7406,-186.985,-469.558,-179.070,-476.819
denied,85.041,1789657585.628,10.3389,-185.307,-470.387,-177.617,-477.298
denied,85.141,1789657585.728,9.5112,-183.368,-471.480,-176.219,-477.754
denied,85.243,1789657585.830,9.2873,-181.667,-472.360,-174.527,-478.299
denied,85.341,1789657585.928,8.4807,-179.767,-473.471,-173.124,-478.744
denied,85.444,1789657586.030,7.3251,-177.769,-474.952,-171.776,-479.164
denied,85.541,1789657586.128,5.9323,-175.541,-476.695,-170.366,-479.596
denied,85.641,1789657586.228,5.0206,-173.555,-478.171,-168.894,-480.036
denied,85.741,1789657586.328,4.2761,-171.617,-479.383,-167.476,-480.447
denied,85.841,1789657586.428,4.2679,-169.967,-480.242,-165.754,-480.924
denied,85.941,1789657586.528,4.0288,-168.350,-481.158,-164.324,-481.300
denied,86.042,1789657586.629,3.8117,-166.688,-481.945,-162.887,-481.660
denied,86.141,1789657586.728,3.8004,-165.209,-482.537,-161.446,-482.003
denied,86.241,1789657586.828,3.7930,-163.671,-483.023,-159.940,-482.342
denied,86.341,1789657586.928,3.8670,-162.286,-483.387,-158.490,-482.650
denied,86.442,1789657587.029,3.9102,-160.812,-483.714,-156.976,-482.954
denied,86.542,1789657587.129,4.3075,-159.470,-483.968,-155.217,-483.286
denied,86.642,1789657587.229,4.3234,-158.032,-484.206,-153.759,-483.546
denied,86.741,1789657587.328,4.5162,-156.716,-484.398,-152.239,-483.804
denied,86.842,1789657587.429,4.6125,-155.300,-484.583,-150.718,-484.049
denied,86.941,1789657587.528,4.8222,-153.998,-484.730,-149.197,-484.285
denied,87.041,1789657587.628,4.8363,-152.559,-484.866,-147.736,-484.502
denied,87.142,1789657587.729,4.9400,-151.209,-484.972,-146.276,-484.712
denied,87.241,1789657587.828,4.9815,-149.735,-485.072,-144.756,-484.923
denied,87.341,1789657587.928,5.1235,-148.359,-485.153,-143.235,-485.129
denied,87.442,1789657588.029,5.2581,-146.973,-485.225,-141.716,-485.329
denied,87.541,1789657588.128,5.4544,-145.463,-485.300,-140.015,-485.550
denied,87.641,1789657588.228,5.5220,-144.067,-485.363,-138.558,-485.737
denied,87.742,1789657588.328,5.5376,-142.555,-485.424,-137.041,-485.930
denied,87.842,1789657588.429,5.6084,-141.158,-485.478,-135.585,-486.114
denied,87.942,1789657588.529,5.6276,-139.645,-485.539,-134.070,-486.307
denied,88.041,1789657588.628,5.7605,-138.245,-485.593,-132.556,-486.501
denied,88.142,1789657588.729,5.7273,-136.737,-485.655,-131.103,-486.688
denied,88.242,1789657588.828,5.6774,-135.225,-485.798,-129.651,-486.878
denied,88.341,1789657588.928,5.7796,-133.567,-485.991,-127.896,-487.111
denied,88.443,1789657589.030,5.5463,-131.902,-486.319,-126.444,-487.307
denied,88.542,1789657589.128,5.2295,-130.153,-486.660,-124.993,-487.506
denied,88.641,1789657589.228,5.2042,-128.623,-486.918,-123.480,-487.717
denied,88.742,1789657589.329,5.1203,-127.028,-487.153,-121.967,-487.930
denied,88.842,1789657589.429,5.1457,-125.599,-487.342,-120.515,-488.136
denied,88.941,1789657589.528,5.0864,-124.082,-487.526,-119.062,-488.344
denied,89.042,1789657589.629,5.2292,-122.702,-487.682,-117.548,-488.563
denied,89.142,1789657589.728,5.5194,-121.224,-487.842,-115.791,-488.818
denied,89.242,1789657589.829,5.6908,-119.869,-487.984,-114.277,-489.040
denied,89.342,1789657589.929,5.7583,-118.408,-488.135,-112.762,-489.264
denied,89.441,1789657590.028,5.8829,-117.065,-488.273,-111.307,-489.481
denied,89.542,1789657590.129,5.8181,-115.587,-488.406,-109.913,-489.691
denied,89.641,1789657590.228,5.9111,-114.205,-488.524,-108.458,-489.911
denied,89.742,1789657590.329,6.0574,-112.811,-488.640,-106.943,-490.143
denied,89.842,1789657590.429,6.3258,-111.291,-488.759,-105.186,-490.415
denied,89.942,1789657590.529,6.4062,-109.889,-488.871,-103.733,-490.643
denied,90.042,1789657590.629,6.1825,-108.092,-488.950,-102.219,-490.882
denied,90.141,1789657590.728,5.9643,-106.341,-488.993,-100.767,-491.115
denied,90.241,1789657590.828,5.7259,-104.569,-489.074,-99.315,-491.350
denied,90.342,1789657590.929,5.7705,-102.904,-489.162,-97.683,-491.620
denied,90.441,1789657591.028,5.6156,-101.149,-489.271,-96.173,-491.873
denied,90.542,1789657591.129,5.5610,-99.467,-489.331,-94.663,-492.131
denied,90.642,1789657591.228,5.4648,-97.747,-489.433,-93.154,-492.394
denied,90.741,1789657591.328,5.5349,-96.224,-489.551,-91.646,-492.662
denied,90.841,1789657591.428,5.5295,-94.624,-489.700,-90.139,-492.934
denied,90.941,1789657591.528,5.5973,-93.180,-489.853,-88.693,-493.200
denied,91.041,1789657591.628,5.6310,-91.639,-490.033,-87.188,-493.482
denied,91.142,1789657591.729,5.7214,-90.232,-490.208,-85.744,-493.757
denied,91.242,1789657591.829,5.7710,-88.719,-490.407,-84.241,-494.046
denied,91.342,1789657591.929,5.8699,-87.329,-490.597,-82.798,-494.328
denied,91.442,1789657592.029,5.9249,-85.828,-490.809,-81.295,-494.624
denied,91.542,1789657592.129,6.2874,-84.436,-491.011,-79.553,-494.971
denied,91.642,1789657592.229,6.3428,-82.931,-491.221,-78.051,-495.272
denied,91.741,1789657592.328,6.3957,-81.546,-491.414,-76.669,-495.551
denied,91.842,1789657592.429,6.4140,-80.047,-491.611,-75.227,-495.843
denied,91.942,1789657592.529,6.6928,-78.665,-491.792,-73.605,-496.173
denied,92.042,1789657592.629,6.7096,-77.160,-491.989,-72.163,-496.467
denied,92.142,1789657592.729,6.8324,-75.774,-492.163,-70.721,-496.761
denied,92.241,1789657592.828,6.8648,-74.277,-492.351,-69.278,-497.056
denied,92.342,1789657592.929,7.0395,-72.891,-492.528,-67.775,-497.363
denied,92.442,1789657593.029,6.9726,-71.284,-492.823,-66.272,-497.670
denied,92.542,1789657593.129,7.1500,-69.760,-493.153,-64.528,-498.027
denied,92.642,1789657593.229,7.0126,-68.153,-493.475,-63.084,-498.322
denied,92.742,1789657593.329,7.0713,-66.698,-493.747,-61.580,-498.627
denied,92.841,1789657593.428,6.8713,-65.072,-494.139,-60.136,-498.919
denied,92.942,1789657593.529,6.7214,-63.514,-494.601,-58.631,-499.220
denied,93.042,1789657593.629,6.4909,-61.879,-495.024,-57.185,-499.507
denied,93.141,1789657593.728,6.2659,-60.299,-495.569,-55.678,-499.801
denied,93.241,1789657593.828,5.5517,-58.448,-496.469,-54.229,-500.078
denied,93.341,1789657593.928,4.8914,-56.671,-497.478,-52.719,-500.361
denied,93.441,1789657594.028,3.8744,-54.642,-498.844,-51.207,-500.636
denied,93.542,1789657594.128,3.2387,-52.817,-500.048,-49.692,-500.899
denied,93.641,1789657594.228,2.7847,-50.957,-501.082,-48.173,-501.148
denied,93.742,1789657594.329,2.9545,-49.334,-501.808,-46.406,-501.411
denied,93.841,1789657594.428,2.8827,-47.647,-502.410,-44.877,-501.612
denied,93.942,1789657594.529,2.9864,-46.141,-502.836,-43.344,-501.789
denied,94.041,1789657594.628,2.9619,-44.550,-503.191,-41.868,-501.935
denied,94.141,1789657594.728,3.1072,-43.112,-503.442,-40.327,-502.064
denied,94.241,1789657594.828,3.1120,-41.580,-503.649,-38.845,-502.164
denied,94.341,1789657594.928,3.2209,-40.187,-503.792,-37.362,-502.244
denied,94.441,1789657595.028,3.4545,-38.695,-503.907,-35.631,-502.311
denied,94.541,1789657595.128,3.5247,-37.332,-503.981,-34.209,-502.348
denied,94.643,1789657595.229,3.5904,-35.849,-504.025,-32.663,-502.370
denied,94.743,1789657595.330,3.7382,-34.473,-504.025,-31.118,-502.374
denied,94.842,1789657595.429,3.7075,-32.969,-503.989,-29.637,-502.363
denied,94.942,1789657595.529,4.0007,-31.576,-503.935,-27.910,-502.333
denied,95.043,1789657595.630,3.9522,-30.065,-503.851,-26.432,-502.295
denied,95.141,1789657595.728,4.0613,-28.664,-503.753,-24.894,-502.242
denied,95.242,1789657595.829,3.9349,-27.139,-503.635,-23.482,-502.185
denied,95.342,1789657595.929,4.0278,-25.727,-503.508,-21.949,-502.113
denied,95.443,1789657596.029,4.0049,-24.197,-503.360,-20.418,-502.033
denied,95.541,1789657596.128,4.2770,-22.786,-503.221,-18.707,-501.934
denied,95.643,1789657596.230,4.1952,-21.259,-503.055,-17.242,-501.843
denied,95.742,1789657596.329,4.2284,-19.849,-502.897,-15.779,-501.748
denied,95.842,1789657596.428,4.1499,-18.326,-502.727,-14.318,-501.648
denied,95.942,1789657596.529,4.4285,-16.922,-502.559,-12.616,-501.527
denied,96.042,1789657596.629,4.4037,-15.515,-502.389,-11.218,-501.425
denied,96.142,1789657596.729,4.3267,-13.995,-502.208,-9.761,-501.316
denied,96.242,1789657596.829,4.3660,-12.592,-502.029,-8.304,-501.206
denied,96.341,1789657596.928,4.3498,-11.072,-501.837,-6.787,-501.089
denied,96.442,1789657597.029,4.4540,-9.670,-501.663,-5.270,-500.972
denied,96.542,1789657597.129,4.6261,-8.059,-501.680,-3.511,-500.836
denied,96.642,1789657597.229,4.4959,-6.382,-501.940,-2.055,-500.723
denied,96.742,1789657597.328,4.2901,-4.485,-502.284,-0.537,-500.605
denied,96.841,1789657597.428,4.2138,-2.654,-502.618,0.981,-500.486
denied,96.942,1789657597.529,4.0276,-0.685,-502.911,2.439,-500.369
denied,97.042,1789657597.628,4.0602,1.089,-503.115,3.958,-500.241
denied,97.141,1789657597.728,3.9684,2.967,-503.285,5.356,-500.117
denied,97.242,1789657597.828,4.2641,4.654,-503.429,7.119,-499.950
denied,97.342,1789657597.928,4.2734,6.387,-503.512,8.518,-499.808
denied,97.441,1789657598.028,4.3937,7.916,-503.531,9.977,-499.650
denied,97.541,1789657598.128,4.4879,9.517,-503.504,11.497,-499.476
denied,97.641,1789657598.228,4.6363,10.958,-503.446,13.015,-499.291
denied,97.742,1789657598.329,4.8277,12.489,-503.356,14.716,-499.072
denied,97.842,1789657598.429,4.9407,13.882,-503.252,16.172,-498.874
denied,97.942,1789657598.529,5.0281,15.373,-503.124,17.687,-498.660
denied,98.042,1789657598.628,5.1794,16.737,-502.992,19.201,-498.437
denied,98.142,1789657598.729,5.2693,18.205,-502.839,20.714,-498.205
denied,98.243,1789657598.829,5.3887,19.552,-502.690,22.164,-497.977
denied,98.341,1789657598.928,5.4550,21.021,-502.499,23.674,-497.732
denied,98.441,1789657599.028,5.5364,22.387,-502.305,25.121,-497.491
denied,98.543,1789657599.129,5.7246,23.875,-502.073,26.868,-497.192
denied,98.642,1789657599.229,5.7358,25.256,-501.842,28.252,-496.951
denied,98.742,1789657599.328,5.7064,26.756,-501.586,29.694,-496.695
denied,98.841,1789657599.428,5.7828,28.144,-501.336,31.195,-496.424
denied,98.941,1789657599.528,5.7365,29.648,-501.058,32.635,-496.161
denied,99.041,1789657599.628,5.7734,31.033,-500.803,34.073,-495.895
denied,99.142,1789657599.728,5.9308,32.533,-500.515,35.809,-495.571
denied,99.241,1789657599.828,6.0004,33.922,-500.245,37.305,-495.290
denied,99.341,1789657599.928,5.9532,35.494,-499.958,38.799,-495.007
denied,99.442,1789657600.029,5.8917,37.052,-499.693,40.233,-494.734
denied,99.542,1789657600.129,5.7444,38.792,-499.388,41.726,-494.450
denied,99.642,1789657600.229,5.6001,40.436,-499.070,43.159,-494.176
denied,99.742,1789657600.329,5.4172,42.187,-498.715,44.651,-493.891
denied,99.842,1789657600.428,5.2471,43.813,-498.346,46.083,-493.616
denied,99.941,1789657600.528,5.0197,45.531,-497.953,47.515,-493.342
denied,100.042,1789657600.628,5.0065,47.117,-497.542,49.245,-493.010
denied,100.141,1789657600.728,4.7386,48.807,-497.091,50.676,-492.736
denied,100.241,1789657600.828,4.5595,50.344,-496.668,52.107,-492.463
denied,100.342,1789657600.929,4.3233,51.976,-496.223,53.538,-492.192
denied,100.441,1789657601.028,4.2294,53.454,-495.837,55.028,-491.911
denied,100.541,1789657601.128,4.0783,55.025,-495.462,56.460,-491.645
denied,100.641,1789657601.228,4.2101,56.450,-495.160,58.189,-491.326
denied,100.741,1789657601.328,4.1764,57.976,-494.868,59.681,-491.055
denied,100.841,1789657601.428,4.2013,59.373,-494.622,61.112,-490.798
denied,100.941,1789657601.528,4.2127,60.878,-494.376,62.604,-490.533
denied,101.041,1789657601.628,4.2670,62.263,-494.162,64.036,-490.281
denied,101.142,1789657601.729,4.2676,63.760,-493.941,65.468,-490.031
denied,101.242,1789657601.828,4.3706,65.140,-493.745,66.960,-489.771
denied,101.342,1789657601.929,4.3829,66.635,-493.539,68.392,-489.524
denied,101.444,1789657602.031,4.6715,68.014,-493.352,70.183,-489.215
denied,101.542,1789657602.129,4.7396,69.392,-493.152,71.616,-488.967
denied,101.642,1789657602.229,4.7369,70.883,-492.932,73.050,-488.719
denied,101.744,1789657602.331,4.6775,72.386,-492.651,74.484,-488.470
denied,101.842,1789657602.429,4.7123,73.780,-492.378,75.979,-488.210
denied,101.943,1789657602.530,4.7510,75.306,-492.047,77.653,-487.916
denied,102.042,1789657602.629,4.7358,76.712,-491.759,79.090,-487.663
denied,102.143,1789657602.730,4.5893,78.263,-491.402,80.527,-487.410
denied,102.242,1789657602.829,4.4726,79.738,-490.989,82.024,-487.144
denied,102.342,1789657602.928,4.2403,81.352,-490.522,83.521,-486.878
denied,102.442,1789657603.029,4.1169,82.833,-490.101,85.018,-486.612
denied,102.542,1789657603.129,3.8689,84.437,-489.657,86.455,-486.356
denied,102.642,1789657603.229,3.7559,86.066,-489.195,88.132,-486.059
denied,102.742,1789657603.328,3.5858,87.567,-488.780,89.570,-485.806
denied,102.842,1789657603.429,3.4371,89.060,-488.386,91.007,-485.553
denied,102.941,1789657603.528,3.2987,90.528,-488.040,92.384,-485.313
denied,103.042,1789657603.629,3.2828,92.118,-487.670,94.061,-485.023
denied,103.141,1789657603.728,3.1861,93.587,-487.326,95.498,-484.777
denied,103.241,1789657603.828,3.0381,95.159,-486.996,96.935,-484.531
denied,103.342,1789657603.929,3.0548,96.598,-486.720,98.431,-484.277
denied,103.442,1789657604.028,2.8865,98.281,-486.394,99.928,-484.024
denied,103.541,1789657604.128,2.8163,99.841,-486.100,101.425,-483.771
denied,103.641,1789657604.228,2.7922,101.300,-485.792,102.922,-483.519
denied,103.741,1789657604.328,2.6348,102.899,-485.418,104.419,-483.265
denied,103.842,1789657604.429,2.5350,104.370,-485.076,105.855,-483.022
denied,103.941,1789657604.528,2.3832,105.964,-484.704,107.352,-482.767
denied,104.042,1789657604.629,2.3402,107.432,-484.374,108.848,-482.511
denied,104.141,1789657604.728,2.1596,109.030,-484.022,110.284,-482.264
denied,104.241,1789657604.828,2.2924,110.522,-483.701,112.019,-481.965
denied,104.342,1789657604.929,2.1433,112.150,-483.358,113.515,-481.705
denied,104.442,1789657605.029,2.0892,113.667,-483.045,115.010,-481.444
denied,104.541,1789657605.128,1.9055,115.310,-482.723,116.445,-481.192
denied,104.642,1789657605.229,1.8384,116.819,-482.440,117.879,-480.938
denied,104.742,1789657605.328,1.7431,118.451,-482.150,119.373,-480.671
denied,104.841,1789657605.428,1.7128,119.956,-481.899,120.806,-480.412
denied,104.942,1789657605.529,1.6642,121.576,-481.637,122.299,-480.138
denied,105.041,1789657605.628,1.7079,123.056,-481.403,123.792,-479.861
denied,105.142,1789657605.728,1.7127,124.667,-481.178,125.283,-479.580
denied,105.242,1789657605.829,1.8022,126.150,-480.984,126.774,-479.293
denied,105.342,1789657605.929,1.8593,127.751,-480.789,128.263,-479.001
denied,105.441,1789657606.028,2.0764,129.228,-480.621,129.929,-478.667
denied,105.542,1789657606.129,2.1050,130.820,-480.436,131.297,-478.386
denied,105.641,1789657606.228,2.1979,132.271,-480.237,132.723,-478.085
denied,105.745,1789657606.332,2.2600,133.829,-479.993,134.206,-477.765
denied,105.842,1789657606.429,2.3524,135.253,-479.747,135.688,-477.435
denied,105.942,1789657606.529,2.3960,136.786,-479.461,137.168,-477.096
denied,106.042,1789657606.629,2.4772,138.192,-479.183,138.645,-476.747
denied,106.142,1789657606.729,2.5122,139.705,-478.867,140.120,-476.389
denied,106.242,1789657606.829,2.5903,141.095,-478.564,141.593,-476.022
denied,106.342,1789657606.929,2.5972,142.593,-478.226,143.004,-475.661
denied,106.441,1789657607.028,2.6750,143.969,-477.903,144.473,-475.276
denied,106.542,1789657607.129,2.8094,145.449,-477.533,146.173,-474.818
denied,106.642,1789657607.229,2.8607,146.796,-477.182,147.577,-474.430
denied,106.742,1789657607.329,2.8813,148.241,-476.785,149.038,-474.017
denied,106.841,1789657607.428,2.9647,149.562,-476.409,150.496,-473.595
denied,106.941,1789657607.528,3.0511,150.885,-476.024,151.952,-473.166
denied,107.043,1789657607.630,3.0248,152.315,-475.589,153.348,-472.746
denied,107.142,1789657607.729,3.0618,153.639,-475.176,154.741,-472.320
denied,107.242,1789657607.829,3.0617,155.078,-474.721,156.190,-471.868
denied,107.341,1789657607.928,3.0918,156.401,-474.287,157.579,-471.429
denied,107.441,1789657608.028,3.2093,157.831,-473.813,159.196,-470.909
denied,107.542,1789657608.129,3.2932,159.146,-473.374,160.638,-470.438
denied,107.642,1789657608.229,3.2883,160.567,-472.882,162.077,-469.961
denied,107.743,1789657608.330,3.2797,161.880,-472.424,163.399,-469.517
denied,107.842,1789657608.429,3.2732,163.304,-471.924,164.834,-469.030
denied,107.942,1789657608.529,3.4823,164.618,-471.447,166.439,-468.478
denied,108.042,1789657608.629,3.4241,166.038,-470.929,167.813,-468.000
denied,108.142,1789657608.729,3.4567,167.350,-470.448,169.185,-467.518
denied,108.241,1789657608.828,3.3908,168.768,-469.913,170.555,-467.032
denied,108.343,1789657608.930,3.4622,170.081,-469.415,171.982,-466.521
denied,108.442,1789657609.029,3.4423,171.501,-468.873,173.406,-466.006
denied,108.542,1789657609.129,3.4607,172.811,-468.359,174.772,-465.507
denied,108.642,1789657609.229,3.6356,174.230,-467.802,176.421,-464.901
denied,108.743,1789657609.330,3.7122,175.538,-467.285,177.840,-464.374
denied,108.842,1789657609.429,3.6373,176.946,-466.718,179.202,-463.864
denied,108.941,1789657609.528,3.7167,178.248,-466.192,180.619,-463.331
denied,109.042,1789657609.629,3.7050,179.716,-465.683,182.035,-462.793
denied,109.142,1789657609.729,3.7577,181.126,-465.271,183.393,-462.275
denied,109.241,1789657609.828,3.7270,182.683,-464.854,184.750,-461.753
denied,109.342,1789657609.929,3.9951,184.082,-464.440,186.333,-461.140
denied,109.441,1789657610.028,4.1241,185.500,-464.048,187.744,-460.588
denied,109.541,1789657610.128,4.1151,187.003,-463.595,189.097,-460.052
denied,109.641,1789657610.228,4.1963,188.363,-463.153,190.448,-459.511
denied,109.742,1789657610.329,4.1890,189.815,-462.655,191.797,-458.965
denied,109.841,1789657610.428,4.2687,191.140,-462.180,193.144,-458.411
denied,109.942,1789657610.529,4.6359,192.452,-461.694,194.825,-457.711
denied,110.042,1789657610.629,4.6263,193.863,-461.155,196.166,-457.143
denied,110.142,1789657610.729,4.7571,195.156,-460.650,197.561,-456.545
denied,110.241,1789657610.828,4.7497,196.550,-460.094,198.897,-455.965
denied,110.341,1789657610.928,4.8833,197.830,-459.574,200.286,-455.354
denied,110.441,1789657611.028,4.8769,199.209,-459.002,201.617,-454.761
denied,110.544,1789657611.130,4.8419,200.585,-458.390,202.945,-454.163
denied,110.642,1789657611.228,4.9358,201.854,-457.805,204.327,-453.533
denied,110.742,1789657611.329,5.0273,203.122,-457.210,205.705,-452.897
denied,110.842,1789657611.429,5.0199,204.529,-456.579,207.082,-452.256
denied,110.942,1789657611.529,5.1070,205.922,-456.101,208.401,-451.636
denied,111.042,1789657611.628,5.1563,207.387,-455.556,209.773,-450.985
denied,111.141,1789657611.728,5.2970,208.710,-455.034,211.143,-450.328
denied,111.241,1789657611.828,5.2604,210.225,-454.404,212.510,-449.666
denied,111.343,1789657611.930,5.5553,211.614,-453.808,214.147,-448.864
denied,111.442,1789657612.029,5.6511,212.886,-453.250,215.453,-448.216
denied,111.542,1789657612.129,5.6585,214.250,-452.634,216.757,-447.561
denied,111.642,1789657612.228,5.7563,215.500,-452.058,218.059,-446.902
denied,111.742,1789657612.328,5.7667,216.847,-451.428,219.358,-446.236
denied,111.842,1789657612.428,5.9164,218.084,-450.840,220.707,-445.537
denied,111.942,1789657612.528,5.8991,219.442,-450.176,222.000,-444.861
denied,112.041,1789657612.628,5.9808,220.693,-449.512,223.344,-444.151
denied,112.141,1789657612.728,6.1519,222.046,-448.771,224.899,-443.321
denied,112.242,1789657612.829,6.2109,223.296,-448.071,226.236,-442.600
denied,112.341,1789657612.928,6.1095,224.637,-447.291,227.516,-441.903
denied,112.441,1789657613.028,6.1106,225.871,-446.568,228.794,-441.203
denied,112.542,1789657613.129,6.0151,227.200,-445.785,230.070,-440.499
denied,112.642,1789657613.229,6.2658,228.425,-445.041,231.608,-439.644
denied,112.741,1789657613.328,5.8843,229.942,-444.267,232.667,-439.052
denied,112.841,1789657613.428,5.8008,231.529,-443.563,233.990,-438.310
denied,112.941,1789657613.528,5.5367,233.354,-442.745,235.310,-437.565
denied,113.042,1789657613.629,5.6631,234.904,-442.020,236.839,-436.698
denied,113.142,1789657613.729,5.4799,236.478,-441.256,238.049,-436.007
denied,113.242,1789657613.829,5.4788,237.860,-440.565,239.309,-435.281
denied,113.344,1789657613.931,5.6360,239.302,-439.824,240.828,-434.398
denied,113.442,1789657614.029,5.6797,240.595,-439.144,242.082,-433.663
denied,113.541,1789657614.128,5.6992,241.967,-438.411,243.385,-432.892
denied,113.642,1789657614.228,5.8099,243.213,-437.735,244.685,-432.115
denied,113.742,1789657614.329,5.8048,244.545,-437.002,245.930,-431.365
denied,113.842,1789657614.429,5.9283,245.764,-436.324,247.224,-430.579
denied,113.941,1789657614.528,5.9128,247.081,-435.569,248.463,-429.820
denied,114.042,1789657614.629,5.9503,248.290,-434.837,249.699,-429.056
denied,114.141,1789657614.728,5.9378,249.586,-434.027,250.983,-428.256
denied,114.241,1789657614.828,5.9779,250.869,-433.265,252.264,-427.452
denied,114.342,1789657614.928,6.0657,252.350,-432.461,253.694,-426.546
denied,114.441,1789657615.028,6.1137,253.777,-431.773,254.918,-425.766
denied,114.542,1789657615.128,6.1029,255.245,-431.020,256.140,-424.983
denied,114.641,1789657615.228,6.1634,256.621,-430.315,257.359,-424.196
denied,114.741,1789657615.328,6.2622,258.002,-429.602,258.625,-423.371
denied,114.843,1789657615.429,6.3010,259.471,-428.828,259.888,-422.541
denied,114.942,1789657615.529,6.5233,260.872,-428.114,261.298,-421.604
denied,115.042,1789657615.628,6.5407,262.317,-427.334,262.502,-420.796
denied,115.142,1789657615.728,6.6624,263.601,-426.609,263.753,-419.949
denied,115.241,1789657615.828,6.6889,264.953,-425.818,264.949,-419.129
denied,115.342,1789657615.928,6.7808,266.211,-425.084,266.141,-418.304
denied,115.442,1789657616.029,6.8211,267.641,-424.287,267.330,-417.473
denied,115.544,1789657616.131,7.0593,269.016,-423.482,268.809,-416.426
denied,115.642,1789657616.229,7.0259,270.249,-422.734,269.792,-415.723
denied,115.742,1789657616.328,7.2878,271.457,-421.980,271.212,-414.697
denied,115.843,1789657616.430,7.3854,272.645,-421.222,272.383,-413.841
denied,115.943,1789657616.530,7.4242,273.915,-420.395,273.549,-412.980
denied,116.041,1789657616.628,7.4641,275.172,-419.563,274.712,-412.113
denied,116.142,1789657616.729,7.5631,276.322,-418.791,275.870,-411.242
denied,116.241,1789657616.828,7.6382,277.560,-417.951,277.072,-410.328
denied,116.342,1789657616.929,7.8772,278.696,-417.172,278.413,-409.299
denied,116.441,1789657617.028,7.9195,279.913,-416.289,279.606,-408.376
denied,116.542,1789657617.129,8.0129,281.036,-415.457,280.794,-407.448
denied,116.641,1789657617.228,7.9969,282.240,-414.543,281.931,-406.552
denied,116.742,1789657617.329,8.0375,283.341,-413.686,283.064,-405.653
denied,116.842,1789657617.429,8.0056,284.535,-412.749,284.194,-404.751
denied,116.941,1789657617.528,8.2149,285.638,-411.870,285.556,-403.655
denied,117.042,1789657617.628,8.1615,286.827,-410.906,286.680,-402.746
denied,117.141,1789657617.728,8.0934,288.029,-409.923,287.802,-401.833
denied,117.242,1789657617.829,8.0438,289.231,-408.956,288.921,-400.918
denied,117.351,1789657617.938,7.9994,290.501,-407.951,290.085,-399.963
denied,117.451,1789657618.038,8.0191,291.657,-407.050,291.200,-399.044
denied,117.551,1789657618.138,8.1744,292.887,-406.098,292.544,-397.931
denied,117.652,1789657618.239,8.2698,294.012,-405.234,293.701,-396.970
denied,117.751,1789657618.338,8.3087,295.222,-404.307,294.856,-396.007
denied,117.851,1789657618.438,8.3380,296.361,-403.372,296.009,-395.041
denied,117.952,1789657618.539,8.1816,297.616,-402.279,297.113,-394.113
denied,118.052,1789657618.639,8.1563,298.801,-401.282,298.262,-393.144
denied,118.151,1789657618.738,8.0532,300.027,-400.237,299.363,-392.211
denied,118.251,1789657618.838,7.8134,301.171,-399.024,300.509,-391.239
denied,118.351,1789657618.938,7.4566,302.390,-397.753,301.561,-390.342
denied,118.452,1789657619.039,7.2035,303.526,-396.421,302.839,-389.250
denied,118.551,1789657619.138,6.8176,304.744,-395.050,303.980,-388.275
denied,118.651,1789657619.238,6.6393,305.858,-393.899,305.120,-387.301
denied,118.751,1789657619.338,6.4291,307.057,-392.741,306.215,-386.367
denied,118.851,1789657619.438,6.3850,308.161,-391.731,307.357,-385.397
denied,118.952,1789657619.539,6.2526,309.341,-390.624,308.499,-384.428
denied,119.051,1789657619.638,6.0797,310.397,-389.495,309.643,-383.462
denied,119.151,1789657619.738,5.9044,311.554,-388.352,310.787,-382.498
denied,119.251,1789657619.838,5.9574,312.631,-387.351,312.070,-381.420
denied,119.351,1789657619.938,5.7144,313.807,-386.307,312.988,-380.652
denied,119.451,1789657620.038,5.8590,314.897,-385.371,314.321,-379.540
denied,119.551,1789657620.138,5.7605,316.085,-384.377,315.379,-378.660
denied,119.651,1789657620.238,5.7725,317.185,-383.473,316.484,-377.743
denied,119.751,1789657620.338,5.7623,318.380,-382.504,317.637,-376.789
denied,119.851,1789657620.438,5.8203,319.486,-381.614,318.790,-375.836
denied,119.951,1789657620.538,5.7719,320.661,-380.609,319.944,-374.882
denied,120.051,1789657620.638,5.5980,321.646,-379.499,321.099,-373.928
denied,120.151,1789657620.738,5.4153,322.752,-378.365,322.253,-372.973
denied,120.251,1789657620.838,5.4665,323.799,-377.363,323.546,-371.903
denied,120.351,1789657620.938,5.3352,324.954,-376.312,324.655,-370.986
denied,120.452,1789657621.039,5.3396,326.035,-375.366,325.811,-370.031
denied,120.552,1789657621.139,5.2508,327.217,-374.357,326.921,-369.114
denied,120.651,1789657621.238,5.2458,328.315,-373.436,328.031,-368.198
denied,120.751,1789657621.338,5.1787,329.512,-372.447,329.141,-367.282
denied,120.851,1789657621.438,5.2218,330.620,-371.539,330.297,-366.327
denied,120.952,1789657621.539,5.3421,331.824,-370.557,331.637,-365.218
denied,121.051,1789657621.638,5.3937,332.904,-369.691,332.746,-364.300
denied,121.151,1789657621.738,5.4531,333.954,-368.832,333.853,-363.380
denied,121.251,1789657621.838,5.4905,335.074,-367.910,335.006,-362.420
denied,121.351,1789657621.938,5.5996,336.088,-367.057,336.156,-361.458
denied,121.451,1789657622.038,5.5678,337.171,-366.139,337.212,-360.571
denied,121.551,1789657622.138,5.6984,338.161,-365.300,338.359,-359.605
denied,121.651,1789657622.238,5.7481,339.226,-364.377,339.503,-358.636
denied,121.751,1789657622.338,6.0422,340.210,-363.519,340.828,-357.509
denied,121.852,1789657622.439,6.0493,341.278,-362.588,341.922,-356.573
denied,121.951,1789657622.538,6.0855,342.257,-361.718,342.969,-355.674
denied,122.051,1789657622.638,6.2602,343.321,-360.768,344.241,-354.576
denied,122.152,1789657622.739,6.3423,344.307,-359.891,345.330,-353.632
denied,122.251,1789657622.838,6.2828,345.367,-358.926,346.371,-352.724
denied,122.351,1789657622.938,6.3539,346.349,-358.031,347.456,-351.774
denied,122.451,1789657623.038,6.3828,347.419,-357.057,348.584,-350.782
denied,122.551,1789657623.138,6.4861,348.403,-356.139,349.711,-349.786
denied,122.651,1789657623.238,6.6880,349.477,-355.137,351.015,-348.628
denied,122.752,1789657623.339,6.6868,350.473,-354.205,352.046,-347.706
denied,122.851,1789657623.438,6.6807,351.546,-353.182,353.165,-346.701
denied,122.952,1789657623.539,6.7257,352.536,-352.241,354.237,-345.734
denied,123.051,1789657623.638,6.6644,353.614,-351.210,355.307,-344.764
denied,123.151,1789657623.738,6.9571,354.599,-350.254,356.595,-343.589
denied,123.251,1789657623.838,6.9542,355.665,-349.222,357.703,-342.573
denied,123.351,1789657623.938,7.0506,356.650,-348.267,358.808,-341.555
denied,123.451,1789657624.038,7.0415,357.711,-347.224,359.910,-340.534
denied,123.551,1789657624.138,7.1371,358.691,-346.261,361.009,-339.511
denied,123.651,1789657624.238,7.1340,359.749,-345.219,362.105,-338.485
denied,123.751,1789657624.338,7.1266,360.718,-344.252,363.111,-337.539
denied,123.852,1789657624.439,7.1269,361.769,-343.207,364.202,-336.508
denied,123.951,1789657624.538,7.1258,362.734,-342.241,365.203,-335.557
denied,124.051,1789657624.638,7.2825,363.779,-341.183,366.419,-334.396
denied,124.151,1789657624.738,7.2751,364.743,-340.206,367.415,-333.440
denied,124.251,1789657624.838,7.2711,365.783,-339.144,368.495,-332.397
denied,124.351,1789657624.938,7.3727,366.738,-338.158,369.572,-331.352
denied,124.451,1789657625.038,7.6408,367.697,-337.171,370.775,-330.178
denied,124.551,1789657625.138,7.5245,368.728,-336.096,371.761,-329.210
denied,124.651,1789657625.238,7.6246,369.677,-335.099,372.829,-328.156
denied,124.751,1789657625.338,7.5586,370.708,-334.015,373.853,-327.142
denied,124.852,1789657625.439,7.6565,371.653,-333.008,374.916,-326.082
denied,124.951,1789657625.538,7.8152,372.675,-331.915,376.102,-324.891
denied,125.053,1789657625.640,7.8601,373.618,-330.907,377.117,-323.868
denied,125.152,1789657625.739,7.8481,374.630,-329.804,378.170,-322.800
denied,125.252,1789657625.839,7.8899,375.561,-328.783,379.179,-321.771
denied,125.351,1789657625.938,7.9981,376.489,-327.769,380.226,-320.698
denied,125.451,1789657626.038,8.0004,377.481,-326.667,381.270,-319.621
denied,125.551,1789657626.138,8.1188,378.394,-325.653,382.312,-318.542
denied,125.651,1789657626.238,8.0776,379.747,-324.496,383.474,-317.330
denied,125.751,1789657626.338,7.9422,380.991,-323.429,384.468,-316.288
denied,125.851,1789657626.438,7.7407,382.246,-322.285,385.459,-315.243
denied,125.951,1789657626.538,7.6964,383.341,-321.236,386.447,-314.194
denied,126.052,1789657626.639,7.5626,384.574,-320.083,387.472,-313.097
denied,126.152,1789657626.739,7.3447,385.923,-318.935,388.450,-312.039
denied,126.251,1789657626.838,6.7687,387.443,-317.447,389.425,-310.975
denied,126.351,1789657626.938,6.7064,388.792,-316.142,390.595,-309.683
denied,126.451,1789657627.038,6.4327,390.238,-314.903,391.556,-308.607
denied,126.552,1789657627.139,6.1387,391.689,-313.607,392.511,-307.524
denied,126.651,1789657627.238,6.0877,392.889,-312.447,393.499,-306.390
denied,126.751,1789657627.338,5.9281,394.091,-311.211,394.439,-305.293
denied,126.851,1789657627.438,5.9459,395.133,-310.083,395.410,-304.143
denied,126.951,1789657627.538,5.9660,396.157,-308.947,396.371,-302.985
denied,127.051,1789657627.638,6.0838,397.255,-307.760,397.437,-301.679
denied,127.151,1789657627.738,5.9446,398.371,-306.497,398.342,-300.552
denied,127.253,1789657627.840,5.8327,399.464,-305.201,399.275,-299.371
denied,127.351,1789657627.938,5.7819,400.496,-303.958,400.199,-298.184
denied,127.451,1789657628.038,5.8363,401.406,-302.819,401.114,-296.990
denied,127.551,1789657628.138,5.8088,402.361,-301.589,402.021,-295.790
denied,127.651,1789657628.238,5.8778,403.227,-300.455,402.918,-294.585
denied,127.751,1789657628.338,5.8603,404.150,-299.225,403.807,-293.374
denied,127.851,1789657628.438,5.8902,404.991,-298.088,404.653,-292.208
denied,127.952,1789657628.539,5.8779,405.891,-296.855,405.526,-290.988
denied,128.051,1789657628.638,5.9586,406.709,-295.714,406.392,-289.764
denied,128.151,1789657628.738,5.9054,407.582,-294.480,407.216,-288.585
denied,128.251,1789657628.838,5.9955,408.380,-293.341,408.067,-287.354
denied,128.352,1789657628.939,6.2309,409.170,-292.200,409.012,-285.971
denied,128.451,1789657629.038,6.1951,410.016,-290.974,409.816,-284.782
denied,128.551,1789657629.138,6.2040,410.790,-289.840,410.581,-283.639
denied,128.651,1789657629.238,6.2143,411.619,-288.605,411.407,-282.394
denied,128.752,1789657629.339,6.3185,412.380,-287.463,412.228,-281.146
denied,128.852,1789657629.438,6.2547,413.286,-286.193,413.010,-279.945
denied,128.951,1789657629.538,6.4972,414.249,-284.980,413.950,-278.489
denied,129.051,1789657629.638,6.3682,415.225,-283.678,414.691,-277.332
denied,129.151,1789657629.738,6.5831,416.080,-282.484,415.587,-275.920
denied,129.251,1789657629.838,6.3318,416.970,-281.195,416.223,-274.908
denied,129.352,1789657629.939,6.5534,417.764,-280.007,417.107,-273.487
denied,129.451,1789657630.038,6.4992,418.605,-278.722,417.860,-272.266
denied,129.551,1789657630.138,6.5384,419.366,-277.535,418.607,-271.041
denied,129.651,1789657630.238,6.4885,420.178,-276.249,419.350,-269.813
denied,129.752,1789657630.339,6.7998,421.119,-275.069,420.240,-268.326
denied,129.851,1789657630.438,6.7858,422.083,-273.786,420.972,-267.092
denied,129.951,1789657630.538,6.8984,422.921,-272.599,421.729,-265.804
denied,130.051,1789657630.638,7.0062,423.721,-271.408,422.481,-264.512
denied,130.151,1789657630.738,7.0239,424.556,-270.113,423.226,-263.216
denied,130.252,1789657630.839,7.0798,425.304,-268.916,423.937,-261.969
denied,130.351,1789657630.938,7.0490,426.098,-267.616,424.641,-260.719
denied,130.451,1789657631.038,7.1483,426.817,-266.413,425.370,-259.413
denied,130.551,1789657631.138,7.1614,427.585,-265.108,426.092,-258.104
denied,130.651,1789657631.238,7.2623,428.288,-263.902,426.809,-256.791
denied,130.751,1789657631.338,7.2703,429.033,-262.587,427.521,-255.476
denied,130.851,1789657631.438,7.3199,429.713,-261.373,428.199,-254.211
denied,130.951,1789657631.538,7.3294,430.438,-260.057,428.900,-252.891
denied,131.051,1789657631.638,7.6155,431.099,-258.844,429.708,-251.357
denied,131.151,1789657631.738,7.6309,431.810,-257.532,430.398,-250.033
denied,131.251,1789657631.838,7.6406,432.459,-256.318,431.030,-248.812
denied,131.351,1789657631.938,7.6184,433.156,-255.012,431.685,-247.537
denied,131.451,1789657632.038,7.7312,433.796,-253.804,432.364,-246.207
denied,131.551,1789657632.138,7.8967,434.484,-252.493,433.120,-244.715
denied,131.651,1789657632.238,8.0066,435.114,-251.277,433.791,-243.381
denied,131.751,1789657632.338,8.0236,435.796,-249.956,434.459,-242.045
denied,131.851,1789657632.438,8.1198,436.420,-248.723,435.123,-240.707
denied,131.951,1789657632.538,8.0880,437.120,-247.345,435.784,-239.368
denied,132.051,1789657632.638,8.0179,437.875,-245.916,436.442,-238.027
denied,132.151,1789657632.738,7.8971,438.650,-244.428,437.097,-236.685
denied,132.251,1789657632.838,7.8353,439.408,-242.999,437.749,-235.341
denied,132.352,1789657632.939,7.6734,440.230,-241.448,438.398,-233.996
denied,132.451,1789657633.038,7.6140,440.945,-240.070,439.019,-232.704
denied,132.551,1789657633.138,7.4934,441.687,-238.618,439.636,-231.410
denied,132.651,1789657633.238,7.4876,442.349,-237.303,440.250,-230.115
denied,132.751,1789657633.338,7.4097,443.048,-235.899,440.861,-228.819
denied,132.851,1789657633.438,7.4748,443.681,-234.615,441.494,-227.467
denied,132.951,1789657633.538,7.6399,444.357,-233.233,442.225,-225.897
denied,133.051,1789657633.638,7.6151,445.036,-231.837,442.851,-224.542
denied,133.151,1789657633.738,7.4435,445.744,-230.367,443.424,-223.294
denied,133.251,1789657633.838,7.4755,446.380,-229.037,444.044,-221.936
denied,133.351,1789657633.938,7.4371,447.054,-227.618,444.660,-220.577
denied,133.451,1789657634.038,7.4539,447.667,-226.322,445.249,-219.271
denied,133.551,1789657634.138,7.3442,448.346,-224.866,445.835,-217.965
denied,133.651,1789657634.238,7.4952,448.989,-223.467,446.538,-216.384
denied,133.751,1789657634.338,7.3715,449.666,-221.992,447.117,-215.075
denied,133.853,1789657634.440,7.3599,450.277,-220.656,447.693,-213.765
denied,133.951,1789657634.538,7.1517,450.958,-219.124,448.242,-212.508
denied,134.051,1789657634.638,7.0437,451.608,-217.615,448.837,-211.140
denied,134.151,1789657634.738,7.0199,452.314,-215.948,449.545,-209.497
denied,134.251,1789657634.838,6.6544,453.034,-214.158,450.109,-208.181
denied,134.351,1789657634.938,6.2514,453.778,-212.288,450.671,-206.863
denied,134.451,1789657635.038,6.0751,454.429,-210.668,451.253,-205.490
denied,134.551,1789657635.138,5.8570,455.104,-209.012,451.809,-204.170
denied,134.651,1789657635.238,5.6987,455.709,-207.501,452.340,-202.905
denied,134.751,1789657635.338,5.5061,456.348,-205.683,453.006,-201.308
denied,134.853,1789657635.440,5.2665,456.928,-204.066,453.532,-200.041
denied,134.951,1789657635.538,5.0317,457.549,-202.225,454.169,-198.497
denied,135.051,1789657635.638,4.8206,458.096,-200.609,454.714,-197.174
denied,135.151,1789657635.738,4.6201,458.659,-198.946,455.279,-195.796
denied,135.251,1789657635.838,4.5017,459.157,-197.464,455.843,-194.417
denied,135.351,1789657635.938,4.3486,459.682,-195.899,456.406,-193.039
denied,135.451,1789657636.038,4.2397,460.158,-194.483,456.945,-191.716
denied,135.551,1789657636.138,4.0506,460.665,-192.901,457.484,-190.393
denied,135.658,1789657636.245,3.8993,461.125,-191.431,458.021,-189.070
denied,135.758,1789657636.345,3.6859,461.616,-189.807,458.559,-187.748
denied,135.858,1789657636.445,3.5793,462.065,-188.305,459.208,-186.150
denied,135.958,1789657636.545,3.3511,462.549,-186.662,459.745,-184.827
denied,136.059,1789657636.645,3.2257,462.970,-185.266,460.305,-183.450
denied,136.163,1789657636.749,3.0213,463.462,-183.616,460.865,-182.073
denied,136.258,1789657636.845,2.8497,463.919,-182.103,461.381,-180.806
denied,136.358,1789657636.945,2.7295,464.380,-180.620,462.011,-179.264
denied,136.458,1789657637.045,2.5684,464.879,-179.035,462.528,-177.999
denied,136.558,1789657637.145,2.4456,465.342,-177.583,463.092,-176.623
denied,136.658,1789657637.245,2.3265,465.848,-176.019,463.634,-175.303
denied,136.758,1789657637.345,2.2015,466.312,-174.581,464.268,-173.764
denied,136.858,1789657637.445,2.0619,466.793,-173.015,464.812,-172.444
denied,136.958,1789657637.545,1.9450,467.238,-171.579,465.334,-171.180
denied,137.058,1789657637.645,1.8497,467.721,-170.032,465.879,-169.862
denied,137.158,1789657637.745,1.7223,468.165,-168.613,466.448,-168.489
denied,137.258,1789657637.845,1.6316,468.648,-167.084,467.017,-167.116
denied,137.358,1789657637.945,1.5164,469.101,-165.683,467.586,-165.744
denied,137.459,1789657638.046,1.3413,469.563,-164.286,468.224,-164.209
denied,137.559,1789657638.146,1.2772,470.070,-162.773,468.794,-162.838
denied,137.658,1789657638.245,1.1821,470.543,-161.383,469.364,-161.468
denied,137.759,1789657638.345,1.1436,471.058,-159.886,469.934,-160.098
denied,137.859,1789657638.446,1.0892,471.536,-158.512,470.481,-158.783
denied,137.960,1789657638.547,1.0844,472.065,-157.028,471.051,-157.413
denied,138.058,1789657638.645,1.0144,472.561,-155.665,471.619,-156.043
denied,138.158,1789657638.745,0.8690,473.064,-154.310,472.232,-154.563
denied,138.258,1789657638.844,1.0208,473.681,-152.677,472.799,-153.191
denied,138.359,1789657638.946,1.0110,474.197,-151.336,473.341,-151.874
denied,138.458,1789657639.045,1.0999,474.768,-149.907,473.881,-150.556
denied,138.558,1789657639.145,1.0967,475.307,-148.594,474.419,-149.237
denied,138.658,1789657639.245,1.1523,475.903,-147.177,474.976,-147.861
denied,138.758,1789657639.344,1.1647,476.455,-145.862,475.508,-146.540
denied,138.858,1789657639.445,1.0943,477.064,-144.436,476.124,-144.996
denied,138.959,1789657639.546,1.2007,477.701,-143.002,476.669,-143.615
denied,139.063,1789657639.650,1.3606,478.319,-141.711,477.144,-142.398
denied,139.163,1789657639.750,1.3925,478.939,-140.420,477.679,-141.013
denied,139.263,1789657639.850,1.5125,479.589,-139.009,478.207,-139.625
denied,139.363,1789657639.950,1.5651,480.189,-137.669,478.729,-138.234
denied,139.463,1789657640.050,1.5234,480.825,-136.204,479.344,-136.560
denied,139.563,1789657640.150,1.7428,481.382,-134.836,479.747,-135.441
denied,139.663,1789657640.250,1.7642,481.985,-133.344,480.302,-133.871
denied,139.763,1789657640.350,1.8719,482.544,-131.932,480.767,-132.522
denied,139.863,1789657640.450,2.0198,483.123,-130.375,481.243,-131.113
denied,139.963,1789657640.549,2.0662,483.630,-128.942,481.708,-129.700
denied,140.063,1789657640.650,2.2062,484.171,-127.370,482.163,-128.284
denied,140.164,1789657640.751,2.2891,484.677,-125.887,482.607,-126.865
denied,140.263,1789657640.850,2.3924,485.158,-124.419,483.024,-125.499
denied,140.363,1789657640.950,2.4066,485.656,-122.838,483.497,-123.903
denied,140.463,1789657641.049,2.5770,486.193,-121.368,483.893,-122.531
denied,140.563,1789657641.150,2.7754,486.739,-119.784,484.295,-121.099
denied,140.663,1789657641.250,2.8973,487.212,-118.329,484.671,-119.721
denied,140.763,1789657641.350,2.9617,487.659,-116.878,485.052,-118.284
denied,140.863,1789657641.450,3.1449,488.120,-115.310,485.407,-116.901
denied,140.963,1789657641.550,3.2302,488.529,-113.865,485.752,-115.515
denied,141.063,1789657641.650,3.3582,488.956,-112.301,486.101,-114.069
denied,141.163,1789657641.750,3.2318,489.338,-110.858,486.492,-112.389
denied,141.263,1789657641.850,3.3926,489.740,-109.296,486.804,-110.996
denied,141.363,1789657641.950,3.4276,490.102,-107.854,487.119,-109.544
denied,141.463,1789657642.050,3.5885,490.484,-106.293,487.412,-108.147
denied,141.564,1789657642.151,3.5612,490.809,-104.942,487.707,-106.691
denied,141.663,1789657642.250,3.6075,491.141,-103.551,487.981,-105.292
denied,141.763,1789657642.350,3.5134,491.425,-102.314,488.257,-103.833
denied,141.863,1789657642.450,3.4919,491.726,-100.980,488.523,-102.372
denied,141.964,1789657642.551,3.4167,491.996,-99.753,488.781,-100.909
denied,142.064,1789657642.651,3.3328,492.278,-98.406,489.059,-99.269
denied,142.163,1789657642.750,3.3238,492.535,-97.147,489.289,-97.861
denied,142.263,1789657642.850,3.3501,492.810,-95.762,489.520,-96.393
denied,142.363,1789657642.950,3.3596,493.055,-94.470,489.735,-94.982
denied,142.463,1789657643.050,3.3960,493.316,-93.057,489.951,-93.511
denied,142.563,1789657643.150,3.4220,493.555,-91.747,490.151,-92.098
denied,142.663,1789657643.250,3.5090,493.821,-90.205,490.345,-90.684
denied,142.763,1789657643.350,3.5230,494.048,-88.896,490.539,-89.210
denied,142.863,1789657643.450,3.5734,494.289,-87.456,490.727,-87.734
denied,142.963,1789657643.550,3.5868,494.501,-86.114,490.915,-86.198
denied,143.063,1789657643.650,3.6278,494.710,-84.763,491.082,-84.779
denied,143.163,1789657643.750,3.6662,494.932,-83.293,491.270,-83.123
denied,143.263,1789657643.850,3.7106,495.128,-81.929,491.424,-81.702
denied,143.363,1789657643.950,3.7643,495.337,-80.449,491.579,-80.220
denied,143.463,1789657644.050,3.8131,495.526,-79.077,491.728,-78.738
denied,143.563,1789657644.150,3.8646,495.721,-77.593,491.871,-77.255
denied,143.663,1789657644.250,3.9140,495.899,-76.216,492.004,-75.830
denied,143.763,1789657644.349,3.9676,496.086,-74.717,492.131,-74.405
denied,143.863,1789657644.450,4.0231,496.249,-73.326,492.278,-72.681
denied,143.963,1789657644.549,4.0655,496.424,-71.810,492.389,-71.314
denied,144.063,1789657644.650,4.1167,496.580,-70.411,492.505,-69.827
denied,144.164,1789657644.751,4.1618,496.742,-68.892,492.617,-68.339
denied,144.263,1789657644.850,4.2096,496.889,-67.489,492.719,-66.911
denied,144.363,1789657644.950,4.2710,497.041,-65.971,492.832,-65.245
denied,144.463,1789657645.050,4.3170,497.175,-64.573,492.925,-63.816
denied,144.563,1789657645.150,4.3623,497.319,-63.052,493.017,-62.328
denied,144.663,1789657645.250,4.4077,497.445,-61.646,493.101,-60.899
denied,144.763,1789657645.350,4.4473,497.575,-60.123,493.185,-59.410
denied,144.863,1789657645.450,4.5016,497.695,-58.717,493.265,-57.921
denied,144.963,1789657645.550,4.5693,497.806,-57.306,493.346,-56.312
denied,145.063,1789657645.650,4.5893,497.929,-55.659,493.417,-54.822
denied,145.163,1789657645.750,4.6345,498.036,-54.249,493.481,-53.392
denied,145.263,1789657645.850,4.6828,498.132,-52.841,493.545,-51.902
denied,145.363,1789657645.949,4.7356,498.227,-51.439,493.604,-50.411
denied,145.463,1789657646.050,4.7752,498.329,-49.924,493.660,-48.920
denied,145.563,1789657646.150,4.8062,498.418,-48.408,493.713,-47.428
denied,145.663,1789657646.250,4.8190,498.504,-46.891,493.758,-46.055
denied,145.763,1789657646.350,4.8689,498.583,-45.492,493.804,-44.562
denied,145.863,1789657646.450,4.8838,498.655,-43.973,493.845,-43.128
denied,145.964,1789657646.551,4.9247,498.719,-42.570,493.884,-41.634
denied,146.063,1789657646.650,4.9522,498.789,-41.045,493.920,-40.138
denied,146.163,1789657646.750,5.0354,498.840,-39.638,493.958,-38.403
denied,146.264,1789657646.850,5.0412,498.895,-38.114,493.987,-36.966
denied,146.363,1789657646.950,5.0881,498.949,-36.706,494.013,-35.468
denied,146.463,1789657647.050,5.1223,498.985,-35.294,494.037,-33.970
denied,146.563,1789657647.150,5.1049,499.026,-33.758,494.056,-32.591
denied,146.663,1789657647.250,5.1438,499.064,-32.341,494.075,-31.093
denied,146.763,1789657647.350,5.1346,499.092,-30.809,494.089,-29.654
denied,146.863,1789657647.450,5.2331,499.122,-29.401,494.104,-27.915
denied,146.963,1789657647.550,5.2140,499.152,-27.875,494.113,-26.535
denied,147.063,1789657647.650,5.2278,499.166,-26.462,494.120,-25.096
denied,147.163,1789657647.750,5.2352,499.186,-24.935,494.125,-23.596
denied,147.264,1789657647.851,5.2583,499.204,-23.530,494.128,-22.156
denied,147.363,1789657647.950,5.2579,499.210,-22.004,494.128,-20.656
denied,147.463,1789657648.050,5.2959,499.220,-20.603,494.126,-19.156
denied,147.564,1789657648.151,5.3009,499.227,-19.081,494.121,-17.655
denied,147.663,1789657648.250,5.3279,499.221,-17.672,494.114,-16.154
denied,147.763,1789657648.350,5.4001,499.219,-16.143,494.103,-14.412
denied,147.863,1789657648.450,5.4343,499.212,-14.731,494.091,-12.910
denied,147.963,1789657648.550,5.4230,499.195,-13.202,494.077,-11.409
denied,148.063,1789657648.650,5.4589,499.184,-11.791,494.060,-9.907
denied,148.163,1789657648.750,5.4903,499.166,-10.499,494.043,-8.525
denied,148.265,1789657648.852,5.5488,499.145,-9.092,494.021,-6.963
denied,148.363,1789657648.950,5.5922,499.128,-7.686,493.998,-5.460
denied,148.474,1789657649.061,5.4651,499.094,-5.929,493.974,-4.018
denied,148.577,1789657649.164,5.4721,499.063,-4.517,493.947,-2.576
denied,148.678,1789657649.264,5.4553,499.020,-3.003,493.917,-1.073
denied,148.777,1789657649.364,5.4817,498.978,-1.599,493.885,0.430
denied,148.878,1789657649.464,5.4625,498.932,-0.073,493.851,1.932
denied,148.978,1789657649.565,5.4734,498.896,1.336,493.816,3.375
denied,149.077,1789657649.664,5.4482,498.841,2.865,493.777,4.877
denied,149.177,1789657649.764,5.5786,498.791,4.272,493.730,6.618
denied,149.278,1789657649.864,5.5387,498.743,5.795,493.688,8.059
denied,149.377,1789657649.964,5.5363,498.682,7.205,493.644,9.500
denied,149.477,1789657650.064,5.5108,498.619,8.733,493.596,11.001
denied,149.577,1789657650.164,5.5713,498.569,10.028,493.548,12.442
denied,149.677,1789657650.264,5.6272,498.496,11.553,493.489,14.122
denied,149.777,1789657650.364,5.6279,498.425,12.956,493.436,15.561
denied,149.877,1789657650.464,5.6147,498.361,14.474,493.378,17.061
denied,149.978,1789657650.565,5.6134,498.284,15.878,493.321,18.501
denied,150.078,1789657650.665,5.6479,498.211,17.286,493.258,20.001
denied,150.177,1789657650.764,5.6533,498.139,18.696,493.196,21.440
denied,150.278,1789657650.865,5.5885,498.047,20.222,493.132,22.880
denied,150.377,1789657650.964,5.7570,497.969,21.627,493.050,24.619
denied,150.477,1789657651.064,5.7011,497.882,23.146,492.981,26.058
denied,150.579,1789657651.166,5.6719,497.790,24.545,492.911,27.437
denied,150.677,1789657651.264,5.6845,497.707,25.945,492.836,28.877
denied,150.777,1789657651.364,5.8328,497.615,27.344,492.746,30.556
denied,150.877,1789657651.464,5.8426,497.519,28.742,492.666,31.995
denied,150.977,1789657651.564,5.6579,497.413,30.489,492.583,33.435
denied,151.077,1789657651.664,5.6377,497.306,31.998,492.493,34.935
denied,151.177,1789657651.764,5.6557,497.190,33.360,492.405,36.375
denied,151.278,1789657651.865,5.8408,497.089,34.845,492.290,38.175
denied,151.377,1789657651.964,5.8721,496.989,36.225,492.195,39.616
denied,151.477,1789657652.064,5.8176,496.869,37.729,492.098,41.058
denied,151.577,1789657652.164,5.8780,496.762,39.124,491.992,42.560
denied,151.677,1789657652.264,5.9341,496.646,40.521,491.884,44.062
denied,151.785,1789657652.371,5.8314,496.513,42.036,491.781,45.444
denied,151.885,1789657652.472,5.8483,496.396,43.439,491.671,46.886
denied,151.990,1789657652.576,6.0673,496.269,44.835,491.534,48.628
denied,152.085,1789657652.672,6.1337,496.143,46.226,491.412,50.130
denied,152.185,1789657652.772,6.1664,496.025,47.619,491.291,51.571
denied,152.284,1789657652.871,5.9848,495.859,49.362,491.162,53.072
denied,152.385,1789657652.972,6.0064,495.723,50.758,491.035,54.513
denied,152.485,1789657653.072,6.0007,495.567,52.243,490.899,56.013
denied,152.584,1789657653.171,6.0734,495.424,53.624,490.759,57.513
denied,152.688,1789657653.274,6.0675,495.269,55.119,490.615,59.012
denied,152.784,1789657653.371,6.1114,495.134,56.498,490.473,60.451
denied,152.884,1789657653.471,6.0614,494.970,57.991,490.328,61.890
denied,152.985,1789657653.572,6.3198,494.817,59.369,490.148,63.628
denied,153.084,1789657653.671,6.3180,494.657,60.868,489.989,65.126
denied,153.184,1789657653.771,6.3960,494.492,62.250,489.825,66.623
denied,153.285,1789657653.871,6.4352,494.331,63.629,489.664,68.060
denied,153.387,1789657653.974,6.4791,494.173,65.010,489.499,69.497
denied,153.490,1789657654.076,6.5579,493.980,66.510,489.309,71.114
denied,153.590,1789657654.177,6.5950,493.807,67.894,489.137,72.550
denied,153.701,1789657654.287,6.4971,493.621,69.392,488.967,73.926
denied,153.801,1789657654.387,6.5294,493.433,70.773,488.787,75.361
denied,153.904,1789657654.491,6.7170,493.235,72.269,488.563,77.095
denied,154.001,1789657654.588,6.8091,493.053,73.649,488.366,78.588
denied,154.101,1789657654.688,6.7484,492.837,75.145,488.172,80.022
denied,154.200,1789657654.787,6.7853,492.641,76.529,487.975,81.455
denied,154.301,1789657654.888,6.6836,492.420,78.084,487.773,82.888
denied,154.401,1789657654.988,6.6655,492.188,79.583,487.559,84.379
denied,154.502,1789657655.089,6.7488,491.978,80.966,487.340,85.869
denied,154.601,1789657655.187,6.8336,491.765,82.349,487.117,87.359
denied,154.712,1789657655.298,6.9251,491.526,83.839,486.870,88.966
denied,154.812,1789657655.399,6.9743,491.313,85.210,486.647,90.394
denied,154.911,1789657655.498,6.9739,491.073,86.695,486.410,91.881
denied,155.011,1789657655.598,6.9737,490.824,88.175,486.168,93.367
denied,155.111,1789657655.698,7.1234,490.596,89.545,485.912,94.912
denied,155.216,1789657655.803,7.2124,490.376,90.803,485.681,96.278
denied,155.316,1789657655.903,7.0005,490.078,92.463,485.436,97.702
denied,155.417,1789657656.004,7.2503,489.836,93.835,485.144,99.363
denied,155.516,1789657656.103,7.3919,489.601,95.090,484.889,100.786
denied,155.620,1789657656.207,7.4936,489.326,96.571,484.598,102.385
denied,155.727,1789657656.314,7.6013,489.080,97.936,484.323,103.865
denied,155.828,1789657656.415,7.5457,488.789,99.410,484.055,105.285
denied,155.929,1789657656.516,7.4881,488.498,100.888,483.782,106.704
denied,156.027,1789657656.614,7.5361,488.234,102.255,483.505,108.122
denied,156.127,1789657656.714,7.8453,487.947,103.616,483.164,109.835
denied,156.227,1789657656.814,7.8899,487.664,104.979,482.877,111.251
denied,156.327,1789657656.914,7.8811,487.380,106.342,482.598,112.607
denied,156.427,1789657657.014,7.7140,487.033,107.928,482.302,114.021
denied,156.529,1789657657.116,8.0290,486.736,109.289,481.940,115.728
denied,156.627,1789657657.214,7.7527,486.412,110.759,481.686,116.904
denied,156.727,1789657657.314,8.0683,486.097,112.112,481.312,118.608
denied,156.827,1789657657.414,7.9555,485.762,113.578,481.011,119.959
denied,156.927,1789657657.514,8.0617,485.452,114.928,480.680,121.425
denied,157.027,1789657657.614,8.0507,485.123,116.275,480.371,122.774
denied,157.127,1789657657.714,8.0544,484.778,117.732,480.030,124.238
denied,157.227,1789657657.814,8.3292,484.452,119.076,479.644,125.877
denied,157.327,1789657657.914,8.2725,484.087,120.529,479.307,127.280
denied,157.433,1789657658.020,8.5532,483.756,121.869,478.910,128.917
denied,157.527,1789657658.114,8.4956,483.383,123.321,478.564,130.318
denied,157.627,1789657658.214,8.5994,483.027,124.660,478.200,131.777
denied,157.727,1789657658.314,8.5953,482.646,126.114,477.831,133.234
denied,157.827,1789657658.414,8.6361,482.279,127.457,477.472,134.633
denied,157.928,1789657658.515,8.5700,481.876,128.907,477.110,136.029
denied,158.027,1789657658.614,8.6242,481.515,130.241,476.743,137.425
denied,158.128,1789657658.714,8.7944,481.107,131.680,476.310,139.051
denied,158.227,1789657658.814,8.9043,480.726,133.007,475.919,140.502
denied,158.327,1789657658.914,8.8516,480.319,134.444,475.539,141.894
denied,158.427,1789657659.014,8.9660,479.930,135.763,475.139,143.342
denied,158.530,1789657659.117,9.0221,479.537,137.084,474.752,144.732
denied,158.627,1789657659.214,8.8599,479.120,138.511,474.393,146.005
denied,158.727,1789657659.314,9.1452,478.748,139.714,473.964,147.508
denied,158.827,1789657659.414,9.4425,478.349,141.026,473.497,149.126
denied,158.927,1789657659.514,9.5677,477.946,142.335,473.076,150.570
denied,159.028,1789657659.615,9.5139,477.487,143.753,472.667,151.956
denied,159.128,1789657659.715,9.5787,477.075,145.062,472.255,153.340
denied,159.227,1789657659.814,9.5250,476.623,146.488,471.839,154.724
denied,159.328,1789657659.915,9.8611,476.176,147.807,471.330,156.395
denied,159.427,1789657660.014,9.9090,475.738,149.126,470.906,157.777
denied,159.527,1789657660.114,9.9010,475.259,150.554,470.459,159.214
denied,159.628,1789657660.215,10.0050,474.800,151.867,470.009,160.650
denied,159.728,1789657660.315,9.8820,474.312,153.288,469.592,161.970
denied,159.827,1789657660.414,9.9320,473.855,154.597,469.153,163.345
denied,159.927,1789657660.514,10.1648,473.348,156.008,468.618,165.004
denied,160.028,1789657660.615,10.2229,472.889,157.307,468.171,166.376
denied,160.127,1789657660.714,10.2786,472.418,158.603,467.722,167.746
denied,160.227,1789657660.814,10.1114,471.849,160.167,467.250,169.172
denied,160.327,1789657660.914,10.1067,471.316,161.567,466.775,170.596
denied,160.427,1789657661.014,10.1016,470.830,162.859,466.335,171.905
denied,160.527,1789657661.114,10.3407,470.295,164.253,465.776,173.554
denied,160.627,1789657661.214,10.4009,469.810,165.540,465.310,174.917
denied,160.727,1789657661.314,10.4035,469.272,166.932,464.821,176.336
denied,160.827,1789657661.414,10.4575,468.761,168.215,464.349,177.696
denied,160.928,1789657661.515,10.4018,468.218,169.604,463.874,179.055
denied,161.027,1789657661.614,10.7565,467.704,170.884,463.297,180.696
denied,161.127,1789657661.714,10.4547,467.136,172.271,462.896,181.827
denied,161.227,1789657661.814,10.5733,466.624,173.549,462.393,183.239
denied,161.327,1789657661.914,10.8185,466.055,174.927,461.805,184.876
denied,161.427,1789657662.014,10.9404,465.523,176.195,461.295,186.285
denied,161.527,1789657662.114,10.8958,464.961,177.566,460.803,187.637
denied,161.630,1789657662.217,10.9616,464.425,178.829,460.308,188.989
denied,161.728,1789657662.315,10.9750,463.841,180.196,459.790,190.396
denied,161.827,1789657662.414,11.1052,463.314,181.460,459.269,191.802
denied,161.927,1789657662.514,11.2323,462.763,182.718,458.745,193.207
denied,162.027,1789657662.614,11.3613,462.216,183.977,458.218,194.612
denied,162.129,1789657662.716,11.5547,461.632,185.347,457.625,196.184
denied,162.227,1789657662.814,11.6251,461.068,186.599,457.114,197.531
denied,162.327,1789657662.914,11.5880,460.470,187.954,456.601,198.877
denied,162.428,1789657663.015,11.7252,459.924,189.208,456.063,200.279
denied,162.528,1789657663.114,11.6831,459.304,190.563,455.545,201.624
denied,162.627,1789657663.214,11.8130,458.738,191.818,455.002,203.025
denied,162.727,1789657663.314,11.7104,458.128,193.178,454.501,204.313
denied,162.827,1789657663.414,12.0805,457.543,194.428,453.865,205.935
denied,162.927,1789657663.514,12.0963,456.918,195.785,453.315,207.333
denied,163.027,1789657663.614,12.2298,456.345,197.036,452.762,208.729
denied,163.127,1789657663.714,12.2532,455.705,198.381,452.207,210.124
denied,163.227,1789657663.814,12.5037,455.174,199.522,451.649,211.518
denied,163.328,1789657663.915,12.5817,454.582,200.762,451.112,212.856
denied,163.427,1789657664.014,12.3803,453.873,202.260,450.572,214.192
denied,163.527,1789657664.114,12.4064,453.228,203.601,450.008,215.583
denied,163.627,1789657664.214,12.4855,452.615,204.835,449.464,216.917
denied,163.727,1789657664.314,12.6910,451.960,206.173,448.827,218.472
denied,163.827,1789657664.414,12.8291,451.362,207.411,448.256,219.858
denied,163.927,1789657664.514,12.9097,450.754,208.644,447.706,221.189
denied,164.027,1789657664.614,12.9922,450.140,209.874,447.153,222.518
denied,164.127,1789657664.714,10.7967,450.218,213.737,446.576,223.901
denied,164.227,1789657664.814,8.5891,450.286,217.772,446.021,225.228
denied,164.327,1789657664.914,6.8722,450.401,221.856,445.438,226.609
denied,164.427,1789657665.014,6.2874,450.549,225.345,444.843,227.986
denied,164.527,1789657665.114,6.3999,450.584,228.587,444.230,229.357
denied,164.627,1789657665.214,6.8380,450.446,231.069,443.619,230.666
denied,164.727,1789657665.314,7.3925,450.155,233.349,442.847,232.236
denied,164.828,1789657665.414,7.7926,449.791,235.183,442.177,233.524
denied,164.928,1789657665.514,8.1183,449.319,236.960,441.509,234.746
denied,165.032,1789657665.619,8.4741,448.833,238.459,440.661,236.218
denied,165.132,1789657665.719,8.7102,448.263,239.971,439.937,237.413
denied,165.233,1789657665.819,8.9366,447.711,241.289,439.191,238.595
denied,165.333,1789657665.920,9.2601,447.090,242.653,438.184,240.116
denied,165.432,1789657666.019,9.4748,446.500,243.866,437.388,241.267
denied,165.532,1789657666.119,9.6818,445.840,245.137,436.538,242.454
denied,165.633,1789657666.220,9.9185,445.199,246.289,435.631,243.675
denied,165.732,1789657666.319,10.0873,444.467,247.514,434.742,244.833
denied,165.832,1789657666.419,10.2989,443.762,248.633,433.799,246.024
denied,165.932,1789657666.519,10.4774,442.981,249.830,432.839,247.200
denied,166.032,1789657666.619,10.6768,442.229,250.919,431.863,248.362
denied,166.133,1789657666.720,10.8400,441.403,252.087,430.874,249.509
denied,166.233,1789657666.820,11.0410,440.623,253.156,429.872,250.643
denied,166.332,1789657666.919,11.1577,439.754,254.299,428.899,251.719
denied,166.432,1789657667.019,11.4721,438.941,255.347,427.710,253.005
denied,166.533,1789657667.119,11.5853,438.048,256.471,426.717,254.057
denied,166.633,1789657667.220,11.7715,437.208,257.498,425.674,255.143
denied,166.732,1789657667.319,11.8789,436.294,258.601,424.665,256.176
denied,166.839,1789657667.426,12.0677,435.440,259.613,423.607,257.244
denied,166.932,1789657667.519,12.1256,434.496,260.700,422.627,258.219
denied,167.033,1789657667.620,12.2993,433.614,261.702,421.557,259.272
denied,167.133,1789657667.720,12.4182,432.652,262.781,420.480,260.318
denied,167.233,1789657667.820,12.7553,431.745,263.770,419.182,261.566
denied,167.332,1789657667.919,12.6870,430.761,264.841,418.313,262.394
denied,167.434,1789657668.020,12.8450,429.841,265.827,417.222,263.424
denied,167.533,1789657668.120,13.0802,428.834,266.890,415.953,264.615
denied,167.632,1789657668.219,13.2023,427.905,267.871,414.900,265.597
denied,167.733,1789657668.319,13.2585,426.892,268.929,413.844,266.576
denied,167.833,1789657668.419,13.3705,425.949,269.904,412.786,267.554
denied,167.932,1789657668.519,13.4201,424.925,270.964,411.727,268.530
denied,168.032,1789657668.619,13.7057,423.968,271.941,410.446,269.708
denied,168.135,1789657668.722,13.7761,422.927,273.000,409.340,270.723
denied,168.234,1789657668.820,13.8740,421.963,273.982,408.278,271.698
denied,168.333,1789657668.920,13.9356,420.912,275.044,407.172,272.713
denied,168.433,1789657669.020,14.0254,419.941,276.023,406.111,273.687
denied,168.533,1789657669.120,14.0939,418.897,277.089,405.006,274.703
denied,168.632,1789657669.219,14.1763,417.920,278.071,403.947,275.679
denied,168.732,1789657669.319,14.2344,416.869,279.135,402.844,276.697
denied,168.832,1789657669.419,14.2553,415.837,280.090,401.787,277.676
denied,168.933,1789657669.520,13.1669,413.717,280.601,400.688,278.698
denied,169.032,1789657669.619,12.4983,411.854,281.105,399.415,279.885
denied,169.138,1789657669.725,11.8281,410.156,281.806,398.365,280.872
denied,169.233,1789657669.820,11.5018,408.802,282.562,397.322,281.866
denied,169.333,1789657669.920,11.3946,407.503,283.470,396.116,283.038
denied,169.434,1789657670.021,11.3208,406.411,284.371,395.095,284.053
denied,169.532,1789657670.119,11.2729,405.311,285.397,394.042,285.122
denied,169.632,1789657670.219,11.3511,404.350,286.381,393.000,286.202
denied,169.734,1789657670.321,11.3367,403.346,287.477,392.011,287.249
denied,169.832,1789657670.419,11.3756,402.446,288.510,391.073,288.260
denied,169.934,1789657670.521,11.4149,401.474,289.638,390.063,289.368
denied,170.032,1789657670.619,11.5156,400.575,290.694,389.061,290.484
denied,170.132,1789657670.719,11.6358,399.585,291.840,387.950,291.742
denied,170.232,1789657670.819,11.7070,398.672,292.912,386.965,292.872
denied,170.333,1789657670.920,11.6565,397.683,294.081,386.027,293.963
denied,170.433,1789657671.020,11.5934,396.686,295.249,385.094,295.058
denied,170.533,1789657671.119,11.5709,395.775,296.332,384.206,296.113
denied,170.634,1789657671.220,11.7766,394.870,297.415,383.093,297.448
denied,170.733,1789657671.320,11.7153,393.893,298.578,382.178,298.557
denied,170.832,1789657671.419,11.7731,393.003,299.653,381.230,299.716
denied,170.933,1789657671.520,11.6823,392.043,300.819,380.361,300.786
denied,171.033,1789657671.619,11.7360,391.157,301.892,379.421,301.952
denied,171.132,1789657671.719,11.6849,390.207,303.059,378.522,303.075
denied,171.233,1789657671.820,11.7477,389.336,304.136,377.589,304.248
denied,171.333,1789657671.920,11.8838,388.391,305.300,376.511,305.613
denied,171.435,1789657672.022,11.9116,387.528,306.383,375.621,306.745
denied,171.533,1789657672.120,11.8243,386.592,307.556,374.771,307.832
denied,171.633,1789657672.219,11.8477,385.729,308.636,373.886,308.968
denied,171.735,1789657672.322,12.0733,384.877,309.724,372.819,310.343
denied,171.833,1789657672.420,12.0653,383.950,310.897,371.901,311.530
denied,171.933,1789657672.520,12.0913,383.092,311.975,371.021,312.670
denied,172.032,1789657672.619,10.9514,381.008,312.443,370.142,313.812
denied,172.132,1789657672.719,10.3738,379.423,313.089,369.226,315.001
denied,172.233,1789657672.820,9.8072,377.956,313.949,368.387,316.096
denied,172.332,1789657672.919,9.7950,376.770,314.852,367.336,317.483
denied,172.434,1789657673.021,9.2421,375.244,315.566,366.510,318.589
denied,172.532,1789657673.119,8.2100,372.914,316.027,365.620,319.796
denied,172.633,1789657673.220,7.8980,371.122,316.649,364.635,321.154
denied,172.734,1789657673.321,7.1170,369.252,317.394,363.941,322.131
denied,172.832,1789657673.419,7.1324,367.582,318.134,362.951,323.559
denied,172.932,1789657673.519,6.8249,366.052,319.079,362.182,324.701
denied,173.032,1789657673.619,6.7835,364.825,320.050,361.397,325.904
denied,173.132,1789657673.719,6.7150,363.637,321.180,360.597,327.167
denied,173.233,1789657673.820,6.7779,362.629,322.276,359.815,328.442
denied,173.333,1789657673.920,6.6661,361.609,323.507,359.082,329.676
denied,173.433,1789657674.019,6.9658,360.708,324.672,358.216,331.177
denied,173.532,1789657674.119,6.8487,359.765,325.960,357.513,332.428
denied,173.633,1789657674.220,6.9053,358.913,327.165,356.794,333.737
denied,173.733,1789657674.320,6.8428,358.004,328.484,356.086,335.052
denied,173.833,1789657674.420,6.9343,357.181,329.675,355.386,336.374
denied,173.934,1789657674.521,6.8881,356.299,330.941,354.722,337.646
denied,174.033,1789657674.620,6.9750,355.500,332.097,354.063,338.923
denied,174.133,1789657674.720,6.9748,354.639,333.337,353.409,340.203
denied,174.232,1789657674.819,7.3746,353.852,334.481,352.624,341.753
denied,174.333,1789657674.920,7.4456,353.007,335.722,351.950,343.092
denied,174.432,1789657675.019,7.6356,352.237,336.858,351.279,344.433
denied,174.532,1789657675.119,7.7304,351.410,338.087,350.610,345.776
denied,174.633,1789657675.220,7.8221,350.655,339.218,349.995,347.012
denied,174.732,1789657675.319,7.9283,349.845,340.446,349.327,348.357
denied,174.833,1789657675.420,8.0787,349.101,341.581,348.686,349.649
denied,174.934,1789657675.521,8.1899,348.305,342.810,348.017,350.995
denied,175.032,1789657675.619,8.5625,347.575,343.945,347.266,352.502
denied,175.134,1789657675.721,8.5584,346.789,345.183,346.647,353.741
denied,175.232,1789657675.819,8.7563,346.068,346.330,345.972,355.086
denied,175.332,1789657675.919,8.8543,345.291,347.576,345.293,356.430
denied,175.433,1789657676.019,8.9945,344.580,348.725,344.638,357.720
denied,175.533,1789657676.120,9.0845,343.813,349.978,343.951,359.061
denied,175.632,1789657676.219,9.2119,343.107,351.137,343.286,360.347
denied,175.733,1789657676.320,9.4972,342.343,352.402,342.477,361.898
denied,175.832,1789657676.419,9.6581,341.638,353.575,341.772,363.232
denied,175.933,1789657676.520,9.6656,340.876,354.846,341.089,364.509
denied,176.033,1789657676.620,9.7683,340.179,356.017,340.399,365.783
denied,176.142,1789657676.729,9.9816,339.422,357.284,339.585,367.264
denied,176.241,1789657676.828,10.0244,338.727,358.454,338.909,368.476
denied,176.341,1789657676.928,10.0203,337.973,359.719,338.195,369.737
denied,176.441,1789657677.028,10.1610,337.279,360.886,337.442,371.045
denied,176.541,1789657677.128,10.2023,336.528,362.147,336.679,372.348
denied,176.641,1789657677.228,10.3355,335.834,363.310,335.906,373.645
denied,176.741,1789657677.328,10.3169,335.081,364.568,335.154,374.885
denied,176.841,1789657677.428,10.3921,334.381,365.726,334.391,376.118
denied,176.942,1789657677.528,10.6196,333.625,366.983,333.455,377.601
denied,177.041,1789657677.628,10.6832,332.916,368.140,332.668,378.821
denied,177.141,1789657677.728,10.5915,332.145,369.394,331.903,379.983
denied,177.241,1789657677.828,10.8557,331.432,370.544,330.957,381.389
denied,177.341,1789657677.928,10.8192,330.658,371.779,330.134,382.586
denied,177.441,1789657678.028,10.9247,329.938,372.920,329.264,383.824
denied,177.541,1789657678.128,10.8801,329.142,374.148,328.415,385.004
denied,177.642,1789657678.229,10.9857,328.411,375.275,327.518,386.224
denied,177.742,1789657678.329,10.9456,327.610,376.483,326.645,387.386
denied,177.842,1789657678.429,11.0049,326.865,377.590,325.758,388.539
denied,177.941,1789657678.528,11.2283,326.051,378.776,324.670,389.919
denied,178.041,1789657678.628,11.2921,325.287,379.864,323.755,391.051
denied,178.143,1789657678.730,11.3117,324.453,381.031,322.788,392.220
denied,178.241,1789657678.828,11.3300,323.669,382.096,321.886,393.285
denied,178.341,1789657678.928,11.4536,322.884,383.153,320.893,394.432
denied,178.441,1789657679.028,11.4309,322.015,384.284,319.926,395.522
denied,178.541,1789657679.128,11.7686,321.200,385.317,318.741,396.826
denied,178.642,1789657679.229,11.7975,320.379,386.339,317.788,397.848
denied,178.741,1789657679.328,11.7821,319.470,387.433,316.782,398.904
denied,178.841,1789657679.428,12.1289,318.609,388.429,315.550,400.165
denied,178.941,1789657679.528,11.9128,317.663,389.490,314.690,401.025
denied,179.041,1789657679.628,12.0555,316.777,390.459,313.604,402.089
denied,179.142,1789657679.729,12.2043,315.874,391.411,312.506,403.141
denied,179.241,1789657679.828,12.4706,314.883,392.426,311.217,404.345
denied,179.341,1789657679.928,12.4785,313.883,393.426,310.140,405.330
denied,179.441,1789657680.028,12.6402,312.938,394.330,309.007,406.343
denied,179.541,1789657680.128,12.6579,311.911,395.297,307.909,407.305
denied,179.641,1789657680.228,12.7722,310.939,396.173,306.802,408.257
denied,179.741,1789657680.328,13.0055,309.867,397.103,305.499,409.353
denied,179.842,1789657680.429,13.1258,308.861,397.948,304.373,410.282
denied,179.941,1789657680.528,13.1535,307.757,398.848,303.239,411.201
denied,180.042,1789657680.629,13.3320,306.720,399.661,302.049,412.147
denied,180.142,1789657680.729,13.5739,305.583,400.528,300.707,413.195
denied,180.241,1789657680.828,13.7018,304.519,401.315,299.550,414.084
denied,180.341,1789657680.928,13.8327,303.436,402.085,298.386,414.963
denied,180.442,1789657681.029,13.8731,302.258,402.910,297.217,415.834
denied,180.541,1789657681.128,14.0577,301.156,403.658,295.992,416.733
denied,180.641,1789657681.228,14.1034,299.952,404.455,294.812,417.588
denied,180.742,1789657681.329,14.2917,298.836,405.182,293.577,418.471
denied,180.841,1789657681.428,14.5427,297.614,405.958,292.188,419.451
denied,180.941,1789657681.528,14.6822,296.476,406.664,290.994,420.284
denied,181.041,1789657681.628,14.7820,295.234,407.421,289.745,421.146
denied,181.141,1789657681.728,14.9235,294.093,408.114,288.543,421.967
denied,181.241,1789657681.828,14.0632,293.143,410.032,287.287,422.818
denied,181.341,1789657681.928,12.9437,292.403,412.275,286.129,423.597
denied,181.441,1789657682.028,11.4885,291.539,415.086,284.868,424.439
denied,181.542,1789657682.128,10.5496,290.647,417.744,283.394,425.405
denied,181.641,1789657682.228,8.9191,289.487,420.994,282.214,426.157
denied,181.741,1789657682.328,7.9211,288.331,424.002,280.969,426.925
denied,181.841,1789657682.428,7.4328,287.063,426.609,279.707,427.672
denied,181.941,1789657682.528,7.5316,285.902,428.483,278.371,428.423
denied,182.041,1789657682.628,7.9019,284.649,430.095,276.792,429.254
denied,182.141,1789657682.728,8.1523,283.496,431.296,275.463,429.907
denied,182.241,1789657682.828,8.3387,282.249,432.368,274.115,430.528
denied,182.357,1789657682.944,8.8583,281.103,433.193,272.464,431.234
denied,182.451,1789657683.038,8.8958,279.865,433.954,271.255,431.717
denied,182.552,1789657683.139,9.2165,278.729,434.558,269.804,432.261
denied,182.651,1789657683.238,9.4924,277.601,435.087,268.400,432.753
denied,182.752,1789657683.339,9.6866,276.380,435.586,266.987,433.218
denied,182.851,1789657683.438,10.1253,275.203,435.980,265.331,433.729
denied,182.952,1789657683.539,10.2009,273.868,436.337,263.906,434.142
denied,183.052,1789657683.638,10.3328,272.597,436.618,262.477,434.534
denied,183.151,1789657683.738,10.5585,271.307,436.867,260.926,434.937
denied,183.251,1789657683.838,10.4285,269.637,437.169,259.374,435.322
denied,183.351,1789657683.938,10.5625,268.308,437.354,257.880,435.677
denied,183.456,1789657684.042,10.6475,266.865,437.547,256.326,436.032
denied,183.556,1789657684.142,10.7167,265.527,437.673,254.893,436.350
denied,183.656,1789657684.243,10.6246,264.081,437.810,253.520,436.647
denied,183.757,1789657684.344,10.6935,262.736,437.939,252.088,436.952
denied,183.856,1789657684.443,10.9433,261.278,438.080,250.361,437.315
denied,183.957,1789657684.544,10.6135,259.385,439.101,248.874,437.625
denied,184.056,1789657684.643,10.4149,257.713,439.996,247.509,437.911
denied,184.157,1789657684.744,10.3534,256.186,440.719,246.144,438.197
denied,184.255,1789657684.842,10.6022,254.649,441.367,244.426,438.556
denied,184.355,1789657684.942,10.5380,253.025,441.942,242.946,438.864
denied,184.457,1789657685.043,9.9404,250.878,442.524,241.525,439.158
denied,184.556,1789657685.143,9.5863,248.956,442.997,240.045,439.462
denied,184.655,1789657685.242,9.1773,247.079,443.448,238.684,439.741
denied,184.755,1789657685.342,8.9229,245.317,443.760,237.204,440.045
denied,184.856,1789657685.443,8.4033,243.357,443.979,235.783,440.339
denied,184.956,1789657685.543,8.1055,241.415,444.115,234.066,440.696
denied,185.056,1789657685.643,7.8302,239.724,444.227,232.586,441.008
denied,185.155,1789657685.742,7.5944,238.132,444.339,231.166,441.313
denied,185.255,1789657685.842,7.3107,236.488,444.456,229.748,441.626
denied,185.356,1789657685.943,7.1241,234.985,444.489,228.330,441.947
denied,185.455,1789657686.042,6.9123,233.400,444.513,226.855,442.292
denied,185.556,1789657686.143,6.8046,231.938,444.468,225.382,442.647
denied,185.656,1789657686.242,6.6521,230.401,444.473,223.910,443.015
denied,185.755,1789657686.342,6.6743,229.019,444.531,222.442,443.397
denied,185.856,1789657686.442,6.6603,227.574,444.707,220.977,443.793
denied,185.955,1789657686.542,6.7437,226.275,444.949,219.574,444.188
denied,186.055,1789657686.642,6.8060,224.890,445.279,218.117,444.615
denied,186.156,1789657686.743,7.2141,223.628,445.634,216.431,445.129
denied,186.255,1789657686.842,7.2454,222.270,446.061,215.041,445.570
denied,186.356,1789657686.942,7.4390,221.023,446.488,213.598,446.043
denied,186.456,1789657687.043,7.4749,219.676,446.980,212.216,446.509
denied,186.556,1789657687.142,7.6107,218.435,447.457,210.838,446.986
denied,186.656,1789657687.243,7.7450,217.194,447.951,209.464,447.473
denied,186.755,1789657687.342,7.8034,215.823,448.501,208.036,447.989
denied,186.856,1789657687.442,8.1694,214.542,449.021,206.383,448.599
denied,186.956,1789657687.542,7.7889,212.807,449.024,205.018,449.112
denied,187.055,1789657687.642,7.7205,211.305,449.183,203.598,449.652
denied,187.156,1789657687.743,7.5496,209.755,449.476,202.238,450.178
denied,187.256,1789657687.843,7.5454,208.376,449.834,200.882,450.713
denied,187.355,1789657687.942,7.4579,206.925,450.293,199.530,451.257
denied,187.455,1789657688.042,7.5612,205.612,450.769,198.126,451.835
denied,187.556,1789657688.142,7.7983,204.211,451.328,196.504,452.517
denied,187.655,1789657688.242,7.9186,202.931,451.876,195.110,453.115
denied,187.756,1789657688.343,7.8715,201.556,452.496,193.777,453.697
denied,187.856,1789657688.443,7.8787,200.293,453.088,192.502,454.261
denied,187.956,1789657688.543,7.8116,198.906,453.741,191.174,454.854
denied,188.056,1789657688.643,8.1470,197.627,454.352,189.573,455.578
denied,188.156,1789657688.743,8.0071,196.232,455.025,188.305,456.155
denied,188.256,1789657688.842,8.0409,194.947,455.644,186.984,456.761
denied,188.356,1789657688.943,7.8324,193.332,456.092,185.608,457.394
denied,188.456,1789657689.042,7.5255,191.542,456.234,184.234,458.029
denied,188.556,1789657689.143,6.8668,189.319,456.159,182.915,458.639
denied,188.656,1789657689.243,6.5239,187.270,456.151,181.543,459.276
denied,188.755,1789657689.342,6.1040,185.001,456.182,180.174,459.919
denied,188.856,1789657689.443,6.2109,183.025,456.324,178.593,460.675
denied,188.956,1789657689.543,6.0649,180.982,456.569,177.237,461.339
denied,189.056,1789657689.643,6.1248,179.273,456.911,175.889,462.017
denied,189.156,1789657689.743,6.0687,177.557,457.378,174.603,462.680
denied,189.256,1789657689.843,6.1729,176.063,457.878,173.272,463.384
denied,189.355,1789657689.942,6.1332,174.511,458.476,172.002,464.072
denied,189.456,1789657690.043,6.1815,173.125,459.069,170.739,464.771
denied,189.555,1789657690.142,6.1317,171.653,459.745,169.483,465.480
denied,189.655,1789657690.242,6.3989,170.316,460.394,167.973,466.348
denied,189.756,1789657690.343,6.3346,168.883,461.117,166.728,467.074
denied,189.855,1789657690.442,6.3574,167.569,461.798,165.488,467.805
denied,189.955,1789657690.542,6.3083,166.175,462.533,164.251,468.541
denied,190.056,1789657690.643,6.5005,164.804,463.263,162.760,469.434
denied,190.162,1789657690.748,6.5617,163.662,463.874,161.630,470.113
denied,190.261,1789657690.848,6.6016,162.328,464.589,160.347,470.887
denied,190.361,1789657690.948,6.7377,161.112,465.242,159.064,471.661
denied,190.461,1789657691.048,6.8327,159.901,465.892,157.832,472.404
denied,190.561,1789657691.148,6.8953,158.593,466.593,156.547,473.177
denied,190.662,1789657691.249,6.9919,157.384,467.241,155.311,473.918
denied,190.761,1789657691.348,7.1827,156.030,467.978,153.817,474.811
denied,190.862,1789657691.449,7.2184,154.766,468.668,152.577,475.547
denied,190.961,1789657691.548,7.2168,153.398,469.410,151.285,476.310
denied,191.065,1789657691.652,7.2160,152.136,470.088,150.093,477.009
denied,191.166,1789657691.752,7.1793,150.770,470.817,148.846,477.734
denied,191.266,1789657691.852,7.4439,149.510,471.483,147.337,478.603
denied,191.366,1789657691.953,7.4538,148.144,472.197,146.031,479.345
denied,191.466,1789657692.053,7.5054,146.886,472.849,144.775,480.052
denied,191.568,1789657692.155,7.5165,145.628,473.494,143.568,480.723
denied,191.667,1789657692.254,7.7040,144.266,474.183,142.042,481.559
denied,191.766,1789657692.353,7.5656,142.742,474.938,140.775,482.244
denied,191.867,1789657692.454,7.6436,141.512,475.545,139.505,482.920
denied,191.965,1789657692.552,7.6693,140.207,476.178,138.231,483.589
denied,192.067,1789657692.654,7.5926,139.091,477.007,136.899,484.277
denied,192.166,1789657692.753,7.1936,137.940,478.166,135.563,484.956
denied,192.265,1789657692.852,6.5633,136.976,479.618,134.277,485.600
denied,192.366,1789657692.953,5.7080,135.980,481.376,132.985,486.235
denied,192.466,1789657693.053,5.1441,135.065,483.052,131.632,486.882
denied,192.570,1789657693.157,4.7489,134.072,484.978,130.104,487.587
denied,192.670,1789657693.257,4.6752,133.066,486.452,128.727,488.192
denied,192.772,1789657693.359,4.5556,131.897,487.750,127.447,488.725
denied,192.871,1789657693.458,4.6956,130.765,488.739,126.098,489.254
denied,192.971,1789657693.558,4.8232,129.498,489.636,124.677,489.773
denied,193.071,1789657693.658,5.2969,128.308,490.339,123.011,490.332
denied,193.171,1789657693.758,5.4851,127.101,490.946,121.619,490.760
denied,193.271,1789657693.858,5.6224,125.888,491.476,120.276,491.141
denied,193.371,1789657693.958,5.7831,124.571,491.978,118.806,491.523
denied,193.479,1789657694.066,6.0457,123.353,492.386,117.329,491.873
denied,193.579,1789657694.166,6.3178,122.140,492.739,115.846,492.192
denied,193.680,1789657694.267,6.4148,120.804,493.073,114.417,492.472
denied,193.779,1789657694.366,6.6523,119.551,493.335,112.926,492.737
denied,193.880,1789657694.467,7.0068,118.176,493.582,111.192,493.013
denied,193.981,1789657694.567,7.0567,116.789,493.797,109.756,493.219
denied,194.079,1789657694.666,7.1409,115.377,493.980,108.259,493.413
denied,194.181,1789657694.767,7.1686,113.969,494.136,106.822,493.581
denied,194.280,1789657694.867,7.2982,112.664,494.259,105.384,493.733
denied,194.380,1789657694.967,7.5508,111.244,494.365,103.708,493.892
denied,194.479,1789657695.066,7.7321,109.932,494.446,102.211,494.019
denied,194.579,1789657695.166,7.7365,108.502,494.522,100.775,494.129
denied,194.679,1789657695.266,7.8391,107.171,494.570,99.339,494.229
denied,194.779,1789657695.366,7.7739,105.732,494.614,97.964,494.316
denied,194.879,1789657695.466,7.9360,104.401,494.651,96.469,494.402
denied,194.979,1789657695.566,8.1608,102.954,494.671,94.795,494.490
denied,195.079,1789657695.666,8.2483,101.608,494.683,93.360,494.559
denied,195.179,1789657695.766,8.2248,100.151,494.697,91.926,494.622
denied,195.279,1789657695.866,8.5449,98.798,494.694,90.253,494.691
denied,195.379,1789657695.966,8.5659,97.445,494.694,88.880,494.744
denied,195.480,1789657696.067,8.5412,95.987,494.700,87.446,494.797
denied,195.580,1789657696.167,8.6280,94.640,494.698,86.013,494.848
denied,195.679,1789657696.266,8.9069,93.186,494.705,84.281,494.908
denied,195.779,1789657696.366,8.9811,91.767,494.758,82.788,494.959
denied,195.880,1789657696.467,8.5769,89.932,495.032,81.355,495.008
denied,195.980,1789657696.567,8.0209,87.935,495.399,79.921,495.058
denied,196.080,1789657696.666,7.3060,85.705,495.758,78.428,495.110
denied,196.179,1789657696.766,6.6532,83.651,496.015,77.054,495.158
denied,196.279,1789657696.866,6.2008,81.440,496.219,75.321,495.216
denied,196.381,1789657696.968,5.6107,79.449,496.352,73.946,495.260
denied,196.484,1789657697.071,4.9003,77.213,496.463,72.451,495.305
denied,196.579,1789657697.166,4.5991,75.521,496.523,71.076,495.345
denied,196.680,1789657697.266,4.3646,73.602,496.579,69.401,495.392
denied,196.779,1789657697.366,4.0831,71.875,496.610,67.966,495.431
denied,196.879,1789657697.466,3.6400,70.042,496.624,66.591,495.467
denied,196.980,1789657697.566,3.4946,68.403,496.635,65.095,495.505
denied,197.079,1789657697.666,3.4717,66.658,496.638,63.361,495.550
denied,197.179,1789657697.766,3.3819,65.081,496.639,61.866,495.589
denied,197.279,1789657697.866,3.1638,63.426,496.645,60.431,495.627
denied,197.386,1789657697.973,3.0012,61.945,496.663,59.116,495.662
denied,197.486,1789657698.073,3.2486,60.484,496.673,57.382,495.709
denied,197.597,1789657698.183,3.0465,58.912,496.669,56.008,495.748
denied,197.695,1789657698.282,3.0284,57.473,496.664,54.574,495.790
denied,197.794,1789657698.381,3.0257,56.049,496.666,53.140,495.833
denied,197.895,1789657698.481,3.1402,54.509,496.668,51.468,495.885
denied,197.995,1789657698.581,3.1479,53.095,496.672,50.036,495.931
denied,198.095,1789657698.682,3.0491,51.571,496.682,48.604,495.979
denied,198.194,1789657698.781,3.0865,50.180,496.719,47.172,496.028
denied,198.295,1789657698.882,3.0858,48.687,496.782,45.682,496.081
denied,198.395,1789657698.982,3.4375,47.316,496.856,43.953,496.144
denied,198.494,1789657699.081,3.4557,45.837,496.951,42.464,496.201
denied,198.594,1789657699.181,3.5313,44.475,497.047,41.034,496.256
denied,198.694,1789657699.281,3.4454,43.002,497.159,39.663,496.310
denied,198.794,1789657699.381,3.5284,41.644,497.268,38.233,496.366
denied,198.894,1789657699.481,3.5641,40.174,497.390,36.744,496.424
denied,198.995,1789657699.582,3.9359,38.818,497.506,35.015,496.491
denied,199.095,1789657699.682,3.9105,37.344,497.621,33.584,496.546
denied,199.194,1789657699.781,4.0489,35.984,497.723,32.094,496.601
denied,199.294,1789657699.881,4.0773,34.508,497.829,30.604,496.655
denied,199.394,1789657699.981,4.2084,33.143,497.920,29.113,496.707
denied,199.495,1789657700.082,4.1800,31.668,498.017,27.683,496.755
denied,199.594,1789657700.181,4.2041,30.309,498.103,26.312,496.798
denied,199.694,1789657700.281,4.5061,28.948,498.184,24.644,496.849
denied,199.794,1789657700.381,4.5345,27.474,498.271,23.155,496.891
denied,199.894,1789657700.481,4.6671,26.113,498.346,21.666,496.930
denied,199.994,1789657700.581,4.6946,24.641,498.424,20.178,496.966
denied,200.094,1789657700.681,4.6869,23.254,498.486,18.809,496.997
denied,200.194,1789657700.781,4.7945,21.699,498.528,17.144,497.031
denied,200.295,1789657700.881,4.8215,20.290,498.583,15.716,497.057
denied,200.394,1789657700.981,4.6541,18.689,498.601,14.290,497.080
denied,200.494,1789657701.081,4.6308,17.235,498.629,12.863,497.100
denied,200.594,1789657701.181,4.3346,15.512,498.597,11.437,497.118
denied,200.694,1789657701.281,4.1968,13.899,498.559,9.952,497.133
denied,200.794,1789657701.381,3.8583,12.066,498.535,8.467,497.145
denied,200.894,1789657701.481,4.0142,10.517,498.526,6.744,497.155
denied,200.994,1789657701.581,3.7531,8.822,498.510,5.319,497.162
denied,201.094,1789657701.681,3.5893,7.232,498.486,3.895,497.166
denied,201.196,1789657701.783,3.2777,5.486,498.453,2.471,497.168
denied,201.294,1789657701.881,3.2881,3.852,498.414,0.810,497.167
denied,201.397,1789657701.983,3.0379,2.112,498.378,-0.673,497.164
denied,201.495,1789657702.082,2.8609,0.508,498.344,-2.096,497.159
denied,201.594,1789657702.181,2.6543,-1.076,498.318,-3.460,497.152
denied,201.694,1789657702.281,2.6266,-2.762,498.298,-5.121,497.141
denied,201.794,1789657702.381,2.5826,-4.295,498.287,-6.603,497.129
denied,201.894,1789657702.481,2.3536,-5.924,498.284,-7.967,497.115
denied,201.994,1789657702.581,2.3092,-7.408,498.284,-9.390,497.099
denied,202.095,1789657702.682,2.1806,-8.996,498.286,-10.813,497.080
denied,202.195,1789657702.782,2.3206,-10.568,498.289,-12.532,497.053
denied,202.294,1789657702.881,2.3156,-12.016,498.294,-13.955,497.028
denied,202.394,1789657702.981,2.3180,-13.458,498.299,-15.378,496.999
denied,202.494,1789657703.081,2.2312,-15.015,498.307,-16.800,496.968
denied,202.595,1789657703.181,2.3527,-16.563,498.318,-18.460,496.926
denied,202.694,1789657703.281,2.4345,-17.981,498.328,-19.942,496.884
denied,202.794,1789657703.381,2.5154,-19.405,498.340,-21.424,496.838
denied,202.895,1789657703.482,2.5089,-20.951,498.361,-22.905,496.788
denied,202.995,1789657703.581,2.5119,-22.376,498.389,-24.268,496.737
denied,203.095,1789657703.682,2.5279,-23.918,498.420,-25.750,496.678
denied,203.194,1789657703.781,2.5948,-25.335,498.448,-27.172,496.615
denied,203.295,1789657703.882,2.6317,-26.867,498.478,-28.653,496.545
denied,203.394,1789657703.981,2.7156,-28.282,498.512,-30.074,496.472
denied,203.494,1789657704.081,2.7833,-29.811,498.558,-31.555,496.389
denied,203.596,1789657704.183,3.0956,-31.222,498.606,-33.271,496.285
denied,203.694,1789657704.281,3.1386,-32.739,498.651,-34.691,496.193
denied,203.796,1789657704.383,3.1823,-34.243,498.670,-36.110,496.093
denied,203.895,1789657704.482,3.4072,-35.620,498.667,-37.705,495.973
denied,203.994,1789657704.581,3.5277,-36.992,498.669,-39.123,495.858
denied,204.094,1789657704.681,3.5795,-38.469,498.656,-40.539,495.736
denied,204.203,1789657704.790,3.8127,-39.826,498.626,-42.132,495.589
denied,204.304,1789657704.890,3.8562,-41.287,498.577,-43.546,495.451
denied,204.403,1789657704.990,3.9681,-42.632,498.520,-44.959,495.306
denied,204.505,1789657705.092,4.0109,-44.082,498.446,-46.371,495.153
denied,204.604,1789657705.191,4.1629,-45.416,498.369,-47.842,494.986
denied,204.703,1789657705.290,4.2066,-46.858,498.276,-49.253,494.818
denied,204.804,1789657705.391,4.3622,-48.184,498.183,-50.723,494.635
denied,204.904,1789657705.490,4.6137,-49.617,498.074,-52.426,494.415
denied,205.004,1789657705.591,4.7727,-50.934,497.960,-53.895,494.216
denied,205.104,1789657705.691,4.8761,-52.266,497.833,-55.304,494.019
denied,205.204,1789657705.791,4.9339,-53.710,497.676,-56.771,493.807
denied,205.304,1789657705.891,5.0679,-55.044,497.523,-58.237,493.588
denied,205.404,1789657705.990,5.0346,-56.489,497.351,-59.586,493.381
denied,205.504,1789657706.091,5.1593,-57.825,497.176,-61.051,493.150
denied,205.605,1789657706.192,5.3759,-59.281,496.980,-62.751,492.874
denied,205.704,1789657706.291,5.1866,-60.744,496.778,-63.922,492.679
denied,205.805,1789657706.392,5.3861,-62.220,496.568,-65.620,492.391
denied,205.903,1789657706.490,5.4722,-63.584,496.402,-67.025,492.147
denied,206.004,1789657706.590,5.4902,-65.043,496.221,-68.428,491.899
denied,206.103,1789657706.690,5.5978,-66.377,496.052,-69.830,491.646
denied,206.204,1789657706.791,5.7946,-67.870,495.890,-71.465,491.346
denied,206.303,1789657706.890,5.9460,-69.299,495.786,-72.923,491.073
denied,206.404,1789657706.990,6.1088,-70.700,495.670,-74.380,490.795
denied,206.504,1789657707.091,6.2104,-72.115,495.538,-75.778,490.523
denied,206.604,1789657707.190,6.1881,-73.687,495.357,-77.175,490.246
denied,206.703,1789657707.290,6.2314,-75.150,495.172,-78.571,489.963
denied,206.804,1789657707.391,6.3571,-76.733,494.956,-80.198,489.627
denied,206.903,1789657707.490,6.3470,-78.192,494.741,-81.533,489.344
denied,207.005,1789657707.592,6.4067,-79.669,494.514,-82.983,489.031
denied,207.104,1789657707.691,6.2597,-81.415,494.241,-84.374,488.724
denied,207.205,1789657707.792,6.4956,-82.872,494.011,-86.052,488.347
denied,207.304,1789657707.891,6.3226,-84.429,493.760,-87.208,488.081
denied,207.404,1789657707.990,6.4563,-85.852,493.520,-88.710,487.731
denied,207.504,1789657708.090,6.6123,-87.365,493.259,-90.325,487.346
denied,207.606,1789657708.193,6.7418,-88.731,493.016,-91.765,486.996
denied,207.704,1789657708.291,6.6653,-90.187,492.753,-92.974,486.698
denied,207.803,1789657708.390,6.9693,-91.513,492.508,-94.641,486.280
denied,207.904,1789657708.491,7.0629,-92.937,492.240,-96.077,485.913
denied,208.004,1789657708.591,7.1524,-94.240,491.989,-97.396,485.571
denied,208.103,1789657708.690,7.2196,-95.644,491.716,-98.772,485.209
denied,208.204,1789657708.791,7.5144,-96.935,491.461,-100.376,484.781
denied,208.303,1789657708.890,7.6286,-98.326,491.181,-101.806,484.393
denied,208.403,1789657708.990,7.7248,-99.648,490.886,-103.179,484.015
denied,208.504,1789657709.091,7.7172,-101.071,490.566,-104.493,483.649
denied,208.603,1789657709.190,7.9959,-102.372,490.275,-106.092,483.198
denied,208.704,1789657709.291,8.0952,-103.770,489.965,-107.518,482.790
denied,208.803,1789657709.390,8.1802,-105.093,489.641,-108.886,482.394
denied,208.904,1789657709.491,8.2051,-106.546,489.267,-110.310,481.977
denied,209.003,1789657709.590,8.2526,-107.864,488.938,-111.619,481.589
denied,209.104,1789657709.691,8.3285,-109.275,488.592,-113.041,481.164
denied,209.203,1789657709.790,8.4924,-110.563,488.280,-114.461,480.734
denied,209.304,1789657709.891,8.5555,-111.950,487.948,-115.823,480.319
denied,209.404,1789657709.991,8.6682,-113.268,487.586,-117.241,479.882
denied,209.504,1789657710.091,8.7748,-114.753,487.112,-118.884,479.371
denied,209.603,1789657710.190,8.8119,-116.114,486.680,-120.300,478.926
denied,209.703,1789657710.290,8.7761,-117.577,486.218,-121.714,478.478
denied,209.803,1789657710.390,8.5798,-119.016,485.654,-123.014,478.063
denied,209.905,1789657710.491,8.4335,-120.536,485.092,-124.426,477.610
denied,210.004,1789657710.591,8.0807,-122.074,484.353,-125.780,477.173
denied,210.104,1789657710.691,7.6258,-123.751,483.522,-127.190,476.716
denied,210.204,1789657710.791,7.4866,-125.256,482.816,-128.769,476.205
denied,210.304,1789657710.891,7.2236,-126.728,482.144,-130.121,475.767
denied,210.404,1789657710.991,6.7532,-128.331,481.357,-131.416,475.350
denied,210.503,1789657711.090,6.2793,-129.939,480.523,-132.768,474.917
denied,210.604,1789657711.191,6.0566,-131.412,479.714,-134.346,474.416
denied,210.704,1789657711.290,5.4634,-133.009,478.746,-135.698,473.991
denied,210.804,1789657711.391,5.0229,-134.459,477.873,-137.052,473.571
denied,210.904,1789657711.491,4.5853,-135.991,477.054,-138.406,473.157
denied,211.004,1789657711.590,4.5559,-137.376,476.415,-139.988,472.683
denied,211.104,1789657711.691,4.3212,-138.857,475.817,-141.346,472.285
denied,211.205,1789657711.791,4.2440,-140.213,475.330,-142.705,471.895
denied,211.305,1789657711.892,4.2946,-141.674,474.854,-144.294,471.451
denied,211.404,1789657711.991,4.2817,-143.019,474.451,-145.657,471.078
denied,211.504,1789657712.091,4.2396,-144.476,474.043,-147.078,470.696
denied,211.604,1789657712.191,4.2562,-145.820,473.686,-148.444,470.335
denied,211.703,1789657712.290,4.1903,-147.277,473.317,-149.811,469.979
denied,211.803,1789657712.390,4.2666,-148.622,472.984,-151.236,469.612
denied,211.904,1789657712.491,4.2518,-150.080,472.626,-152.663,469.248
denied,212.004,1789657712.591,4.2884,-151.416,472.299,-154.033,468.901
denied,212.104,1789657712.691,4.4772,-152.856,471.951,-155.689,468.484
denied,212.204,1789657712.791,4.5193,-154.185,471.626,-157.059,468.139
denied,212.304,1789657712.891,4.5201,-155.621,471.275,-158.487,467.779
denied,212.404,1789657712.991,4.6152,-156.945,470.951,-159.916,467.419
denied,212.505,1789657713.092,4.6193,-158.374,470.595,-161.344,467.057
denied,212.604,1789657713.191,4.6631,-159.698,470.264,-162.714,466.708
denied,212.703,1789657713.290,4.6206,-161.125,469.906,-164.085,466.358
denied,212.804,1789657713.391,4.7012,-162.448,469.555,-165.512,465.990
denied,212.903,1789657713.490,4.5434,-163.923,469.017,-166.938,465.619
denied,213.004,1789657713.590,4.3977,-165.304,468.473,-168.306,465.260
denied,213.104,1789657713.691,4.3609,-166.827,467.857,-169.958,464.822
denied,213.204,1789657713.791,4.1016,-168.266,467.267,-171.268,464.472
denied,213.304,1789657713.891,3.7596,-169.848,466.631,-172.633,464.105
denied,213.403,1789657713.990,3.5935,-171.321,466.054,-174.054,463.720
denied,213.504,1789657714.090,3.2669,-172.915,465.450,-175.417,463.350
denied,213.604,1789657714.191,3.3487,-174.386,464.912,-177.063,462.900
denied,213.704,1789657714.291,3.0948,-175.987,464.344,-178.480,462.512
denied,213.807,1789657714.394,2.9883,-177.451,463.840,-179.897,462.122
denied,213.903,1789657714.490,2.6656,-179.028,463.309,-181.199,461.762
denied,214.004,1789657714.591,2.5293,-180.476,462.825,-182.556,461.385
denied,214.104,1789657714.691,2.5570,-182.037,462.300,-184.194,460.927
denied,214.203,1789657714.790,2.4368,-183.472,461.822,-185.548,460.546
denied,214.303,1789657714.890,2.2050,-185.021,461.315,-186.901,460.162
denied,214.407,1789657714.994,2.1052,-186.447,460.859,-188.252,459.776
denied,214.504,1789657715.091,2.1263,-187.984,460.381,-189.828,459.322
denied,214.604,1789657715.191,1.8330,-189.388,459.951,-190.952,458.994
denied,214.707,1789657715.294,1.9984,-190.910,459.504,-192.637,458.498
denied,214.804,1789657715.391,1.9574,-192.307,459.107,-193.984,458.097
denied,214.904,1789657715.491,1.8133,-193.815,458.688,-195.329,457.691
denied,215.004,1789657715.590,1.8572,-195.191,458.303,-196.729,457.262
denied,215.106,1789657715.692,1.8028,-196.674,457.895,-198.127,456.828
denied,215.204,1789657715.790,1.8115,-198.030,457.507,-199.468,456.405
denied,215.304,1789657715.891,1.7144,-199.481,457.062,-200.807,455.976
denied,215.404,1789657715.991,1.9479,-200.808,456.634,-202.367,455.466
denied,215.503,1789657716.090,1.8535,-202.233,456.152,-203.702,455.022
denied,215.603,1789657716.190,1.8703,-203.540,455.695,-205.034,454.571
denied,215.703,1789657716.290,1.7791,-204.947,455.186,-206.365,454.112
denied,215.804,1789657716.391,1.8556,-206.240,454.706,-207.749,453.626
denied,215.903,1789657716.490,1.7676,-207.634,454.176,-209.075,453.153
denied,216.004,1789657716.591,2.0788,-208.915,453.677,-210.675,452.571
denied,216.103,1789657716.690,1.9376,-210.298,453.128,-211.941,452.102
denied,216.204,1789657716.791,1.9820,-211.557,452.620,-213.261,451.606
denied,216.304,1789657716.891,1.9775,-212.915,452.061,-214.633,451.083
denied,216.405,1789657716.992,2.0907,-214.160,451.540,-216.003,450.552
denied,216.504,1789657717.091,2.2719,-215.503,450.968,-217.534,449.949
denied,216.604,1789657717.191,2.3311,-216.741,450.432,-218.844,449.426
denied,216.704,1789657717.290,2.2776,-218.080,449.843,-220.151,448.896
denied,216.804,1789657717.391,2.2253,-219.415,449.248,-221.456,448.360
denied,216.909,1789657717.496,2.5808,-220.644,448.691,-223.030,447.706
denied,217.003,1789657717.590,2.5863,-221.869,448.129,-224.275,447.180
denied,217.104,1789657717.691,2.5406,-223.192,447.516,-225.572,446.627
denied,217.204,1789657717.791,2.6115,-224.406,446.945,-226.867,446.069
denied,217.304,1789657717.891,2.5671,-225.724,446.318,-228.159,445.505
denied,217.405,1789657717.992,2.8116,-227.042,445.683,-229.717,444.818
denied,217.504,1789657718.091,2.8188,-228.255,445.091,-230.951,444.267
denied,217.607,1789657718.194,2.8830,-229.467,444.493,-232.235,443.688
denied,217.704,1789657718.291,2.8942,-230.779,443.840,-233.571,443.080
denied,217.804,1789657718.391,2.9570,-231.988,443.229,-234.851,442.492
denied,217.904,1789657718.491,2.9663,-233.297,442.562,-236.182,441.874
denied,218.003,1789657718.590,3.3189,-234.500,441.944,-237.723,441.152
denied,218.103,1789657718.690,3.3300,-235.806,441.281,-239.049,440.525
denied,218.203,1789657718.790,3.3442,-237.082,440.759,-240.319,439.918
denied,218.304,1789657718.891,3.3195,-238.438,440.159,-241.640,439.283
denied,218.403,1789657718.990,3.2924,-239.686,439.590,-242.854,438.694
denied,218.503,1789657719.090,3.1207,-241.153,439.049,-244.118,438.075
denied,218.604,1789657719.191,3.3969,-242.460,438.509,-245.642,437.320
denied,218.704,1789657719.291,3.2324,-243.836,437.889,-246.848,436.716
denied,218.804,1789657719.391,3.3173,-245.078,437.291,-248.156,436.054
denied,218.903,1789657719.490,3.2421,-246.402,436.624,-249.408,435.411
denied,219.004,1789657719.591,3.2904,-247.606,435.991,-250.658,434.762
denied,219.104,1789657719.690,3.2555,-248.988,435.415,-251.957,434.079
denied,219.203,1789657719.790,3.3471,-250.251,434.870,-253.253,433.389
denied,219.304,1789657719.891,3.5737,-251.586,434.237,-254.753,432.581
denied,219.403,1789657719.990,3.6878,-252.794,433.622,-256.042,431.875
denied,219.504,1789657720.091,3.6966,-254.082,432.930,-257.329,431.163
denied,219.604,1789657720.191,3.7669,-255.289,432.338,-258.561,430.471
denied,219.703,1789657720.290,3.8078,-256.662,431.839,-259.841,429.743
denied,219.805,1789657720.392,3.8457,-257.891,431.309,-261.016,429.067
denied,219.904,1789657720.491,3.8327,-259.190,430.678,-262.238,428.355
denied,220.004,1789657720.591,3.9848,-260.366,430.056,-263.508,427.605
denied,220.104,1789657720.690,4.0263,-261.620,429.350,-264.773,426.846
denied,220.204,1789657720.791,4.1764,-262.762,428.675,-266.034,426.079
denied,220.303,1789657720.890,4.4516,-263.986,427.924,-267.491,425.179
denied,220.404,1789657720.991,4.5450,-265.105,427.217,-268.692,424.426
denied,220.503,1789657721.090,4.5879,-266.309,426.439,-269.940,423.635
denied,220.607,1789657721.194,4.7431,-267.411,425.711,-271.183,422.836
denied,220.704,1789657721.291,4.7118,-268.607,424.894,-272.374,422.063
denied,220.803,1789657721.390,4.7853,-269.797,424.240,-273.561,421.285
denied,220.904,1789657721.491,5.0127,-271.203,423.711,-274.941,420.371
denied,221.003,1789657721.590,5.1237,-272.440,423.146,-276.121,419.583
denied,221.104,1789657721.690,5.1298,-273.729,422.474,-277.298,418.788
denied,221.204,1789657721.791,5.2409,-274.883,421.810,-278.469,417.988
denied,221.304,1789657721.890,5.3023,-276.104,421.058,-279.685,417.148
denied,221.404,1789657721.991,5.4686,-277.210,420.340,-280.895,416.300
denied,221.504,1789657722.090,5.7019,-278.389,419.543,-282.244,415.342
denied,221.603,1789657722.190,5.8696,-279.464,418.794,-283.444,414.480
denied,221.703,1789657722.290,5.8737,-280.616,417.971,-284.590,413.646
denied,221.803,1789657722.390,6.0442,-281.669,417.202,-285.780,412.772
denied,221.904,1789657722.491,6.0824,-282.811,416.334,-286.966,411.892
denied,222.003,1789657722.590,6.2008,-283.874,415.500,-288.148,411.006
denied,222.105,1789657722.691,6.1957,-285.025,414.576,-289.326,410.116
denied,222.203,1789657722.790,6.2365,-286.086,413.709,-290.454,409.257
denied,222.304,1789657722.891,6.2182,-287.233,412.760,-291.626,408.358
denied,222.404,1789657722.991,6.4260,-288.292,411.874,-292.889,407.384
denied,222.504,1789657723.091,6.3381,-289.437,410.904,-294.009,406.514
denied,222.603,1789657723.190,6.3053,-290.494,410.006,-295.080,405.678
denied,222.704,1789657723.291,6.2234,-291.632,409.035,-296.196,404.804
denied,222.804,1789657723.390,6.3146,-292.682,408.137,-297.356,403.891
denied,222.904,1789657723.490,6.2935,-293.817,407.164,-298.515,402.977
denied,223.004,1789657723.591,6.6237,-294.863,406.264,-299.858,401.914
denied,223.104,1789657723.691,6.5616,-295.987,405.305,-300.967,401.033
denied,223.204,1789657723.791,6.6753,-297.023,404.422,-302.122,400.114
denied,223.304,1789657723.891,6.6161,-298.145,403.463,-303.230,399.231
denied,223.403,1789657723.990,6.6690,-299.182,402.577,-304.338,398.347
denied,223.503,1789657724.090,6.4530,-300.483,401.588,-305.445,397.462
denied,223.604,1789657724.191,6.2236,-302.036,400.508,-306.736,396.429
denied,223.703,1789657724.290,5.4897,-303.866,399.240,-307.889,395.505
denied,223.804,1789657724.391,4.9320,-305.528,398.042,-309.040,394.580
denied,223.904,1789657724.491,4.3144,-307.217,396.779,-310.191,393.653
denied,224.003,1789657724.590,3.7995,-308.778,395.607,-311.294,392.760
denied,224.104,1789657724.690,3.2454,-310.361,394.394,-312.395,391.864
denied,224.203,1789657724.790,2.9945,-311.746,393.326,-313.539,390.928
denied,224.304,1789657724.890,2.6639,-313.134,392.225,-314.635,390.025
denied,224.404,1789657724.990,2.5968,-314.339,391.244,-315.774,389.081
denied,224.504,1789657725.091,2.6896,-315.585,390.208,-317.091,387.981
denied,224.604,1789657725.191,2.6558,-316.695,389.269,-318.178,387.066
denied,224.703,1789657725.290,2.7047,-317.776,388.340,-319.307,386.111
denied,224.804,1789657725.391,2.6578,-318.926,387.341,-320.432,385.151
denied,224.904,1789657725.491,2.7391,-319.972,386.424,-321.555,384.189
denied,225.004,1789657725.591,2.6646,-321.087,385.434,-322.629,383.262
denied,225.104,1789657725.691,2.7090,-322.107,384.521,-323.702,382.332
denied,225.203,1789657725.790,2.6472,-323.202,383.532,-324.771,381.399
denied,225.304,1789657725.891,3.0495,-324.206,382.617,-326.104,380.230
denied,225.404,1789657725.991,2.9957,-325.285,381.622,-327.168,379.293
denied,225.503,1789657726.090,2.8787,-326.278,380.702,-328.097,378.471
denied,225.604,1789657726.191,2.8912,-327.346,379.707,-329.201,377.489
denied,225.704,1789657726.291,3.0162,-328.328,378.786,-330.303,376.506
denied,225.804,1789657726.391,3.0269,-329.392,377.783,-331.403,375.521
denied,225.904,1789657726.491,3.3824,-330.374,376.853,-332.677,374.375
denied,226.004,1789657726.591,3.2700,-331.437,375.838,-333.685,373.464
denied,226.104,1789657726.691,3.3895,-332.417,374.902,-334.780,372.472
denied,226.204,1789657726.791,3.3976,-333.476,373.886,-335.873,371.479
denied,226.303,1789657726.890,3.4580,-334.452,372.944,-336.921,370.523
denied,226.403,1789657726.990,3.6409,-335.509,371.921,-338.142,369.406
denied,226.507,1789657727.094,3.7049,-336.482,370.978,-339.187,368.447
denied,226.604,1789657727.190,3.6538,-337.535,369.952,-340.231,367.486
denied,226.704,1789657727.290,3.7206,-338.504,369.008,-341.274,366.524
denied,226.806,1789657727.393,3.9631,-339.557,367.976,-342.533,365.359
denied,226.904,1789657727.491,4.0178,-340.530,367.016,-343.573,364.393
denied,227.004,1789657727.591,3.9585,-341.585,365.976,-344.613,363.426
denied,227.104,1789657727.691,3.9521,-342.558,365.011,-345.608,362.497
denied,227.205,1789657727.792,4.0749,-343.523,364.054,-346.688,361.487
denied,227.303,1789657727.890,4.2588,-344.572,363.014,-347.897,360.353
denied,227.403,1789657727.990,4.3767,-345.538,362.049,-348.975,359.339
denied,227.503,1789657728.090,4.3785,-346.586,360.999,-350.052,358.323
denied,227.603,1789657728.190,4.4346,-347.554,360.029,-351.085,357.346
denied,227.703,1789657728.290,4.3798,-348.598,358.977,-352.116,356.368
denied,227.806,1789657728.392,4.3849,-349.641,357.923,-353.190,355.348
denied,227.904,1789657728.491,4.5033,-350.603,356.951,-354.262,354.326
denied,228.004,1789657728.591,4.6266,-351.560,355.980,-355.333,353.302
denied,228.104,1789657728.691,4.5786,-352.597,354.925,-356.360,352.318
denied,228.204,1789657728.791,4.6383,-353.556,353.948,-357.386,351.331
denied,228.304,1789657728.891,4.6466,-354.592,352.886,-358.453,350.302
denied,228.404,1789657728.991,4.7676,-355.546,351.906,-359.520,349.271
denied,228.504,1789657729.091,5.0078,-356.581,350.839,-360.755,348.073
denied,228.604,1789657729.191,5.0616,-357.538,349.846,-361.776,347.079
denied,228.703,1789657729.290,5.0040,-358.573,348.769,-362.796,346.083
denied,228.804,1789657729.391,5.0564,-359.529,347.771,-363.814,345.086
denied,228.904,1789657729.490,4.9974,-360.562,346.687,-364.830,344.087
denied,229.003,1789657729.590,5.2829,-361.512,345.686,-366.014,342.920
denied,229.109,1789657729.696,5.2885,-362.539,344.605,-367.068,341.876
denied,229.204,1789657729.791,5.4082,-363.482,343.608,-368.121,340.830
denied,229.303,1789657729.890,5.4209,-364.499,342.528,-369.173,339.782
denied,229.403,1789657729.990,5.4868,-365.436,341.530,-370.180,338.774
denied,229.503,1789657730.090,5.4989,-366.450,340.444,-371.228,337.722
denied,229.605,1789657730.192,5.6181,-367.385,339.435,-372.274,336.668
denied,229.705,1789657730.292,5.5716,-368.396,338.341,-373.276,335.653
denied,229.805,1789657730.392,5.8639,-369.326,337.331,-374.443,334.468
denied,229.904,1789657730.491,5.8225,-370.329,336.235,-375.441,333.449
denied,230.003,1789657730.590,5.8915,-371.252,335.224,-376.438,332.428
denied,230.104,1789657730.691,5.9624,-372.173,334.213,-377.433,331.405
denied,230.204,1789657730.791,6.1503,-373.168,333.110,-378.591,330.209
denied,230.304,1789657730.891,6.2760,-374.086,332.091,-379.623,329.138
denied,230.404,1789657730.991,6.3465,-375.000,331.071,-380.612,328.108
denied,230.507,1789657731.094,6.5285,-375.913,330.046,-381.682,326.989
denied,230.604,1789657731.190,6.4869,-376.902,328.930,-382.667,325.954
denied,230.703,1789657731.290,6.6109,-377.811,327.897,-383.690,324.874
denied,230.805,1789657731.392,6.5706,-378.794,326.771,-384.671,323.834
denied,230.909,1789657731.496,6.8024,-379.700,325.729,-385.772,322.662
denied,231.005,1789657731.592,6.8179,-380.678,324.599,-386.788,321.574
denied,231.104,1789657731.691,6.9388,-381.578,323.551,-387.802,320.484
denied,231.204,1789657731.791,6.8993,-382.551,322.416,-388.773,319.436
denied,231.303,1789657731.890,6.9680,-383.444,321.369,-389.741,318.385
denied,231.404,1789657731.991,6.9835,-384.334,320.320,-390.667,317.377
denied,231.503,1789657732.090,6.4673,-385.820,319.034,-391.671,316.278
denied,231.604,1789657732.190,6.2130,-387.077,317.879,-392.672,315.177
denied,231.704,1789657732.290,6.1692,-388.315,316.663,-393.830,313.897
denied,231.804,1789657732.391,6.1139,-389.374,315.561,-394.824,312.789
denied,231.904,1789657732.491,5.8370,-390.518,314.387,-395.734,311.766
denied,232.004,1789657732.591,5.2839,-392.117,313.359,-396.679,310.694
denied,232.104,1789657732.691,5.0192,-393.609,312.235,-397.776,309.438
denied,232.203,1789657732.790,4.7861,-394.856,311.191,-398.711,308.355
denied,232.303,1789657732.890,4.3291,-396.356,310.088,-399.639,307.266
denied,232.404,1789657732.991,4.2080,-397.573,309.050,-400.597,306.123
denied,232.503,1789657733.090,3.9877,-398.759,307.908,-401.507,305.019
denied,232.605,1789657733.192,4.2491,-399.762,306.840,-402.595,303.673
denied,232.704,1789657733.291,3.8940,-400.776,305.671,-403.337,302.737
denied,232.804,1789657733.391,4.2214,-401.659,304.582,-404.400,301.371
denied,232.904,1789657733.491,4.1545,-402.575,303.394,-405.269,300.232
denied,233.003,1789657733.590,4.2773,-403.388,302.292,-406.165,299.038
denied,233.103,1789657733.690,4.2377,-404.245,301.092,-407.016,297.885
denied,233.204,1789657733.790,4.3193,-405.017,299.980,-407.858,296.727
denied,233.304,1789657733.890,4.2884,-405.838,298.763,-408.692,295.562
denied,233.405,1789657733.992,4.4261,-406.587,297.628,-409.554,294.344
denied,233.504,1789657734.091,4.3984,-407.540,296.377,-410.442,293.072
denied,233.604,1789657734.191,4.2837,-408.640,295.210,-411.289,291.843
denied,233.703,1789657734.290,4.3067,-409.709,293.955,-412.230,290.463
denied,233.804,1789657734.390,4.3339,-410.613,292.801,-413.064,289.226
denied,233.904,1789657734.491,4.2801,-411.528,291.553,-413.890,287.984
denied,234.004,1789657734.591,4.2519,-412.327,290.402,-414.644,286.836
denied,234.107,1789657734.693,4.3013,-413.094,289.250,-415.423,285.635
denied,234.206,1789657734.793,4.6005,-413.841,288.099,-416.325,284.227
denied,234.304,1789657734.891,4.5603,-414.622,286.850,-417.091,283.016
denied,234.404,1789657734.991,4.6396,-415.332,285.697,-417.851,281.801
denied,234.504,1789657735.091,4.6138,-416.084,284.446,-418.606,280.582
denied,234.604,1789657735.191,4.7351,-416.772,283.257,-419.387,279.309
denied,234.705,1789657735.292,4.9661,-417.508,281.946,-420.285,277.829
denied,234.804,1789657735.391,4.7723,-418.182,280.728,-420.901,276.806
denied,234.903,1789657735.490,5.0007,-418.904,279.405,-421.788,275.320
denied,235.004,1789657735.590,5.0495,-419.565,278.184,-422.518,274.088
denied,235.104,1789657735.690,4.9892,-420.277,276.866,-423.244,272.854
denied,235.203,1789657735.790,5.0427,-420.931,275.645,-423.967,271.619
denied,235.304,1789657735.891,5.2837,-421.635,274.328,-424.838,270.125
denied,235.403,1789657735.990,5.3452,-422.284,273.115,-425.555,268.887
denied,235.507,1789657736.094,5.2911,-422.985,271.795,-426.271,267.648
denied,235.604,1789657736.190,5.3477,-423.629,270.572,-426.984,266.408
denied,235.703,1789657736.290,5.2895,-424.328,269.245,-427.696,265.166
denied,235.804,1789657736.391,5.5788,-424.971,268.017,-428.525,263.716
denied,235.904,1789657736.490,5.5800,-425.667,266.687,-429.263,262.421
denied,236.004,1789657736.590,5.6903,-426.309,265.455,-430.000,261.125
denied,236.103,1789657736.690,5.4650,-427.301,264.078,-430.736,259.828
denied,236.205,1789657736.792,5.3300,-428.207,262.818,-431.442,258.582
denied,236.305,1789657736.892,5.1418,-429.175,261.459,-432.176,257.284
denied,236.404,1789657736.991,4.8312,-430.178,260.186,-432.820,256.140
denied,236.503,1789657737.090,4.8219,-431.238,258.798,-433.665,254.631
denied,236.604,1789657737.191,4.7404,-432.173,257.518,-434.390,253.328
denied,236.703,1789657737.290,4.6015,-433.086,256.155,-435.111,252.022
denied,236.803,1789657737.390,4.5741,-433.862,254.911,-435.797,250.766
denied,236.903,1789657737.490,4.4593,-434.648,253.573,-436.479,249.507
denied,237.005,1789657737.592,4.3688,-435.394,252.243,-437.156,248.245
denied,237.104,1789657737.691,4.4702,-436.055,251.019,-437.855,246.927
denied,237.204,1789657737.791,4.5228,-436.697,249.797,-438.521,245.659
denied,237.304,1789657737.891,4.8813,-437.323,248.578,-439.320,244.123
denied,237.403,1789657737.990,4.8345,-437.989,247.257,-439.976,242.850
denied,237.504,1789657738.091,4.8465,-438.594,246.039,-440.601,241.627
denied,237.603,1789657738.190,4.7991,-439.239,244.707,-441.250,240.349
denied,237.704,1789657738.291,4.9257,-439.828,243.475,-441.921,239.016
denied,237.804,1789657738.391,5.1687,-440.461,242.128,-442.696,237.467
denied,237.904,1789657738.491,5.2211,-441.040,240.874,-443.333,236.183
denied,238.004,1789657738.591,5.0857,-441.666,239.500,-443.941,234.952
denied,238.103,1789657738.690,5.1257,-442.241,238.229,-444.573,233.665
denied,238.203,1789657738.790,5.2924,-442.847,237.050,-445.229,232.324
denied,238.306,1789657738.892,5.6608,-443.450,235.896,-445.960,230.822
denied,238.403,1789657738.990,5.9059,-444.008,234.781,-446.610,229.479
denied,238.504,1789657739.090,6.1208,-444.565,233.634,-447.257,228.136
denied,238.604,1789657739.191,6.1455,-445.169,232.364,-447.875,226.846
denied,238.704,1789657739.291,6.3223,-445.725,231.174,-448.517,225.502
denied,238.804,1789657739.391,6.4291,-446.281,229.973,-449.131,224.210
denied,238.903,1789657739.490,6.4169,-446.881,228.661,-449.742,222.917
denied,239.003,1789657739.590,7.0337,-447.305,227.631,-450.478,221.354
denied,239.103,1789657739.690,7.1939,-447.763,226.507,-451.059,220.113
denied,239.204,1789657739.791,8.0453,-447.941,225.949,-451.664,218.817
denied,239.304,1789657739.891,8.9849,-448.087,225.406,-452.292,217.466
denied,239.403,1789657739.990,9.7260,-448.335,224.692,-452.919,216.113
denied,239.503,1789657740.090,10.1619,-448.692,223.756,-453.520,214.814
denied,239.604,1789657740.190,10.8515,-449.079,222.786,-454.245,213.243
denied,239.703,1789657740.290,11.0057,-449.541,221.653,-454.821,211.996
denied,239.803,1789657740.390,11.2527,-449.995,220.553,-455.421,210.694
denied,239.906,1789657740.493,11.6534,-450.508,219.320,-456.146,209.121
denied,240.004,1789657740.590,11.5901,-450.995,218.155,-456.646,208.035
denied,240.105,1789657740.692,11.9955,-451.532,216.872,-457.395,206.407
denied,240.204,1789657740.791,12.1352,-452.034,215.674,-457.995,205.103
denied,240.306,1789657740.893,12.1370,-452.586,214.345,-458.594,203.799
denied,240.405,1789657740.992,12.2275,-453.101,213.097,-459.193,202.495
denied,240.504,1789657741.091,12.1880,-453.663,211.725,-459.792,201.190
denied,240.604,1789657741.191,12.2576,-454.184,210.454,-460.391,199.885
denied,240.709,1789657741.296,12.5669,-454.748,209.072,-461.139,198.252
denied,240.804,1789657741.391,12.3858,-455.271,207.788,-461.638,197.163
denied,240.905,1789657741.492,12.6198,-455.839,206.388,-462.361,195.584
denied,241.004,1789657741.590,12.6690,-456.364,205.093,-462.958,194.276
denied,241.104,1789657741.691,12.6052,-456.933,203.692,-463.556,192.967
denied,241.204,1789657741.791,12.7166,-457.456,202.399,-464.178,191.604
denied,241.303,1789657741.890,12.7102,-458.024,200.994,-464.799,190.240
denied,241.406,1789657741.993,12.8802,-458.592,199.588,-465.494,188.713
denied,241.503,1789657742.090,12.5410,-459.365,197.990,-466.089,187.404
denied,241.604,1789657742.191,12.2141,-460.134,196.405,-466.683,186.094
denied,241.704,1789657742.290,11.8733,-460.884,194.791,-467.275,184.785
denied,241.804,1789657742.391,11.8145,-461.521,193.371,-467.891,183.421
denied,241.904,1789657742.491,11.6351,-462.166,191.883,-468.480,182.110
denied,242.004,1789657742.591,11.6822,-462.732,190.545,-469.090,180.744
denied,242.103,1789657742.690,11.5852,-463.322,189.121,-469.673,179.432
denied,242.203,1789657742.790,11.9225,-463.850,187.824,-470.374,177.845
denied,242.305,1789657742.892,11.8677,-464.408,186.431,-470.951,176.530
denied,242.404,1789657742.991,11.9379,-464.913,185.153,-471.525,175.213
denied,242.503,1789657743.090,11.8466,-465.453,183.775,-472.073,173.951
denied,242.604,1789657743.190,12.2139,-465.950,182.497,-472.759,172.357
denied,242.704,1789657743.291,12.1725,-466.485,181.106,-473.325,171.037
denied,242.803,1789657743.390,12.2999,-466.977,179.820,-473.910,169.661
denied,242.903,1789657743.490,12.3673,-467.467,178.533,-474.470,168.338
denied,243.003,1789657743.590,12.4960,-467.953,177.246,-475.049,166.960
denied,243.104,1789657743.691,12.5135,-468.479,175.852,-475.626,165.580
denied,243.205,1789657743.792,12.4722,-469.001,174.456,-476.176,164.255
denied,243.305,1789657743.892,12.5455,-469.478,173.169,-476.724,162.928
denied,243.403,1789657743.990,12.6799,-469.954,171.887,-477.291,161.545
denied,243.505,1789657744.092,12.9944,-470.466,170.494,-477.968,159.884
denied,243.606,1789657744.193,12.8354,-470.934,169.204,-478.417,158.775
denied,243.704,1789657744.291,12.8529,-471.443,167.803,-478.974,157.388
denied,243.804,1789657744.391,12.9816,-471.907,166.509,-479.529,156.000
denied,243.904,1789657744.491,13.0019,-472.405,165.107,-480.079,154.611
denied,244.004,1789657744.590,13.3647,-472.865,163.815,-480.714,152.998
denied,244.104,1789657744.690,13.4468,-473.318,162.531,-481.236,151.663
denied,244.205,1789657744.792,13.1029,-473.910,160.821,-481.754,150.326
denied,244.304,1789657744.891,13.1907,-474.358,159.542,-482.269,148.987
denied,244.406,1789657744.993,13.2778,-474.831,158.210,-482.803,147.591
denied,244.504,1789657745.090,13.4674,-475.255,156.970,-483.332,146.194
denied,244.604,1789657745.191,13.4786,-475.717,155.608,-483.838,144.851
denied,244.704,1789657745.291,13.8693,-476.143,154.337,-484.444,143.226
denied,244.807,1789657745.394,13.8612,-476.601,152.950,-484.942,141.879
denied,244.903,1789657745.490,14.0122,-477.023,151.665,-485.457,140.475
denied,245.003,1789657745.590,14.1018,-477.442,150.374,-485.948,139.125
denied,245.104,1789657745.690,14.0883,-477.890,148.976,-486.435,137.775
denied,245.203,1789657745.790,14.1849,-478.303,147.692,-486.919,136.423
denied,245.305,1789657745.892,14.4589,-478.745,146.296,-487.498,134.788
denied,245.404,1789657745.991,14.6101,-479.148,145.004,-487.994,133.376
denied,245.503,1789657746.090,14.6541,-479.583,143.604,-488.486,131.964
denied,245.604,1789657746.190,14.7558,-479.980,142.319,-488.954,130.606
denied,245.703,1789657746.290,14.7532,-480.404,140.926,-489.419,129.247
denied,245.803,1789657746.390,14.8489,-480.794,139.631,-489.880,127.887
denied,245.903,1789657746.490,14.8922,-481.210,138.220,-490.356,126.468
denied,246.005,1789657746.592,15.2654,-481.589,136.915,-490.904,124.821
denied,246.104,1789657746.691,15.0269,-481.997,135.502,-491.278,123.683
denied,246.204,1789657746.790,15.1798,-482.369,134.201,-491.742,122.261
denied,246.304,1789657746.890,15.4563,-482.767,132.794,-492.276,120.609
denied,246.404,1789657746.991,15.6131,-483.132,131.498,-492.731,119.184
denied,246.504,1789657747.091,15.6121,-483.521,130.092,-493.165,117.815
denied,246.603,1789657747.190,15.7729,-483.876,128.795,-493.613,116.387
denied,246.704,1789657747.291,15.8340,-484.256,127.394,-494.056,114.957
denied,246.806,1789657747.393,16.0014,-484.601,126.102,-494.496,113.526
denied,246.912,1789657747.499,16.0125,-484.972,124.702,-494.914,112.151
denied,247.012,1789657747.599,16.2926,-485.310,123.409,-495.380,110.602
denied,247.112,1789657747.699,16.1349,-485.669,122.001,-495.740,109.395
denied,247.212,1789657747.799,16.3012,-485.997,120.699,-496.164,107.957
denied,247.313,1789657747.900,16.5864,-486.348,119.285,-496.652,106.287
denied,247.413,1789657748.000,16.6959,-486.666,117.977,-497.051,104.904
denied,247.512,1789657748.099,16.7049,-487.007,116.561,-497.446,103.519
denied,247.612,1789657748.199,16.7589,-487.319,115.250,-497.822,102.190
denied,247.712,1789657748.299,16.9252,-487.624,113.939,-498.226,100.745
denied,247.813,1789657748.400,17.1557,-487.955,112.520,-498.674,99.125
denied,247.912,1789657748.499,17.3232,-488.255,111.210,-499.069,97.677
denied,248.012,1789657748.599,17.4372,-488.550,109.900,-499.445,96.286
denied,248.115,1789657748.702,17.5023,-488.868,108.477,-499.833,94.835
denied,248.212,1789657748.799,17.6145,-489.159,107.164,-500.202,93.442
denied,248.312,1789657748.899,17.6296,-489.468,105.744,-500.567,92.047
denied,248.412,1789657748.999,18.0196,-489.753,104.436,-501.003,90.360
denied,248.512,1789657749.099,18.1894,-490.032,103.124,-501.375,88.905
denied,248.613,1789657749.200,18.3577,-490.308,101.808,-501.743,87.448
denied,248.712,1789657749.299,18.4237,-490.603,100.380,-502.108,85.990
denied,248.812,1789657749.399,18.3345,-490.914,98.836,-502.453,84.589
denied,248.912,1789657749.499,18.4985,-491.176,97.511,-502.810,83.129
denied,249.012,1789657749.599,18.6614,-491.440,96.188,-503.162,81.667
denied,249.112,1789657749.699,18.7282,-491.719,94.755,-503.511,80.205
denied,249.214,1789657749.801,18.8364,-491.973,93.427,-503.841,78.800
denied,249.312,1789657749.899,18.8420,-492.243,91.983,-504.168,77.395
denied,249.412,1789657749.999,19.2149,-492.486,90.645,-504.559,75.696
denied,249.512,1789657750.099,19.1675,-492.748,89.200,-504.864,74.348
denied,249.612,1789657750.199,19.2743,-492.990,87.870,-505.180,72.940
denied,249.713,1789657750.300,19.4401,-493.228,86.548,-505.504,71.474
denied,249.812,1789657750.399,19.6087,-493.466,85.230,-505.825,70.006
denied,249.912,1789657750.499,19.7251,-493.703,83.916,-506.129,68.597
denied,250.012,1789657750.599,19.8948,-493.937,82.601,-506.442,67.127
denied,250.112,1789657750.699,20.1079,-494.150,81.394,-506.739,65.715
denied,250.212,1789657750.799,20.3936,-494.393,79.964,-507.093,64.007
denied,250.314,1789657750.901,20.5631,-494.611,78.640,-507.393,62.533
denied,250.413,1789657751.000,20.3321,-494.877,76.981,-507.666,61.176
denied,250.512,1789657751.099,20.4523,-495.090,75.664,-507.947,59.758
denied,250.612,1789657751.199,20.5429,-495.315,74.250,-508.236,58.280
denied,250.714,1789657751.301,20.7266,-495.518,72.941,-508.521,56.801
denied,250.813,1789657751.400,20.7578,-495.733,71.516,-508.791,55.379
denied,250.912,1789657751.499,21.0958,-495.926,70.196,-509.100,53.719
denied,251.012,1789657751.599,21.1236,-496.135,68.764,-509.362,52.295
denied,251.112,1789657751.699,21.2451,-496.322,67.438,-509.619,50.869
denied,251.213,1789657751.800,21.4219,-496.504,66.112,-509.884,49.382
denied,251.320,1789657751.907,21.7148,-496.703,64.679,-510.185,47.657
denied,251.412,1789657751.999,21.8407,-496.882,63.358,-510.430,46.227
denied,251.512,1789657752.099,21.9236,-497.069,61.922,-510.681,44.736
denied,251.613,1789657752.199,22.0900,-497.226,60.707,-510.908,43.364
denied,251.712,1789657752.299,22.1720,-497.405,59.268,-511.151,41.871
denied,251.812,1789657752.399,22.2976,-497.567,57.940,-511.380,40.437
denied,251.912,1789657752.499,22.4764,-497.727,56.614,-511.615,38.941
denied,252.012,1789657752.599,22.6655,-497.894,55.174,-511.863,37.325
denied,252.112,1789657752.699,22.8429,-498.044,53.842,-512.089,35.827
denied,252.212,1789657752.799,22.8705,-498.201,52.395,-512.301,34.389
denied,252.312,1789657752.899,22.8073,-498.365,50.840,-512.510,32.949
denied,252.412,1789657752.999,22.9365,-498.505,49.514,-512.714,31.509
denied,252.513,1789657753.099,23.0223,-498.656,48.076,-512.923,30.008
denied,252.615,1789657753.201,23.4103,-498.787,46.744,-513.160,28.265
denied,252.713,1789657753.300,23.4943,-498.923,45.298,-513.359,26.762
denied,252.812,1789657753.399,23.4652,-499.047,43.967,-513.523,25.499
denied,252.912,1789657753.499,23.7613,-499.178,42.526,-513.744,23.754
denied,253.013,1789657753.600,23.8859,-499.290,41.188,-513.922,22.308
denied,253.112,1789657753.699,23.9657,-499.407,39.732,-514.104,20.802
denied,253.212,1789657753.799,24.0864,-499.509,38.386,-514.274,19.356
denied,253.312,1789657753.899,24.2612,-499.608,37.043,-514.447,17.849
denied,253.413,1789657754.000,24.3441,-499.714,35.593,-514.615,16.342
denied,253.512,1789657754.099,24.4689,-499.809,34.255,-514.772,14.895
denied,253.626,1789657754.213,24.6043,-499.906,32.805,-514.938,13.326
denied,253.729,1789657754.316,24.9387,-499.995,31.473,-515.111,11.637
denied,253.826,1789657754.413,24.8586,-500.077,30.136,-515.231,10.430
denied,253.926,1789657754.513,25.0347,-500.155,28.796,-515.377,8.921
denied,254.026,1789657754.612,25.3271,-500.237,27.350,-515.541,7.170
denied,254.129,1789657754.716,25.5077,-500.311,26.020,-515.677,5.660
denied,254.226,1789657754.813,25.6010,-500.388,24.584,-515.809,4.149
denied,254.326,1789657754.913,25.7866,-500.455,23.260,-515.936,2.637
denied,254.426,1789657755.013,25.8817,-500.524,21.825,-516.059,1.125
denied,254.526,1789657755.113,25.9656,-500.580,20.498,-516.169,-0.268
denied,254.626,1789657755.213,26.0067,-500.634,19.053,-516.278,-1.722
denied,254.726,1789657755.313,26.0854,-500.675,17.712,-516.380,-3.117
denied,254.826,1789657755.412,26.2284,-500.715,16.261,-516.490,-4.694
denied,254.926,1789657755.513,26.5657,-500.749,14.924,-516.603,-6.393
denied,255.027,1789657755.614,26.6575,-500.779,13.471,-516.699,-7.911
denied,255.126,1789657755.713,26.8442,-500.805,12.137,-516.790,-9.429
denied,255.226,1789657755.813,26.8384,-500.829,10.690,-516.870,-10.827
denied,255.328,1789657755.915,27.0227,-500.846,9.351,-516.953,-12.346
denied,255.426,1789657756.012,27.0660,-500.857,7.898,-517.028,-13.805
denied,255.525,1789657756.112,27.2494,-500.864,6.557,-517.103,-15.326
denied,255.626,1789657756.213,27.4351,-500.870,5.220,-517.173,-16.846
denied,255.729,1789657756.316,27.7339,-500.872,3.772,-517.248,-18.611
denied,255.826,1789657756.412,27.9187,-500.871,2.435,-517.309,-20.132
denied,255.927,1789657756.513,27.9626,-500.863,0.984,-517.362,-21.592
denied,256.026,1789657756.613,28.0964,-500.851,-0.357,-517.412,-23.053
denied,256.126,1789657756.713,28.1420,-500.837,-1.805,-517.458,-24.514
denied,256.227,1789657756.814,28.3280,-500.820,-3.141,-517.502,-26.036
denied,256.327,1789657756.914,28.4643,-500.799,-4.477,-517.540,-27.498
denied,256.426,1789657757.013,28.6504,-500.777,-5.811,-517.575,-29.020
denied,256.526,1789657757.113,28.7499,-500.748,-7.254,-517.606,-30.543
denied,256.626,1789657757.213,28.9364,-500.714,-8.591,-517.633,-32.066
denied,256.726,1789657757.313,29.2312,-500.672,-10.044,-517.659,-33.833
denied,256.826,1789657757.413,29.4178,-500.630,-11.381,-517.676,-35.356
denied,256.926,1789657757.512,29.5174,-500.580,-12.827,-517.689,-36.880
denied,257.026,1789657757.613,29.7052,-500.534,-14.160,-517.698,-38.404
denied,257.126,1789657757.712,29.8067,-500.475,-15.604,-517.703,-39.928
denied,257.227,1789657757.813,29.9944,-500.416,-16.941,-517.703,-41.453
denied,257.329,1789657757.916,30.0435,-500.350,-18.389,-517.700,-42.917
denied,257.426,1789657758.013,30.1833,-500.282,-19.725,-517.692,-44.381
denied,257.526,1789657758.113,30.2351,-500.204,-21.173,-517.681,-45.845
denied,257.626,1789657758.213,30.3720,-500.131,-22.511,-517.666,-47.309
denied,257.725,1789657758.312,30.4769,-500.044,-23.955,-517.646,-48.835
denied,257.826,1789657758.413,30.8167,-499.963,-25.287,-517.619,-50.544
denied,257.929,1789657758.515,30.8714,-499.875,-26.728,-517.592,-52.009
denied,258.026,1789657758.613,31.0648,-499.783,-28.059,-517.560,-53.535
denied,258.126,1789657758.713,31.1719,-499.683,-29.500,-517.523,-55.062
denied,258.227,1789657758.814,31.3151,-499.590,-30.829,-517.484,-56.528
denied,258.331,1789657758.918,31.5702,-499.478,-32.272,-517.434,-58.238
denied,258.425,1789657759.012,31.7126,-499.371,-33.607,-517.387,-59.705
denied,258.526,1789657759.113,31.8053,-499.261,-34.942,-517.338,-61.111
denied,258.626,1789657759.212,31.9114,-499.133,-36.390,-517.281,-62.638
denied,258.726,1789657759.313,32.0510,-499.010,-37.732,-517.223,-64.105
denied,258.825,1789657759.412,32.2411,-498.886,-39.069,-517.158,-65.633
denied,258.925,1789657759.512,32.4348,-498.757,-40.403,-517.089,-67.160
denied,259.026,1789657759.613,32.5394,-498.617,-41.850,-517.017,-68.687
denied,259.126,1789657759.713,32.7317,-498.483,-43.183,-516.940,-70.214
denied,259.226,1789657759.813,32.9462,-498.321,-44.741,-516.847,-71.985
denied,259.326,1789657759.913,33.0025,-498.170,-46.186,-516.765,-73.450
denied,259.428,1789657760.015,33.1098,-498.015,-47.627,-516.677,-74.976
denied,259.526,1789657760.113,33.2547,-497.865,-48.958,-516.588,-76.441
denied,259.627,1789657760.214,33.3971,-497.715,-50.290,-516.496,-77.905
denied,259.726,1789657760.313,33.4553,-497.547,-51.733,-516.400,-79.370
denied,259.826,1789657760.412,33.6487,-497.386,-53.062,-516.297,-80.895
denied,259.926,1789657760.513,33.7565,-497.213,-54.502,-516.189,-82.419
denied,260.025,1789657760.612,34.1393,-497.045,-55.834,-516.060,-84.188
denied,260.127,1789657760.713,34.2848,-496.874,-57.162,-515.949,-85.651
denied,260.226,1789657760.813,34.3459,-496.689,-58.599,-515.834,-87.114
denied,260.328,1789657760.915,34.5438,-496.515,-59.919,-515.711,-88.637
denied,260.426,1789657761.013,34.7441,-496.338,-61.235,-515.585,-90.161
denied,260.526,1789657761.113,34.8601,-496.148,-62.659,-515.454,-91.685
denied,260.627,1789657761.214,35.0616,-495.961,-63.976,-515.319,-93.209
denied,260.726,1789657761.313,35.1335,-495.756,-65.401,-515.186,-94.673
denied,260.827,1789657761.413,35.2845,-495.567,-66.719,-515.050,-96.137
denied,260.926,1789657761.513,35.6788,-495.362,-68.040,-514.881,-97.907
denied,261.027,1789657761.614,35.8802,-495.158,-69.360,-514.730,-99.432
denied,261.126,1789657761.713,35.9500,-494.932,-70.793,-514.582,-100.897
denied,261.226,1789657761.813,36.0586,-494.711,-72.116,-514.437,-102.301
denied,261.326,1789657761.913,36.1739,-494.469,-73.557,-514.276,-103.827
denied,261.425,1789657762.012,36.3679,-494.243,-74.890,-514.111,-105.352
denied,261.525,1789657762.112,36.4852,-493.988,-76.331,-513.942,-106.876
denied,261.626,1789657762.213,36.8710,-493.753,-77.661,-513.741,-108.644
denied,261.726,1789657762.312,36.7463,-493.496,-79.103,-513.600,-109.862
denied,261.825,1789657762.412,36.9448,-493.251,-80.430,-513.420,-111.384
denied,261.926,1789657762.513,37.2478,-492.990,-81.864,-513.208,-113.148
denied,262.030,1789657762.617,37.3488,-492.748,-83.187,-513.036,-114.545
denied,262.126,1789657762.713,37.5466,-492.498,-84.508,-512.845,-116.064
denied,262.226,1789657762.812,37.6158,-492.231,-85.935,-512.660,-117.521
denied,262.326,1789657762.913,37.7683,-491.985,-87.247,-512.470,-118.977
denied,262.427,1789657763.014,38.0313,-491.714,-88.662,-512.246,-120.675
denied,262.525,1789657763.112,38.2317,-491.465,-89.968,-512.041,-122.190
denied,262.625,1789657763.212,38.3068,-491.187,-91.384,-511.842,-123.645
denied,262.726,1789657763.312,38.4658,-490.925,-92.688,-511.639,-125.100
denied,262.826,1789657763.413,38.5868,-490.638,-94.106,-511.425,-126.616
denied,262.927,1789657763.514,38.8687,-490.386,-95.308,-511.206,-128.131
denied,263.027,1789657763.614,39.2567,-490.106,-96.621,-510.948,-129.888
denied,263.127,1789657763.714,39.4545,-489.827,-97.935,-510.722,-131.403
denied,263.227,1789657763.814,39.4287,-489.533,-99.246,-510.539,-132.614
denied,263.326,1789657763.913,39.3919,-489.175,-100.883,-510.306,-134.128
denied,263.428,1789657764.015,39.6939,-488.881,-102.184,-510.051,-135.762
denied,263.526,1789657764.112,39.8428,-488.554,-103.576,-509.811,-137.275
denied,263.626,1789657764.213,40.0109,-488.255,-104.870,-509.577,-138.726
denied,263.727,1789657764.314,40.1738,-487.959,-106.166,-509.340,-140.178
denied,263.826,1789657764.413,40.4947,-487.621,-107.570,-509.049,-141.931
denied,263.928,1789657764.515,40.6288,-487.283,-108.976,-508.795,-143.442
denied,264.026,1789657764.613,40.8359,-486.974,-110.273,-508.537,-144.952
denied,264.127,1789657764.713,40.9244,-486.622,-111.682,-508.287,-146.401
denied,264.236,1789657764.823,41.0423,-486.297,-112.983,-508.044,-147.790
denied,264.335,1789657764.922,41.3847,-485.971,-114.285,-507.744,-149.479
denied,264.436,1789657765.023,41.5177,-485.605,-115.695,-507.472,-150.987
denied,264.535,1789657765.122,41.7256,-485.269,-116.995,-507.198,-152.494
denied,264.636,1789657765.223,41.8544,-484.904,-118.404,-506.920,-154.000
denied,264.735,1789657765.322,42.0643,-484.553,-119.705,-506.638,-155.505
denied,264.836,1789657765.423,42.1499,-484.177,-121.111,-506.365,-156.948
denied,264.936,1789657765.523,42.3895,-483.858,-122.299,-506.089,-158.391
denied,265.037,1789657765.623,42.4822,-483.476,-123.695,-505.810,-159.833
denied,265.137,1789657765.724,42.6481,-483.126,-124.983,-505.528,-161.274
denied,265.236,1789657765.823,42.7858,-482.741,-126.376,-505.232,-162.774
denied,265.335,1789657765.922,43.0000,-482.378,-127.663,-504.931,-164.274
denied,265.435,1789657766.022,43.3132,-481.986,-129.059,-504.579,-166.012
denied,265.535,1789657766.122,43.5249,-481.616,-130.347,-504.272,-167.511
denied,265.636,1789657766.223,43.6186,-481.209,-131.742,-503.974,-168.948
denied,265.736,1789657766.323,43.8294,-480.837,-133.027,-503.661,-170.445
denied,265.835,1789657766.422,44.0011,-480.456,-134.309,-503.357,-171.881
denied,265.935,1789657766.522,44.1465,-480.038,-135.694,-503.038,-173.376
denied,266.035,1789657766.622,44.3584,-479.657,-136.976,-502.715,-174.870
denied,266.135,1789657766.722,44.4576,-479.231,-138.363,-502.402,-176.305
denied,266.244,1789657766.831,44.6313,-478.837,-139.641,-502.086,-177.738
denied,266.344,1789657766.931,44.9036,-478.411,-141.026,-501.714,-179.410
denied,266.445,1789657767.032,45.0788,-478.004,-142.305,-501.391,-180.842
denied,266.544,1789657767.131,45.1039,-477.536,-143.794,-501.066,-182.273
denied,266.645,1789657767.232,45.3629,-477.133,-145.069,-500.710,-183.823
denied,266.744,1789657767.331,45.4742,-476.676,-146.445,-500.379,-185.253
denied,266.846,1789657767.433,45.6956,-476.259,-147.716,-500.030,-186.742
denied,266.945,1789657767.532,45.7964,-475.811,-149.094,-499.693,-188.171
denied,267.044,1789657767.631,46.0196,-475.385,-150.364,-499.338,-189.658
denied,267.144,1789657767.731,46.2433,-474.957,-151.631,-498.981,-191.144
denied,267.244,1789657767.831,46.6348,-474.533,-152.900,-498.562,-192.868
denied,267.344,1789657767.931,46.7727,-474.097,-154.166,-498.227,-194.234
denied,267.445,1789657768.032,46.8796,-473.627,-155.537,-497.874,-195.659
denied,267.546,1789657768.133,47.0597,-473.191,-156.799,-497.519,-197.083
denied,267.646,1789657768.232,47.2177,-472.714,-158.159,-497.145,-198.565
denied,267.745,1789657768.331,47.5714,-472.275,-159.417,-496.723,-200.225
denied,267.844,1789657768.431,47.7252,-471.795,-160.779,-496.343,-201.706
denied,267.944,1789657768.531,47.9112,-471.341,-162.035,-495.976,-203.128
denied,268.044,1789657768.631,48.0682,-470.853,-163.394,-495.589,-204.608
denied,268.148,1789657768.735,48.2255,-470.361,-164.751,-495.200,-206.088
denied,268.245,1789657768.832,48.4140,-469.895,-166.005,-494.823,-207.508
denied,268.345,1789657768.932,48.5981,-469.432,-167.260,-494.443,-208.928
denied,268.450,1789657769.037,49.0394,-468.962,-168.514,-493.964,-210.701
denied,268.544,1789657769.131,49.1599,-468.449,-169.867,-493.577,-212.119
denied,268.644,1789657769.231,49.3878,-467.978,-171.117,-493.171,-213.596
denied,268.744,1789657769.331,49.5095,-467.459,-172.467,-492.779,-215.012
denied,268.844,1789657769.431,49.7018,-466.977,-173.711,-492.384,-216.429
denied,268.945,1789657769.532,49.7809,-466.447,-175.113,-491.985,-217.844
denied,269.045,1789657769.632,49.9115,-465.913,-176.456,-491.584,-219.259
denied,269.144,1789657769.731,50.3617,-465.414,-177.695,-491.079,-221.027
denied,269.244,1789657769.831,50.4815,-464.885,-179.042,-490.671,-222.441
denied,269.345,1789657769.932,50.6735,-464.389,-180.282,-490.260,-223.854
denied,269.445,1789657770.032,50.7993,-463.848,-181.624,-489.847,-225.266
denied,269.544,1789657770.131,50.9895,-463.352,-182.862,-489.431,-226.678
denied,269.650,1789657770.237,51.2832,-462.800,-184.204,-488.941,-228.324
denied,269.750,1789657770.337,51.5189,-462.290,-185.440,-488.501,-229.793
denied,269.850,1789657770.437,51.6848,-461.741,-186.778,-488.058,-231.261
denied,269.950,1789657770.537,51.9239,-461.222,-188.010,-487.611,-232.728
denied,270.049,1789657770.636,52.0918,-460.658,-189.349,-487.162,-234.195
denied,270.150,1789657770.737,52.2820,-460.141,-190.584,-486.727,-235.601
denied,270.251,1789657770.838,52.3744,-459.569,-191.914,-486.308,-236.949
denied,270.350,1789657770.937,52.5721,-459.043,-193.140,-485.868,-238.353
denied,270.450,1789657771.036,52.8642,-458.476,-194.468,-485.351,-239.991
denied,270.550,1789657771.137,53.0657,-457.940,-195.690,-484.904,-241.394
denied,270.649,1789657771.236,53.3049,-457.406,-196.912,-484.436,-242.855
denied,270.749,1789657771.336,53.4351,-456.828,-198.236,-483.984,-244.257
denied,270.850,1789657771.437,53.8011,-456.283,-199.454,-483.452,-245.891
denied,270.950,1789657771.537,53.9611,-455.741,-200.671,-483.013,-247.233
denied,271.050,1789657771.637,54.1648,-455.194,-201.884,-482.551,-248.633
denied,271.150,1789657771.736,54.3438,-454.595,-203.201,-482.067,-250.090
denied,271.249,1789657771.836,54.5454,-454.040,-204.417,-481.599,-251.489
denied,271.350,1789657771.937,54.8828,-453.432,-205.738,-481.029,-253.177
denied,271.454,1789657772.041,55.1228,-452.863,-206.958,-480.535,-254.632
denied,271.551,1789657772.137,55.3609,-452.297,-208.176,-480.038,-256.086
denied,271.650,1789657772.237,55.4606,-451.672,-209.493,-479.577,-257.422
denied,271.750,1789657772.337,55.7028,-451.094,-210.707,-479.074,-258.873
denied,271.850,1789657772.437,55.8374,-450.472,-212.021,-478.587,-260.264
denied,271.949,1789657772.536,56.0399,-449.891,-213.231,-478.098,-261.654
denied,272.050,1789657772.637,56.2203,-449.259,-214.538,-477.586,-263.101
denied,272.149,1789657772.736,56.6166,-448.680,-215.745,-476.988,-264.777
denied,272.249,1789657772.836,56.7200,-448.041,-217.047,-476.510,-266.105
denied,272.350,1789657772.937,56.9633,-447.451,-218.248,-475.988,-267.548
denied,272.450,1789657773.037,57.0635,-446.815,-219.547,-475.505,-268.874
denied,272.550,1789657773.137,57.4287,-446.216,-220.742,-474.912,-270.487
denied,272.649,1789657773.236,57.6509,-445.566,-222.038,-474.359,-271.984
denied,272.749,1789657773.336,57.8911,-444.966,-223.236,-473.823,-273.422
denied,272.849,1789657773.436,58.0789,-444.302,-224.528,-473.284,-274.859
denied,272.950,1789657773.537,58.2878,-443.691,-225.718,-472.764,-276.238
denied,273.049,1789657773.636,58.4720,-443.030,-227.007,-472.218,-277.673
denied,273.150,1789657773.737,58.7251,-442.405,-228.192,-471.669,-279.107
denied,273.250,1789657773.836,58.8762,-441.730,-229.477,-471.138,-280.483
denied,273.349,1789657773.936,59.0854,-441.107,-230.662,-470.605,-281.858
denied,273.449,1789657774.036,59.2435,-440.420,-231.941,-470.068,-283.232
denied,273.551,1789657774.137,59.4948,-439.786,-233.122,-469.505,-284.663
denied,273.651,1789657774.237,59.8393,-439.096,-234.403,-468.848,-286.321
denied,273.749,1789657774.336,60.0562,-438.447,-235.582,-468.301,-287.692
denied,273.849,1789657774.436,60.2117,-437.744,-236.860,-467.751,-289.062
denied,273.950,1789657774.536,60.5765,-437.095,-238.039,-467.105,-290.660
denied,274.050,1789657774.636,60.7366,-436.383,-239.311,-466.548,-292.027
denied,274.151,1789657774.738,60.9529,-435.727,-240.483,-465.987,-293.394
denied,274.250,1789657774.836,61.1100,-435.015,-241.753,-465.424,-294.759
denied,274.349,1789657774.936,61.3300,-434.346,-242.922,-464.858,-296.124
denied,274.449,1789657775.036,61.5257,-433.624,-244.190,-464.264,-297.544
denied,274.549,1789657775.136,61.7421,-432.955,-245.358,-463.692,-298.905
denied,274.649,1789657775.236,62.0914,-432.223,-246.620,-462.996,-300.549
denied,274.750,1789657775.337,62.3431,-431.548,-247.786,-462.392,-301.965
denied,274.851,1789657775.438,62.4682,-430.813,-249.044,-461.834,-303.266
denied,274.952,1789657775.539,62.6713,-430.074,-250.296,-461.224,-304.678
denied,275.049,1789657775.636,62.8896,-429.393,-251.452,-460.635,-306.033
denied,275.149,1789657775.736,63.1451,-428.705,-252.610,-460.018,-307.444
denied,275.249,1789657775.836,63.3117,-427.953,-253.860,-459.423,-308.797
denied,275.349,1789657775.936,63.7126,-427.264,-255.012,-458.700,-310.430
denied,275.457,1789657776.044,63.8810,-426.510,-256.255,-458.098,-311.780
denied,275.563,1789657776.150,64.1427,-425.808,-257.400,-457.467,-313.185
denied,275.662,1789657776.249,64.4347,-425.112,-258.546,-456.808,-314.646
denied,275.762,1789657776.349,64.7015,-424.397,-259.687,-456.170,-316.049
denied,275.862,1789657776.449,64.8723,-423.626,-260.925,-455.555,-317.396
denied,275.963,1789657776.550,65.0917,-422.918,-262.068,-454.936,-318.741
denied,276.063,1789657776.650,65.2864,-422.197,-263.204,-454.341,-320.029
denied,276.171,1789657776.758,65.6923,-421.481,-264.339,-453.585,-321.652
denied,276.271,1789657776.858,65.9177,-420.761,-265.474,-452.956,-322.994
denied,276.371,1789657776.958,65.9732,-419.869,-266.898,-452.325,-324.336
denied,276.471,1789657777.058,66.1479,-419.080,-268.125,-451.689,-325.676
denied,276.571,1789657777.158,66.4688,-418.341,-269.193,-451.024,-327.072
denied,276.671,1789657777.258,66.7215,-417.615,-270.289,-450.383,-328.410
denied,276.771,1789657777.358,67.0521,-416.828,-271.489,-449.630,-329.970
denied,276.872,1789657777.458,67.3382,-416.161,-272.507,-448.981,-331.305
denied,276.971,1789657777.558,67.4778,-415.276,-273.853,-448.303,-332.695
denied,277.072,1789657777.659,67.6608,-414.472,-275.060,-447.648,-334.028
denied,277.172,1789657777.758,67.9420,-413.710,-276.168,-446.964,-335.416
denied,277.272,1789657777.859,68.1764,-412.952,-277.284,-446.303,-336.746
denied,277.372,1789657777.959,68.3913,-412.136,-278.493,-445.612,-338.131
denied,277.472,1789657778.059,68.7944,-411.381,-279.606,-444.806,-339.735
denied,277.571,1789657778.158,68.9793,-410.551,-280.810,-444.136,-341.060
denied,277.671,1789657778.258,69.2101,-409.785,-281.921,-443.464,-342.384
denied,277.771,1789657778.358,69.3920,-408.955,-283.121,-442.788,-343.707
denied,277.874,1789657778.461,69.6298,-408.178,-284.225,-442.110,-345.027
denied,277.971,1789657778.558,69.9839,-407.339,-285.422,-441.287,-346.621
denied,278.071,1789657778.658,70.2179,-406.561,-286.523,-440.602,-347.937
denied,278.171,1789657778.758,70.4074,-405.712,-287.711,-439.915,-349.253
denied,278.271,1789657778.858,70.6753,-404.932,-288.807,-439.196,-350.621
denied,278.372,1789657778.959,70.8651,-404.080,-289.990,-438.504,-351.933
denied,278.471,1789657779.058,71.2398,-403.288,-291.079,-437.692,-353.461
denied,278.571,1789657779.158,71.4630,-402.431,-292.258,-436.963,-354.824
denied,278.671,1789657779.258,71.7025,-401.634,-293.345,-436.261,-356.131
denied,278.771,1789657779.358,71.8991,-400.766,-294.516,-435.556,-357.437
denied,278.871,1789657779.458,72.1706,-399.966,-295.599,-434.819,-358.795
denied,278.971,1789657779.558,72.4012,-399.089,-296.768,-434.079,-360.152
denied,279.071,1789657779.658,72.6918,-398.344,-297.754,-433.365,-361.454
denied,279.171,1789657779.758,73.0172,-397.468,-298.921,-432.529,-362.970
denied,279.275,1789657779.862,73.3110,-396.715,-299.902,-431.809,-364.268
denied,279.380,1789657779.967,73.6001,-395.966,-300.884,-431.086,-365.565
denied,279.481,1789657780.068,73.7968,-395.081,-302.043,-430.360,-366.861
denied,279.581,1789657780.167,74.0042,-394.031,-303.425,-429.510,-368.370
denied,279.684,1789657780.271,74.2082,-393.132,-304.577,-428.778,-369.663
denied,279.783,1789657780.370,74.5302,-392.301,-305.591,-428.013,-371.008
denied,279.880,1789657780.467,74.7969,-391.488,-306.618,-427.275,-372.298
denied,279.981,1789657780.568,75.0522,-390.672,-307.657,-426.534,-373.587
denied,280.080,1789657780.667,75.2590,-389.783,-308.788,-425.791,-374.874
denied,280.180,1789657780.767,75.5471,-388.949,-309.831,-425.014,-376.214
denied,280.281,1789657780.868,75.9142,-388.043,-310.966,-424.108,-377.766
denied,280.382,1789657780.968,76.1623,-387.204,-312.013,-423.356,-379.049
denied,280.481,1789657781.068,76.3408,-386.286,-313.144,-422.633,-380.277
denied,280.581,1789657781.168,76.6528,-385.441,-314.189,-421.812,-381.663
denied,280.680,1789657781.267,76.9074,-384.586,-315.228,-421.051,-382.941
denied,280.781,1789657781.368,77.2454,-383.658,-316.354,-420.160,-384.430
denied,280.881,1789657781.468,77.4524,-382.732,-317.479,-419.394,-385.705
denied,280.980,1789657781.567,77.7025,-381.873,-318.517,-418.625,-386.978
denied,281.080,1789657781.667,77.9571,-381.008,-319.549,-417.853,-388.250
denied,281.180,1789657781.767,78.1981,-380.070,-320.669,-417.046,-389.573
denied,281.281,1789657781.868,78.4510,-379.201,-321.699,-416.268,-390.841
denied,281.380,1789657781.967,78.8230,-378.252,-322.810,-415.325,-392.371
denied,281.480,1789657782.067,79.0746,-377.379,-323.837,-414.542,-393.635
denied,281.580,1789657782.167,79.3214,-376.425,-324.945,-413.723,-394.950
denied,281.680,1789657782.267,79.5786,-375.541,-325.965,-412.934,-396.211
denied,281.781,1789657782.367,79.7916,-374.587,-327.069,-412.143,-397.470
denied,281.881,1789657782.468,80.0818,-373.701,-328.082,-411.315,-398.780
denied,281.981,1789657782.568,80.4931,-372.815,-329.092,-410.352,-400.297
denied,282.080,1789657782.667,80.6247,-371.930,-330.103,-409.685,-401.342
denied,282.185,1789657782.772,80.9320,-370.857,-331.323,-408.714,-402.855
denied,282.285,1789657782.872,81.2218,-369.961,-332.329,-407.874,-404.158
denied,282.385,1789657782.972,81.4877,-368.970,-333.407,-407.031,-405.460
denied,282.488,1789657783.075,81.7110,-367.990,-334.491,-406.218,-406.708
denied,282.585,1789657783.172,81.9810,-367.158,-335.407,-405.437,-407.903
denied,282.685,1789657783.272,82.2301,-366.178,-336.490,-404.584,-409.200
denied,282.785,1789657783.372,82.4975,-365.261,-337.481,-403.763,-410.443
denied,282.885,1789657783.472,82.8426,-364.269,-338.556,-402.801,-411.892
denied,282.985,1789657783.572,83.0747,-363.353,-339.547,-402.008,-413.081
denied,283.085,1789657783.672,83.3051,-362.350,-340.616,-401.177,-414.319
denied,283.186,1789657783.773,83.7107,-361.347,-341.684,-400.135,-415.865
denied,283.285,1789657783.872,83.9734,-360.421,-342.669,-399.298,-417.101
denied,283.385,1789657783.972,84.2704,-359.487,-343.649,-398.423,-418.385
denied,283.485,1789657784.072,84.5654,-358.553,-344.628,-397.545,-419.668
denied,283.585,1789657784.172,84.7641,-357.542,-345.687,-396.734,-420.847
denied,283.685,1789657784.272,85.0327,-356.602,-346.660,-395.886,-422.075
denied,283.785,1789657784.372,85.3572,-355.549,-347.756,-394.892,-423.505
denied,283.885,1789657784.472,85.6145,-354.531,-348.808,-394.001,-424.781
denied,283.985,1789657784.572,85.8886,-353.578,-349.770,-393.143,-426.003
denied,284.085,1789657784.672,86.1178,-352.556,-350.817,-392.282,-427.224
denied,284.185,1789657784.772,86.3845,-351.609,-351.779,-391.418,-428.444
denied,284.286,1789657784.872,86.7316,-350.577,-352.818,-390.406,-429.864
denied,284.385,1789657784.972,86.9980,-349.624,-353.777,-389.535,-431.080
denied,284.485,1789657785.072,87.2318,-348.586,-354.813,-388.661,-432.294
denied,284.585,1789657785.172,87.5018,-347.623,-355.766,-387.784,-433.507
denied,284.685,1789657785.272,87.7646,-346.576,-356.799,-386.867,-434.768
denied,284.785,1789657785.372,88.1730,-345.605,-357.750,-385.799,-436.229
denied,284.885,1789657785.472,88.4113,-344.547,-358.776,-384.912,-437.435
denied,284.986,1789657785.572,88.6461,-343.492,-359.802,-384.022,-438.640
denied,285.085,1789657785.672,88.9172,-342.512,-360.744,-383.129,-439.842
denied,285.185,1789657785.772,89.2154,-341.531,-361.684,-382.196,-441.093
denied,285.286,1789657785.873,89.4782,-340.469,-362.701,-381.260,-442.341
denied,285.385,1789657785.972,89.7814,-339.565,-363.558,-380.358,-443.537
denied,285.485,1789657786.072,90.0480,-338.495,-364.568,-379.415,-444.781
denied,285.585,1789657786.172,90.4240,-337.505,-365.501,-378.355,-446.172
denied,285.685,1789657786.272,90.6955,-336.511,-366.428,-377.443,-447.362
denied,285.785,1789657786.372,90.9641,-335.430,-367.428,-376.490,-448.599
denied,285.885,1789657786.472,91.2563,-334.436,-368.355,-375.533,-449.833
denied,285.985,1789657786.572,91.5261,-333.434,-369.277,-374.612,-451.017
denied,286.085,1789657786.672,91.7649,-332.346,-370.273,-373.688,-452.198
denied,286.185,1789657786.772,92.0324,-331.341,-371.192,-372.760,-453.377
denied,286.286,1789657786.872,92.4367,-330.328,-372.105,-371.635,-454.799
denied,286.385,1789657786.972,92.6768,-329.227,-373.094,-370.701,-455.973
denied,286.485,1789657787.072,92.9759,-328.203,-374.004,-369.725,-457.194
denied,286.586,1789657787.172,93.2734,-327.179,-374.912,-368.745,-458.412
denied,286.686,1789657787.272,93.5124,-326.069,-375.895,-367.802,-459.578
denied,286.785,1789657787.372,93.7859,-325.039,-376.794,-366.856,-460.742
denied,286.886,1789657787.473,94.0806,-324.013,-377.694,-365.867,-461.952
denied,286.990,1789657787.577,94.3463,-322.985,-378.594,-364.915,-463.111
denied,287.086,1789657787.673,94.6897,-321.746,-379.678,-363.721,-464.556
denied,287.185,1789657787.772,94.9578,-320.711,-380.570,-362.763,-465.709
denied,287.285,1789657787.872,95.2103,-319.572,-381.526,-361.801,-466.859
denied,287.385,1789657787.972,95.4823,-318.526,-382.411,-360.837,-468.007
denied,287.486,1789657788.072,95.7473,-317.394,-383.370,-359.829,-469.200
denied,287.586,1789657788.173,96.0104,-316.352,-384.254,-358.859,-470.342
denied,287.685,1789657788.272,96.3520,-315.215,-385.204,-357.723,-471.672
denied,287.785,1789657788.372,96.6205,-314.162,-386.078,-356.746,-472.809
denied,287.885,1789657788.472,96.8604,-313.021,-387.024,-355.767,-473.943
denied,287.985,1789657788.572,97.1559,-311.962,-387.891,-354.743,-475.121
denied,288.085,1789657788.672,97.4008,-310.813,-388.827,-353.757,-476.250
denied,288.186,1789657788.773,97.6919,-309.755,-389.690,-352.727,-477.423
denied,288.285,1789657788.872,97.9653,-308.689,-390.545,-351.735,-478.546
denied,288.387,1789657788.974,98.3318,-307.529,-391.470,-350.532,-479.900
denied,288.485,1789657789.072,98.6245,-306.457,-392.325,-349.491,-481.065
denied,288.585,1789657789.172,98.8762,-305.287,-393.242,-348.488,-482.181
denied,288.685,1789657789.272,99.1502,-304.205,-394.087,-347.482,-483.294
denied,288.785,1789657789.372,99.4217,-303.034,-395.000,-346.431,-484.450
denied,288.885,1789657789.472,99.7012,-301.944,-395.835,-345.419,-485.558
denied,288.986,1789657789.573,99.9761,-300.766,-396.739,-344.361,-486.710
denied,289.085,1789657789.672,100.2750,-299.763,-397.502,-343.342,-487.813
denied,289.185,1789657789.772,100.6460,-298.574,-398.398,-342.107,-489.142
denied,289.285,1789657789.872,100.8991,-297.477,-399.224,-341.124,-490.194
denied,289.385,1789657789.972,101.2004,-296.374,-400.045,-340.052,-491.335
denied,289.485,1789657790.072,101.4848,-295.172,-400.929,-338.976,-492.473
denied,289.586,1789657790.173,101.7623,-294.065,-401.745,-337.941,-493.563
denied,289.685,1789657790.272,101.9802,-292.733,-402.732,-336.902,-494.650
denied,289.785,1789657790.372,102.2957,-291.601,-403.534,-335.817,-495.781
denied,289.885,1789657790.472,102.5779,-290.387,-404.409,-334.729,-496.908
denied,289.985,1789657790.572,102.9650,-289.266,-405.214,-333.463,-498.211
denied,290.085,1789657790.672,103.2236,-288.048,-406.083,-332.412,-499.287
denied,290.187,1789657790.773,103.4981,-286.927,-406.884,-331.359,-500.359
denied,290.285,1789657790.872,103.7770,-285.800,-407.679,-330.304,-501.429
denied,290.386,1789657790.973,104.0337,-284.582,-408.537,-329.246,-502.495
denied,290.486,1789657791.073,104.3274,-283.458,-409.329,-328.141,-503.603
denied,290.585,1789657791.172,104.6894,-282.238,-410.179,-326.857,-504.883
denied,290.685,1789657791.272,104.9845,-281.110,-410.961,-325.747,-505.984
denied,290.785,1789657791.372,105.2561,-279.891,-411.808,-324.634,-507.081
denied,290.888,1789657791.475,105.5313,-278.758,-412.583,-323.563,-508.131
denied,290.985,1789657791.572,105.7843,-277.624,-413.358,-322.535,-509.135
denied,291.085,1789657791.672,106.0555,-276.397,-414.195,-321.415,-510.222
denied,291.187,1789657791.774,106.3333,-275.256,-414.959,-320.337,-511.263
denied,291.285,1789657791.872,106.6894,-274.022,-415.786,-319.031,-512.517
denied,291.385,1789657791.972,106.9604,-272.883,-416.548,-317.948,-513.552
denied,291.491,1789657792.078,107.2293,-271.598,-417.397,-316.817,-514.626
denied,291.596,1789657792.183,107.4714,-270.353,-418.210,-315.774,-515.611
denied,291.696,1789657792.283,107.7648,-269.203,-418.960,-314.637,-516.679
denied,291.796,1789657792.383,108.0466,-267.952,-419.766,-313.498,-517.744
denied,291.896,1789657792.483,108.3434,-266.795,-420.508,-312.355,-518.806
denied,291.996,1789657792.583,108.6987,-265.543,-421.308,-311.027,-520.033
denied,292.096,1789657792.683,108.9809,-264.378,-422.039,-309.925,-521.046
denied,292.196,1789657792.783,109.2259,-263.118,-422.830,-308.866,-522.013
denied,292.296,1789657792.883,109.5035,-261.954,-423.557,-307.759,-523.020
denied,292.396,1789657792.983,109.7734,-260.686,-424.336,-306.649,-524.024
denied,292.496,1789657793.083,110.0716,-259.515,-425.056,-305.490,-525.066
denied,292.596,1789657793.183,110.4316,-258.243,-425.831,-304.142,-526.272
denied,292.698,1789657793.285,110.7163,-257.064,-426.540,-303.024,-527.266
denied,292.797,1789657793.384,110.9800,-255.884,-427.249,-301.949,-528.217
denied,292.896,1789657793.483,111.2691,-254.602,-428.012,-300.779,-529.247
denied,292.996,1789657793.583,111.5558,-253.414,-428.711,-299.652,-530.233
denied,293.096,1789657793.683,111.9165,-252.126,-429.467,-298.288,-531.420
denied,293.196,1789657793.783,112.2184,-250.936,-430.161,-297.109,-532.440
denied,293.296,1789657793.883,112.5058,-249.741,-430.849,-295.975,-533.415
denied,293.397,1789657793.983,112.7942,-248.448,-431.595,-294.791,-534.429
denied,293.496,1789657794.083,113.0807,-247.249,-432.277,-293.651,-535.398
denied,293.596,1789657794.183,113.3838,-246.050,-432.956,-292.462,-536.405
denied,293.697,1789657794.284,113.6712,-244.845,-433.632,-291.318,-537.369
denied,293.796,1789657794.383,113.9784,-243.639,-434.301,-290.124,-538.369
denied,293.896,1789657794.483,114.2608,-242.437,-434.972,-288.975,-539.326
denied,293.997,1789657794.584,114.6137,-241.136,-435.699,-287.584,-540.479
denied,294.096,1789657794.683,114.8837,-239.687,-436.504,-286.383,-541.469
denied,294.196,1789657794.783,115.1825,-238.481,-437.164,-285.179,-542.456
denied,294.296,1789657794.883,115.4694,-237.154,-437.869,-284.021,-543.400
denied,294.396,1789657794.983,115.7690,-235.945,-438.522,-282.813,-544.380
denied,294.498,1789657795.085,116.0589,-234.633,-439.226,-281.602,-545.356
denied,294.596,1789657795.183,116.3205,-233.424,-439.877,-280.486,-546.252
denied,294.697,1789657795.284,116.6231,-232.208,-440.516,-279.271,-547.222
denied,294.796,1789657795.383,116.8979,-230.893,-441.208,-278.102,-548.150
denied,294.896,1789657795.483,117.2557,-229.680,-441.847,-276.687,-549.267
denied,294.996,1789657795.583,117.5506,-228.359,-442.528,-275.465,-550.227
denied,295.096,1789657795.683,117.8333,-227.140,-443.156,-274.288,-551.146
denied,295.197,1789657795.784,5.5649,-273.028,-557.626,-273.110,-552.062
denied,295.302,1789657795.889,4.0936,-272.003,-557.214,-271.734,-553.130
denied,295.397,1789657795.984,3.0666,-270.844,-556.984,-270.694,-553.921
denied,295.496,1789657796.083,1.8176,-269.741,-556.687,-269.348,-554.912
denied,295.596,1789657796.183,1.4465,-268.871,-557.009,-268.090,-555.791
denied,295.696,1789657796.283,2.3784,-268.663,-558.151,-266.868,-556.591
denied,295.796,1789657796.383,3.2185,-268.213,-559.259,-265.628,-557.342
denied,295.897,1789657796.484,3.8136,-267.562,-560.064,-264.314,-558.065
denied,295.996,1789657796.583,4.3712,-266.741,-560.699,-262.806,-558.794
denied,296.096,1789657796.683,4.6896,-265.790,-561.192,-261.478,-559.349
denied,296.196,1789657796.783,4.7071,-264.476,-561.597,-260.112,-559.833
denied,296.296,1789657796.883,4.8462,-263.342,-561.833,-258.770,-560.226
denied,296.402,1789657796.989,5.2899,-262.213,-561.956,-257.099,-560.603
denied,296.512,1789657797.099,5.3823,-260.902,-561.968,-255.640,-560.832
denied,296.613,1789657797.200,5.4621,-259.554,-561.860,-254.164,-560.973
denied,296.712,1789657797.299,5.9016,-258.295,-561.659,-252.428,-561.023
denied,296.812,1789657797.399,6.0629,-256.987,-561.326,-250.934,-560.972
denied,296.913,1789657797.499,6.0844,-255.526,-560.820,-249.441,-560.836
denied,297.012,1789657797.598,6.0548,-254.055,-560.194,-248.016,-560.630
denied,297.115,1789657797.701,6.4000,-252.581,-559.453,-246.233,-560.269
denied,297.212,1789657797.799,6.6269,-251.230,-558.677,-244.712,-559.873
denied,297.313,1789657797.899,6.7848,-249.795,-557.768,-243.211,-559.404
denied,297.412,1789657797.999,7.0597,-248.502,-556.869,-241.731,-558.867
denied,297.513,1789657798.100,7.3530,-247.242,-555.919,-240.275,-558.268
denied,297.612,1789657798.199,7.5542,-245.917,-554.846,-238.900,-557.642
denied,297.712,1789657798.299,7.8053,-244.732,-553.822,-237.603,-557.000
denied,297.812,1789657798.399,8.0681,-243.484,-552.675,-236.272,-556.291
denied,297.913,1789657798.499,8.5601,-242.366,-551.595,-234.692,-555.388
denied,298.013,1789657798.600,8.8448,-241.188,-550.405,-233.406,-554.609
denied,298.112,1789657798.699,9.1788,-240.130,-549.290,-232.139,-553.805
denied,298.212,1789657798.799,9.5157,-239.008,-548.072,-230.836,-552.947
denied,298.312,1789657798.899,9.8510,-237.997,-546.952,-229.601,-552.105
denied,298.412,1789657798.999,10.1539,-236.924,-545.764,-228.379,-551.249
denied,298.512,1789657799.099,10.5515,-235.945,-544.690,-226.969,-550.237
denied,298.612,1789657799.199,10.8685,-234.977,-543.626,-225.721,-549.324
denied,298.712,1789657799.299,11.1290,-233.934,-542.485,-224.533,-548.440
denied,298.813,1789657799.400,11.4665,-232.971,-541.432,-223.204,-547.439
denied,298.912,1789657799.498,11.7544,-232.013,-540.379,-221.982,-546.507
denied,299.012,1789657799.599,11.9950,-230.976,-539.237,-220.814,-545.609
denied,299.112,1789657799.699,12.2520,-230.020,-538.184,-219.650,-544.709
denied,299.212,1789657799.799,12.5109,-228.988,-537.038,-218.442,-543.770
denied,299.312,1789657799.899,12.7708,-228.038,-535.978,-217.285,-542.867
denied,299.412,1789657799.999,13.0307,-227.008,-534.826,-216.082,-541.927
denied,299.512,1789657800.099,13.2963,-226.059,-533.752,-214.927,-541.024
denied,299.612,1789657800.199,13.6468,-225.031,-532.583,-213.533,-539.935
denied,299.712,1789657800.299,13.9388,-224.081,-531.500,-212.331,-538.999
denied,299.812,1789657800.399,14.2026,-223.053,-530.315,-211.176,-538.102
denied,299.912,1789657800.499,13.7221,-221.587,-529.791,-210.067,-537.246
denied,300.013,1789657800.600,10.8107,-218.331,-531.059,-208.907,-536.356
