phase,t_s,error_m,est_n,est_e,truth_n,truth_e
baseline,0.000,29.7728,-488.789,-104.718,-480.638,-133.353
baseline,0.001,28.1863,-488.449,-106.271,-480.638,-133.353
baseline,0.001,26.5994,-488.104,-107.823,-480.638,-133.353
baseline,0.002,25.1348,-487.782,-109.255,-480.638,-133.353
baseline,0.002,23.5485,-487.427,-110.805,-480.638,-133.353
baseline,0.089,1.4116,-481.057,-135.679,-480.329,-134.470
baseline,0.189,1.2897,-480.624,-137.206,-479.852,-136.172
baseline,0.289,1.2867,-480.219,-138.615,-479.454,-137.581
baseline,0.389,1.2836,-479.811,-140.022,-479.051,-138.988
baseline,0.489,1.3579,-479.313,-141.720,-478.593,-140.569
baseline,0.590,1.3546,-478.878,-143.183,-478.164,-142.032
baseline,0.696,1.3923,-478.421,-144.704,-477.731,-143.494
baseline,0.796,1.3479,-477.995,-146.106,-477.294,-144.954
baseline,0.898,1.3452,-477.564,-147.507,-476.870,-146.355
baseline,0.999,1.3023,-477.130,-148.907,-476.424,-147.812
baseline,1.108,1.2241,-476.655,-150.421,-475.919,-149.443
baseline,1.195,1.2966,-476.250,-151.702,-475.555,-150.607
baseline,1.295,1.2187,-475.803,-153.098,-475.078,-152.118
baseline,1.395,1.2170,-475.352,-154.494,-474.633,-153.512
baseline,1.496,1.1179,-474.858,-156.007,-474.090,-155.195
baseline,1.596,1.1174,-474.397,-157.405,-473.636,-156.587
baseline,1.696,1.1483,-473.931,-158.803,-473.197,-157.920
baseline,1.797,1.2954,-473.361,-160.491,-472.715,-159.368
baseline,1.898,1.2188,-472.885,-161.887,-472.209,-160.872
baseline,1.995,1.2988,-472.363,-163.399,-471.738,-162.260
baseline,2.095,1.3419,-471.878,-164.791,-471.283,-163.588
baseline,2.196,1.3010,-471.389,-166.182,-470.784,-165.030
baseline,2.296,1.1842,-470.856,-167.687,-470.199,-166.701
baseline,2.395,1.1852,-470.359,-169.075,-469.711,-168.083
baseline,2.495,1.1500,-469.859,-170.460,-469.198,-169.519
baseline,2.599,1.1508,-469.356,-171.843,-468.702,-170.897
baseline,2.703,1.2270,-468.766,-173.454,-468.160,-172.387
baseline,2.805,1.3108,-468.213,-174.948,-467.655,-173.761
baseline,2.906,1.3114,-467.698,-176.324,-467.146,-175.134
baseline,3.003,1.2279,-467.179,-177.696,-466.591,-176.618
baseline,3.106,1.2665,-466.612,-179.180,-466.053,-178.044
baseline,3.206,1.2230,-466.085,-180.548,-465.510,-179.468
baseline,3.304,1.3034,-465.509,-182.027,-464.984,-180.834
baseline,3.402,1.2579,-464.972,-183.391,-464.433,-182.254
baseline,3.503,1.1738,-464.386,-184.866,-463.810,-183.844
baseline,3.603,1.1325,-463.841,-186.226,-463.249,-185.261
baseline,3.703,1.1657,-463.246,-187.697,-462.684,-186.676
baseline,3.802,1.1242,-462.693,-189.054,-462.115,-188.090
baseline,3.903,1.1972,-462.090,-190.521,-461.564,-189.445
baseline,4.003,1.1534,-461.528,-191.874,-460.986,-190.856
baseline,4.103,1.2303,-460.915,-193.337,-460.427,-192.208
baseline,4.203,1.1837,-460.346,-194.685,-459.841,-193.614
baseline,4.304,1.2626,-459.724,-196.143,-459.274,-194.963
baseline,4.402,1.1323,-459.194,-197.374,-458.680,-196.365
baseline,4.503,1.2086,-458.564,-198.828,-458.105,-197.710
baseline,4.602,1.0476,-457.954,-200.225,-457.406,-199.332
baseline,4.702,1.0437,-457.365,-201.564,-456.823,-200.672
baseline,4.803,1.1549,-456.698,-203.070,-456.236,-202.011
baseline,4.902,1.1937,-456.049,-204.518,-455.620,-203.404
baseline,5.004,1.1903,-455.447,-205.852,-455.026,-204.739
baseline,5.103,1.2302,-454.789,-207.295,-454.402,-206.128
baseline,5.203,1.2265,-454.179,-208.626,-453.799,-207.459
baseline,5.303,1.0941,-453.513,-210.065,-453.066,-209.066
baseline,5.403,1.1310,-452.894,-211.391,-452.480,-210.338
baseline,5.508,1.0855,-452.218,-212.827,-451.788,-211.830
baseline,5.615,1.1669,-451.590,-214.150,-451.221,-213.043
baseline,5.715,1.0788,-450.907,-215.583,-450.495,-214.586
baseline,5.814,1.1186,-450.272,-216.904,-449.894,-215.851
baseline,5.913,1.1598,-449.581,-218.332,-449.237,-217.225
baseline,6.012,1.1579,-448.939,-219.650,-448.603,-218.542
baseline,6.112,1.1560,-448.295,-220.965,-447.965,-219.857
baseline,6.213,1.0261,-447.592,-222.388,-447.188,-221.444
baseline,6.313,0.9844,-446.938,-223.699,-446.515,-222.810
baseline,6.414,1.0194,-446.281,-225.007,-445.892,-224.065
baseline,6.518,1.0992,-445.566,-226.422,-445.238,-225.373
baseline,6.627,1.0526,-444.901,-227.727,-444.552,-226.734
baseline,6.764,0.8972,-444.233,-229.029,-443.780,-228.255
baseline,6.864,0.8619,-443.562,-230.330,-443.086,-229.611
baseline,6.964,1.0843,-442.718,-231.953,-442.417,-230.911
baseline,7.064,1.0799,-442.038,-233.248,-441.743,-232.209
baseline,7.164,1.1484,-441.308,-234.628,-441.066,-233.505
baseline,7.264,1.1336,-440.627,-235.906,-440.385,-234.799
baseline,7.367,0.9892,-439.883,-237.294,-439.557,-236.360
baseline,7.464,0.9803,-439.191,-238.574,-438.868,-237.649
baseline,7.564,1.0583,-438.436,-239.961,-438.175,-238.936
baseline,7.671,1.0087,-437.734,-241.241,-437.450,-240.274
baseline,7.771,1.0475,-436.969,-242.627,-436.721,-241.610
baseline,7.872,1.0887,-436.258,-243.904,-436.046,-242.837
baseline,7.971,1.0383,-435.542,-245.180,-435.309,-244.168
baseline,8.071,0.7703,-434.882,-246.347,-434.449,-245.710
baseline,8.171,0.7925,-434.097,-247.725,-433.704,-247.037
baseline,8.271,0.7562,-433.368,-248.994,-432.954,-248.362
baseline,8.373,0.9287,-432.452,-250.578,-432.200,-249.684
baseline,8.471,0.8821,-431.715,-251.844,-431.443,-251.005
baseline,8.572,0.9467,-430.922,-253.193,-430.712,-252.270
baseline,8.671,0.8907,-430.183,-254.445,-429.947,-253.586
baseline,8.771,0.9700,-429.376,-255.803,-429.208,-254.848
baseline,8.871,0.9625,-428.627,-257.056,-428.466,-256.107
baseline,8.971,0.7852,-427.873,-258.308,-427.596,-257.573
baseline,9.079,0.8176,-427.053,-259.662,-426.815,-258.880
baseline,9.178,0.7718,-426.293,-260.910,-426.030,-260.184
baseline,9.277,0.7668,-425.528,-262.157,-425.273,-261.434
baseline,9.377,0.7628,-424.760,-263.403,-424.512,-262.682
baseline,9.477,0.7218,-423.989,-264.647,-423.716,-263.979
baseline,9.579,0.7977,-423.148,-265.995,-422.947,-265.223
baseline,9.677,0.7556,-422.368,-267.237,-422.143,-266.516
baseline,9.777,0.7153,-421.485,-268.633,-421.237,-267.962
baseline,9.880,0.7943,-420.630,-269.974,-420.457,-269.198
baseline,9.977,0.7504,-419.836,-271.209,-419.640,-270.484
baseline,10.077,0.7481,-419.040,-272.441,-418.852,-271.717
baseline,10.184,0.6681,-418.240,-273.671,-417.995,-273.049
baseline,10.284,0.8327,-417.368,-275.001,-417.265,-274.175
baseline,10.393,0.6622,-416.558,-276.227,-416.333,-275.605
baseline,10.493,0.7844,-415.677,-277.554,-415.563,-276.778
baseline,10.593,0.7390,-414.860,-278.776,-414.722,-278.050
baseline,10.694,0.7380,-414.040,-279.996,-413.911,-279.270
baseline,10.805,0.6931,-413.148,-281.315,-412.994,-280.639
baseline,10.905,0.6912,-412.320,-282.529,-412.175,-281.853
baseline,11.010,0.6883,-411.421,-283.841,-411.284,-283.166
baseline,11.117,0.6438,-410.553,-285.099,-410.389,-284.476
baseline,11.218,0.6824,-409.645,-286.404,-409.524,-285.733
baseline,11.317,0.6805,-408.803,-287.608,-408.690,-286.937
baseline,11.426,0.8208,-407.887,-288.909,-407.888,-288.088
baseline,11.526,0.5944,-407.038,-290.107,-406.872,-289.536
baseline,11.627,0.5244,-406.257,-291.203,-406.027,-290.732
baseline,11.727,0.5911,-405.329,-292.496,-405.179,-291.925
baseline,11.826,0.5903,-404.468,-293.689,-404.327,-293.115
baseline,11.927,0.4499,-403.601,-294.879,-403.293,-294.550
baseline,12.026,0.5155,-402.656,-296.166,-402.470,-295.685
baseline,12.127,0.4832,-401.779,-297.353,-401.571,-296.916
baseline,12.227,0.5531,-400.827,-298.635,-400.705,-298.096
baseline,12.329,0.5557,-399.944,-299.817,-399.836,-299.272
baseline,12.427,0.4292,-399.057,-300.997,-398.817,-300.641
baseline,12.532,0.4004,-398.242,-302.075,-397.940,-301.812
baseline,12.631,0.6101,-397.164,-303.491,-397.134,-302.882
baseline,12.747,0.4516,-396.268,-304.661,-396.103,-304.241
baseline,12.847,0.4681,-395.314,-305.899,-395.180,-305.451
baseline,12.946,0.4523,-394.429,-307.040,-394.289,-306.610
baseline,13.050,0.5188,-393.459,-308.280,-393.396,-307.765
baseline,13.147,0.4702,-392.554,-309.428,-392.462,-308.967
baseline,13.247,0.4261,-391.642,-310.574,-391.524,-310.165
baseline,13.357,0.4197,-390.610,-311.862,-390.508,-311.455
baseline,13.465,0.5998,-389.612,-313.101,-389.676,-312.505
baseline,13.565,0.3747,-388.686,-314.243,-388.577,-313.885
baseline,13.665,0.5016,-387.757,-315.383,-387.777,-314.882
baseline,13.765,0.3347,-386.826,-316.521,-386.707,-316.208
baseline,13.865,0.3688,-385.814,-317.753,-385.749,-317.390
baseline,13.977,0.4602,-384.760,-319.028,-384.786,-318.569
baseline,14.077,0.4145,-383.820,-320.160,-383.820,-319.746
baseline,14.177,0.3701,-382.877,-321.289,-382.850,-320.920
baseline,14.277,0.3704,-381.930,-322.416,-381.915,-322.046
baseline,14.377,0.4691,-380.862,-323.679,-380.937,-323.216
baseline,14.497,0.3689,-379.830,-324.892,-379.837,-324.523
baseline,14.587,0.2822,-378.953,-325.916,-378.891,-325.641
baseline,14.685,0.4205,-377.873,-327.172,-377.941,-326.757
baseline,14.792,0.6459,-376.830,-328.377,-377.068,-327.777
baseline,14.890,0.3729,-375.864,-329.488,-375.912,-329.118
baseline,14.990,0.2413,-375.057,-330.412,-374.992,-330.179
baseline,15.099,0.4308,-373.802,-331.839,-373.908,-331.422
baseline,15.199,0.4342,-372.826,-332.941,-372.941,-332.523
baseline,15.306,0.4391,-371.845,-334.041,-371.971,-333.621
baseline,15.406,0.4431,-370.862,-335.137,-370.998,-334.716
baseline,15.506,0.3383,-369.792,-336.321,-369.859,-335.990
baseline,15.611,0.3960,-368.801,-337.411,-368.919,-337.033
baseline,15.725,0.3460,-367.724,-338.589,-367.813,-338.254
baseline,15.828,0.2972,-366.725,-339.673,-366.784,-339.382
baseline,15.928,0.3023,-365.723,-340.755,-365.794,-340.461
baseline,16.038,0.4795,-364.634,-341.924,-364.842,-341.493
baseline,16.147,0.3159,-363.625,-343.001,-363.720,-342.700
baseline,16.247,0.2679,-362.614,-344.075,-362.678,-343.815
baseline,16.348,0.2744,-361.599,-345.147,-361.674,-344.883
baseline,16.448,0.3375,-360.496,-346.304,-360.624,-345.991
baseline,16.563,0.2344,-359.473,-347.369,-359.528,-347.141
baseline,16.663,0.2411,-358.448,-348.432,-358.513,-348.199
baseline,16.762,0.1946,-357.419,-349.490,-357.452,-349.299
baseline,16.873,0.1505,-356.300,-350.632,-356.302,-350.482
baseline,16.973,0.2036,-355.263,-351.682,-355.320,-351.487
baseline,17.073,0.3233,-354.136,-352.816,-354.291,-352.532
baseline,17.173,0.2711,-353.092,-353.859,-353.216,-353.618
baseline,17.274,0.3976,-351.957,-354.985,-352.181,-354.657
baseline,17.377,0.0729,-350.994,-355.934,-350.926,-355.907
baseline,17.482,0.4122,-349.722,-357.182,-349.971,-356.853
baseline,17.582,0.2389,-348.755,-358.125,-348.883,-357.924
baseline,17.685,0.1311,-347.607,-359.239,-347.662,-359.120
baseline,17.786,0.1977,-346.457,-360.347,-346.567,-360.183
baseline,17.888,0.2061,-345.393,-361.367,-345.514,-361.200
baseline,17.990,0.2154,-344.325,-362.383,-344.459,-362.214
baseline,18.088,0.3477,-343.165,-363.480,-343.400,-363.224
baseline,18.187,0.3564,-342.092,-364.488,-342.338,-364.231
baseline,18.285,0.3050,-341.015,-365.493,-341.230,-365.277
baseline,18.393,0.1933,-339.801,-366.619,-339.940,-366.485
baseline,18.498,0.3252,-338.628,-367.699,-338.870,-367.482
baseline,18.598,0.2749,-337.541,-368.692,-337.752,-368.516
baseline,18.698,0.4076,-336.361,-369.765,-336.676,-369.506
baseline,18.807,0.2359,-335.269,-370.751,-335.462,-370.616
baseline,18.905,0.3681,-334.083,-371.816,-334.380,-371.599
baseline,19.005,0.4380,-332.986,-372.796,-333.341,-372.539
baseline,19.116,0.3279,-331.794,-373.854,-332.072,-373.679
baseline,19.220,0.4582,-330.692,-374.828,-331.072,-374.572
baseline,19.321,0.5895,-329.494,-375.880,-329.978,-375.543
baseline,19.420,0.2991,-328.386,-376.848,-328.653,-376.713
baseline,19.525,0.2506,-327.275,-377.814,-327.507,-377.718
baseline,19.628,0.3207,-326.068,-378.858,-326.357,-378.720
baseline,19.726,0.3315,-324.950,-379.818,-325.251,-379.679
baseline,19.828,0.4625,-323.735,-380.854,-324.142,-380.635
baseline,19.926,0.4738,-322.610,-381.807,-323.029,-381.588
baseline,20.026,0.2540,-321.481,-382.757,-321.728,-382.696
baseline,20.130,0.3798,-320.256,-383.781,-320.609,-383.642
baseline,20.234,0.2770,-319.217,-384.645,-319.488,-384.586
baseline,20.326,0.3444,-317.986,-385.663,-318.316,-385.565
baseline,20.427,0.3560,-316.847,-386.600,-317.189,-386.502
baseline,20.525,0.4252,-315.609,-387.611,-316.012,-387.475
baseline,20.625,0.4362,-314.465,-388.540,-314.879,-388.405
baseline,20.726,0.3376,-313.222,-389.542,-313.555,-389.486
baseline,20.829,0.2098,-312.169,-390.385,-312.370,-390.447
baseline,20.933,0.2212,-310.923,-391.378,-311.135,-391.442
baseline,21.037,0.3172,-309.580,-392.442,-309.897,-392.433
baseline,21.135,0.3256,-308.427,-393.351,-308.752,-393.345
baseline,21.240,0.4759,-307.189,-394.321,-307.653,-394.215
baseline,21.339,0.5274,-306.041,-395.215,-306.552,-395.082
baseline,21.439,0.5852,-304.790,-396.185,-305.352,-396.021
baseline,21.542,0.3275,-303.631,-397.079,-303.957,-397.105
baseline,21.646,0.4864,-302.369,-398.047,-302.848,-397.962
baseline,21.748,0.4416,-301.201,-398.937,-301.640,-398.890
baseline,21.865,0.5592,-299.933,-399.899,-300.478,-399.777
baseline,21.965,0.3625,-298.758,-400.783,-299.120,-400.808
baseline,22.065,0.3282,-297.581,-401.664,-297.904,-401.724
baseline,22.165,0.2989,-296.401,-402.542,-296.685,-402.636
baseline,22.265,0.3927,-295.120,-403.490,-295.512,-403.508
baseline,22.365,0.4524,-293.934,-404.361,-294.386,-404.340
baseline,22.466,0.5702,-292.646,-405.300,-293.209,-405.205
baseline,22.565,0.3382,-291.455,-406.163,-291.783,-406.245
baseline,22.665,0.4398,-290.160,-407.094,-290.600,-407.102
baseline,22.765,0.5018,-288.963,-407.949,-289.464,-407.920
baseline,22.865,0.3337,-287.764,-408.799,-288.078,-408.910
baseline,22.965,0.3444,-286.562,-409.645,-286.888,-409.756
baseline,23.077,0.3552,-285.357,-410.486,-285.695,-410.597
baseline,23.187,0.3328,-284.051,-411.393,-284.349,-411.540
baseline,23.292,0.4163,-282.841,-412.227,-283.251,-412.305
baseline,23.392,0.6243,-281.428,-413.195,-282.049,-413.136
baseline,23.501,0.6900,-280.112,-414.090,-280.795,-413.998
baseline,23.617,0.4526,-278.892,-414.912,-279.337,-414.993
baseline,23.716,0.5591,-277.568,-415.797,-278.127,-415.812
baseline,23.832,0.6221,-276.344,-416.611,-276.965,-416.594
baseline,23.928,0.4121,-275.115,-417.421,-275.497,-417.576
baseline,24.022,0.4618,-273.885,-418.227,-274.330,-418.351
baseline,24.143,0.5177,-272.549,-419.096,-273.058,-419.190
baseline,24.243,0.4891,-271.312,-419.896,-271.784,-420.025
baseline,24.343,0.5452,-270.073,-420.692,-270.610,-420.790
baseline,24.449,0.4158,-268.832,-421.485,-269.178,-421.716
baseline,24.549,0.5305,-267.486,-422.339,-267.999,-422.474
baseline,24.660,0.5044,-266.240,-423.125,-266.716,-423.293
baseline,24.766,0.6973,-264.837,-424.004,-265.533,-424.043
baseline,24.872,0.4956,-263.588,-424.781,-264.040,-424.984
baseline,24.966,0.5860,-262.233,-425.620,-262.802,-425.758
baseline,25.066,0.5576,-260.980,-426.390,-261.511,-426.561
baseline,25.166,0.5705,-259.726,-427.156,-260.270,-427.327
baseline,25.275,0.5853,-258.312,-428.012,-258.872,-428.185
baseline,25.375,0.6876,-256.948,-428.831,-257.627,-428.943
baseline,25.477,0.7013,-255.688,-429.583,-256.380,-429.697
baseline,25.575,0.8624,-254.321,-430.393,-255.183,-430.417
baseline,25.682,0.6407,-253.058,-431.137,-253.672,-431.319
baseline,25.776,0.7430,-251.687,-431.938,-252.419,-432.062
baseline,25.876,0.6265,-250.525,-432.612,-251.112,-432.832
baseline,25.975,0.6387,-249.256,-433.344,-249.854,-433.567
baseline,26.076,0.6908,-247.985,-434.073,-248.647,-434.269
baseline,26.190,0.6630,-246.605,-434.859,-247.227,-435.089
baseline,26.296,0.7155,-245.118,-435.703,-245.805,-435.905
baseline,26.398,0.6853,-243.840,-436.423,-244.484,-436.656
baseline,26.496,0.6972,-242.558,-437.140,-243.215,-437.374
baseline,26.596,0.8417,-241.167,-437.912,-241.995,-438.058
baseline,26.696,0.9532,-239.772,-438.679,-240.721,-438.769
baseline,26.796,0.8682,-238.483,-439.383,-239.338,-439.535
baseline,26.896,0.8339,-237.193,-440.082,-238.006,-440.267
baseline,26.996,0.7208,-235.793,-440.834,-236.458,-441.112
baseline,27.096,0.7718,-234.499,-441.523,-235.228,-441.778
baseline,27.201,0.9164,-233.096,-442.265,-233.996,-442.440
baseline,27.302,0.9752,-231.691,-443.004,-232.655,-443.156
baseline,27.401,0.8896,-230.502,-443.625,-231.365,-443.840
baseline,27.501,0.7024,-229.202,-444.300,-229.804,-444.661
baseline,27.609,0.7461,-227.792,-445.027,-228.457,-445.365
baseline,27.708,0.7552,-226.488,-445.695,-227.161,-446.037
baseline,27.825,0.6997,-225.182,-446.359,-225.755,-446.760
baseline,27.925,0.8944,-223.711,-447.102,-224.564,-447.368
baseline,28.024,0.9511,-222.290,-447.813,-223.209,-448.056
baseline,28.124,0.7969,-221.193,-448.357,-221.907,-448.711
baseline,28.224,0.9334,-219.657,-449.112,-220.548,-449.390
baseline,28.324,0.8276,-218.226,-449.810,-218.970,-450.172
baseline,28.424,0.8418,-216.904,-450.451,-217.663,-450.815
baseline,28.524,0.8950,-215.471,-451.140,-216.299,-451.481
baseline,28.630,0.9941,-214.146,-451.774,-215.097,-452.063
baseline,28.731,0.8831,-212.708,-452.457,-213.511,-452.825
baseline,28.830,0.8951,-211.380,-453.083,-212.196,-453.452
baseline,28.930,1.0357,-209.939,-453.758,-210.933,-454.049
baseline,29.038,1.0477,-208.608,-454.376,-209.614,-454.669
baseline,29.150,1.0162,-207.162,-455.042,-208.127,-455.361
baseline,29.250,1.0282,-205.826,-455.652,-206.803,-455.973
baseline,29.350,0.9960,-204.488,-456.258,-205.422,-456.605
baseline,29.450,0.9255,-203.037,-456.909,-203.872,-457.309
baseline,29.550,0.9758,-201.697,-457.505,-202.597,-457.883
baseline,29.650,1.0297,-200.243,-458.147,-201.209,-458.502
baseline,29.750,1.0842,-198.899,-458.735,-199.931,-459.068
baseline,29.850,0.9652,-197.442,-459.368,-198.317,-459.777
baseline,29.950,0.9737,-196.096,-459.949,-196.979,-460.358
baseline,30.053,1.0670,-194.636,-460.574,-195.640,-460.936
denied,0.001,27.6337,-193.289,-461.147,-167.819,-471.867
denied,0.002,26.1730,-191.942,-461.713,-167.819,-471.867
denied,0.003,24.5935,-190.485,-462.321,-167.819,-471.867
denied,0.004,22.9562,-188.971,-462.946,-167.819,-471.867
denied,0.005,21.5024,-187.625,-463.496,-167.819,-471.867
denied,0.038,1.0213,-166.656,-471.446,-167.533,-471.970
denied,0.138,1.0561,-165.179,-471.965,-166.101,-472.479
denied,0.238,1.0130,-163.813,-472.439,-164.667,-472.985
denied,0.338,1.0468,-162.332,-472.949,-163.230,-473.486
denied,0.438,0.9076,-160.963,-473.416,-161.620,-474.042
denied,0.539,0.9340,-159.480,-473.917,-160.180,-474.535
denied,0.638,0.9312,-158.109,-474.375,-158.796,-475.003
denied,0.738,0.9908,-156.624,-474.866,-157.411,-475.468
denied,0.838,0.9542,-155.251,-475.316,-155.966,-475.948
denied,0.939,1.0154,-153.763,-475.798,-154.578,-476.405
denied,1.038,0.8754,-152.388,-476.240,-152.898,-476.951
denied,1.142,0.8599,-151.012,-476.677,-151.448,-477.418
denied,1.238,0.9155,-149.636,-477.110,-150.230,-477.806
denied,1.338,0.9377,-148.144,-477.574,-148.778,-478.265
denied,1.440,0.8578,-146.766,-477.998,-147.093,-478.792
denied,1.538,0.8684,-145.273,-478.453,-145.639,-479.241
denied,1.638,0.8669,-143.894,-478.869,-144.183,-479.686
denied,1.738,0.8762,-142.399,-479.314,-142.727,-480.126
denied,1.846,0.8781,-141.134,-479.687,-141.387,-480.528
denied,1.951,0.8961,-139.639,-480.123,-139.754,-481.012
denied,2.050,0.9060,-138.258,-480.521,-138.354,-481.422
denied,2.150,0.9074,-136.762,-480.948,-136.894,-481.846
denied,2.250,0.9099,-135.380,-481.338,-135.551,-482.232
denied,2.350,0.9196,-133.999,-481.723,-134.147,-482.631
denied,2.451,0.9218,-132.502,-482.136,-132.743,-483.026
denied,2.550,0.9343,-131.119,-482.513,-131.279,-483.434
denied,2.650,0.9403,-129.619,-482.917,-129.813,-483.838
denied,2.756,1.0006,-128.233,-483.286,-128.170,-484.285
denied,2.856,1.0391,-126.847,-483.651,-126.701,-484.680
denied,2.956,1.0352,-125.344,-484.042,-125.231,-485.071
denied,3.064,1.0134,-123.956,-484.399,-123.936,-485.412
denied,3.165,1.0144,-122.450,-484.781,-122.463,-485.796
denied,3.265,1.1460,-121.057,-485.130,-120.753,-486.235
denied,3.364,1.1392,-119.549,-485.503,-119.278,-486.610
denied,3.464,1.0859,-118.041,-485.872,-117.919,-486.951
denied,3.564,1.1049,-116.648,-486.208,-116.501,-487.303
denied,3.667,1.1050,-115.141,-486.567,-115.023,-487.666
denied,3.764,1.2340,-113.749,-486.895,-113.365,-488.067
denied,3.866,1.2918,-112.354,-487.219,-111.884,-488.422
denied,3.964,1.2834,-110.840,-487.566,-110.401,-488.772
denied,4.064,1.3423,-109.441,-487.882,-108.918,-489.118
denied,4.165,1.2694,-107.927,-488.220,-107.552,-489.433
denied,4.264,1.2942,-106.530,-488.528,-106.126,-489.757
denied,4.364,1.2895,-105.013,-488.857,-104.640,-490.091
denied,4.464,1.3131,-103.612,-489.157,-103.213,-490.408
denied,4.564,1.3087,-102.093,-489.478,-101.725,-490.734
denied,4.665,1.4662,-100.688,-489.770,-100.058,-491.094
denied,4.764,1.4215,-99.166,-490.082,-98.629,-491.398
denied,4.864,1.4469,-97.762,-490.366,-97.199,-491.699
denied,4.964,1.4408,-96.242,-490.668,-95.710,-492.007
denied,5.064,1.5377,-94.839,-490.943,-94.161,-492.324
denied,5.164,1.6023,-93.434,-491.215,-92.670,-492.624
denied,5.264,1.6291,-92.028,-491.482,-91.239,-492.908
denied,5.364,1.6190,-90.505,-491.768,-89.748,-493.199
denied,5.465,1.7709,-88.984,-492.048,-88.018,-493.532
denied,5.565,1.7193,-87.462,-492.324,-86.586,-493.803
denied,5.672,1.7079,-86.057,-492.575,-85.214,-494.060
denied,5.773,1.6640,-84.537,-492.841,-83.780,-494.323
denied,5.877,1.8523,-83.133,-493.084,-82.108,-494.626
denied,5.977,1.8824,-81.728,-493.322,-80.673,-494.881
denied,6.078,1.8711,-80.201,-493.576,-79.178,-495.143
denied,6.177,1.8584,-78.790,-493.806,-77.802,-495.380
denied,6.277,1.8088,-77.260,-494.051,-76.366,-495.623
denied,6.377,2.0425,-75.849,-494.273,-74.630,-495.912
denied,6.483,2.0294,-74.439,-494.491,-73.253,-496.137
denied,6.584,1.9776,-72.912,-494.723,-71.815,-496.368
denied,6.684,2.0508,-71.505,-494.932,-70.317,-496.604
denied,6.783,2.1719,-69.979,-495.154,-68.639,-496.864
denied,6.883,2.1607,-68.571,-495.355,-67.259,-497.073
denied,6.984,2.1099,-67.044,-495.569,-65.820,-497.287
denied,7.084,2.2316,-65.518,-495.777,-64.139,-497.532
denied,7.184,2.3068,-64.104,-495.966,-62.638,-497.746
denied,7.285,2.3827,-62.690,-496.150,-61.136,-497.956
denied,7.384,2.2829,-61.157,-496.345,-59.754,-498.145
denied,7.485,2.3139,-59.743,-496.521,-58.311,-498.339
denied,7.584,2.4371,-58.211,-496.706,-56.628,-498.559
denied,7.684,2.4696,-56.797,-496.873,-55.185,-498.744
denied,7.783,2.4157,-55.264,-497.050,-53.741,-498.925
denied,7.884,2.4918,-53.849,-497.208,-52.237,-499.108
denied,7.983,2.5243,-52.434,-497.362,-50.794,-499.281
denied,8.083,2.4733,-50.903,-497.525,-49.350,-499.449
denied,8.184,2.7285,-49.485,-497.671,-47.604,-499.647
denied,8.284,2.6710,-47.949,-497.824,-46.160,-499.807
denied,8.383,2.7045,-46.534,-497.961,-44.715,-499.962
denied,8.488,2.6098,-45.004,-498.105,-43.331,-500.107
denied,8.588,2.8241,-43.592,-498.234,-41.645,-500.279
denied,8.688,2.8159,-42.060,-498.368,-40.139,-500.427
denied,8.789,2.8506,-40.645,-498.488,-38.694,-500.566
denied,8.889,2.7542,-39.111,-498.614,-37.308,-500.695
denied,8.988,2.8314,-37.694,-498.725,-35.802,-500.831
denied,9.088,3.0007,-36.154,-498.840,-34.055,-500.984
denied,9.188,3.0809,-34.737,-498.943,-32.548,-501.111
denied,9.289,3.0262,-33.202,-499.050,-31.102,-501.228
denied,9.389,3.1066,-31.786,-499.144,-29.596,-501.347
denied,9.497,3.1447,-30.252,-499.241,-28.029,-501.465
denied,9.598,3.2242,-28.834,-499.327,-26.523,-501.575
denied,9.698,3.1733,-27.304,-499.416,-25.077,-501.676
denied,9.797,3.2125,-25.895,-499.495,-23.630,-501.773
denied,9.897,3.2108,-24.369,-499.575,-22.124,-501.870
denied,9.997,3.2517,-22.961,-499.645,-20.677,-501.960
denied,10.098,3.2504,-21.434,-499.716,-19.170,-502.048
denied,10.199,3.2900,-20.023,-499.778,-17.722,-502.130
denied,10.298,3.2887,-18.493,-499.839,-16.214,-502.210
denied,10.398,3.5577,-17.085,-499.892,-14.464,-502.298
denied,10.497,3.5563,-15.557,-499.945,-12.956,-502.370
denied,10.597,3.5989,-14.147,-499.988,-11.507,-502.434
denied,10.697,3.6398,-12.734,-500.027,-10.058,-502.495
denied,10.799,3.6786,-11.318,-500.063,-8.609,-502.552
denied,10.897,3.7204,-9.905,-500.094,-7.160,-502.604
denied,10.997,3.6325,-8.255,-500.123,-5.651,-502.655
denied,11.098,3.8129,-6.724,-500.147,-3.900,-502.709
denied,11.198,3.8968,-5.305,-500.164,-2.391,-502.751
denied,11.298,3.8045,-3.772,-500.177,-1.003,-502.785
denied,11.398,3.8897,-2.357,-500.186,0.506,-502.819
denied,11.497,3.7994,-0.823,-500.190,1.893,-502.846
denied,11.597,4.0655,0.590,-500.190,3.642,-502.876
denied,11.699,3.9725,1.999,-500.189,4.909,-502.893
denied,11.797,4.1560,3.523,-500.183,6.657,-502.913
denied,11.899,4.1996,4.931,-500.173,8.103,-502.925
denied,12.000,4.1585,6.452,-500.159,9.549,-502.934
denied,12.102,4.2066,7.852,-500.143,10.995,-502.938
denied,12.205,4.3976,9.367,-500.121,12.743,-502.939
denied,12.305,4.2641,10.765,-500.098,13.948,-502.936
denied,12.417,4.4494,12.167,-500.068,15.576,-502.928
denied,12.518,4.4118,13.685,-500.031,17.023,-502.916
denied,12.618,4.5049,15.089,-499.993,18.530,-502.901
denied,12.718,4.5549,16.493,-499.948,19.978,-502.882
denied,12.817,4.7446,18.017,-499.895,21.726,-502.853
denied,12.922,4.7448,19.427,-499.840,23.113,-502.827
denied,13.018,4.7938,20.834,-499.780,24.561,-502.796
denied,13.126,4.9856,22.357,-499.714,26.309,-502.753
denied,13.224,4.8506,23.762,-499.647,27.515,-502.721
denied,13.327,5.0416,25.286,-499.569,29.262,-502.668
denied,13.424,4.9552,26.689,-499.494,30.528,-502.627
denied,13.530,5.1909,28.090,-499.417,32.215,-502.568
denied,13.629,5.1543,29.610,-499.325,33.660,-502.513
denied,13.729,5.2486,31.017,-499.236,35.166,-502.451
denied,13.836,5.4344,32.428,-499.141,36.791,-502.381
denied,13.936,5.4375,33.959,-499.029,38.295,-502.311
denied,14.037,5.4812,35.373,-498.924,39.738,-502.240
denied,14.137,5.4390,36.903,-498.806,41.180,-502.166
denied,14.236,5.3630,38.480,-498.680,42.621,-502.088
denied,14.336,5.5905,39.883,-498.568,44.301,-501.993
denied,14.437,5.5955,41.404,-498.442,45.800,-501.904
denied,14.536,5.6910,42.803,-498.321,47.298,-501.811
denied,14.636,5.7026,44.314,-498.188,48.796,-501.714
denied,14.736,5.8009,45.705,-498.063,50.293,-501.614
denied,14.836,5.7729,47.209,-497.922,51.729,-501.513
denied,14.937,5.8264,48.602,-497.787,53.165,-501.410
denied,15.036,5.9256,49.994,-497.647,54.661,-501.298
denied,15.136,6.0253,51.384,-497.503,56.156,-501.182
denied,15.244,6.1336,52.885,-497.345,57.771,-501.052
denied,15.344,6.1510,54.266,-497.195,59.146,-500.939
denied,15.444,6.1277,55.767,-497.026,60.581,-500.816
denied,15.544,6.3671,57.150,-496.865,62.255,-500.669
denied,15.644,6.3906,58.649,-496.685,63.750,-500.534
denied,15.744,6.4115,60.029,-496.515,65.125,-500.406
denied,15.846,6.3954,61.524,-496.326,66.560,-500.269
denied,15.944,6.4609,62.907,-496.146,67.995,-500.129
denied,16.044,6.6658,64.402,-495.946,69.728,-499.954
denied,16.144,6.7785,65.779,-495.760,71.222,-499.800
denied,16.247,6.8102,67.273,-495.550,72.716,-499.642
denied,16.344,6.8803,68.650,-495.353,74.151,-499.486
denied,16.450,6.9131,70.144,-495.134,75.644,-499.321
denied,16.545,6.9850,71.522,-494.925,77.078,-499.159
denied,16.644,7.0538,72.903,-494.714,78.511,-498.993
denied,16.744,7.0459,74.400,-494.476,79.944,-498.824
denied,16.845,7.3329,75.781,-494.253,81.675,-498.615
denied,16.944,7.3213,77.281,-494.005,83.106,-498.439
denied,17.044,7.4341,78.665,-493.770,84.596,-498.252
denied,17.144,7.4678,80.164,-493.511,86.085,-498.062
denied,17.246,7.5800,81.547,-493.271,87.574,-497.868
denied,17.344,7.5715,83.046,-493.003,89.001,-497.679
denied,17.444,7.6847,84.427,-492.753,90.487,-497.478
denied,17.544,7.6762,85.925,-492.479,91.913,-497.283
denied,17.644,7.7910,87.300,-492.224,93.396,-497.076
denied,17.744,7.9065,88.670,-491.970,94.878,-496.866
denied,17.844,8.1479,90.035,-491.716,96.537,-496.627
denied,17.945,8.1442,91.520,-491.431,97.958,-496.419
denied,18.047,8.2606,92.886,-491.167,99.438,-496.199
denied,18.144,8.2627,94.361,-490.878,100.857,-495.984
denied,18.264,8.4628,95.729,-490.602,102.453,-495.740
denied,18.364,8.4641,97.212,-490.295,103.872,-495.519
denied,18.464,8.5827,98.579,-490.009,105.348,-495.285
denied,18.564,8.5129,100.112,-489.683,106.706,-495.068
denied,18.664,8.5231,101.589,-489.365,108.122,-494.838
denied,18.764,8.8050,102.946,-489.070,109.833,-494.557
denied,18.864,8.8205,104.411,-488.747,111.247,-494.320
denied,18.965,8.9455,105.764,-488.448,112.721,-494.071
denied,19.069,8.9651,107.223,-488.119,114.135,-493.828
denied,19.169,9.0579,108.568,-487.812,115.549,-493.583
denied,19.271,9.2761,110.021,-487.479,117.258,-493.282
denied,19.369,9.3708,111.363,-487.166,118.671,-493.030
denied,19.472,9.4658,112.709,-486.842,120.085,-492.775
denied,19.575,9.4141,114.172,-486.484,121.381,-492.539
denied,19.675,9.7031,115.523,-486.147,123.089,-492.223
denied,19.775,9.8420,116.869,-485.808,124.561,-491.947
denied,19.876,9.8715,118.323,-485.441,125.974,-491.680
denied,19.975,9.9364,119.661,-485.099,127.327,-491.421
denied,20.074,9.9739,121.112,-484.721,128.739,-491.147
denied,20.175,10.2644,122.453,-484.372,130.445,-490.813
denied,20.274,10.3017,123.906,-483.982,131.856,-490.534
denied,20.375,10.3395,125.360,-483.588,133.266,-490.252
denied,20.475,10.5170,126.706,-483.220,134.794,-489.943
denied,20.575,10.6605,128.046,-482.849,136.262,-489.642
denied,20.675,10.7025,129.491,-482.448,137.670,-489.352
denied,20.775,10.8451,130.824,-482.080,139.136,-489.046
denied,20.875,10.9901,132.157,-481.704,140.601,-488.737
denied,20.980,11.1436,133.605,-481.288,142.183,-488.401
denied,21.081,11.2859,134.939,-480.906,143.647,-488.086
denied,21.180,11.2958,136.378,-480.487,144.993,-487.794
denied,21.280,11.4420,137.702,-480.104,146.455,-487.474
denied,21.381,11.4890,139.134,-479.687,147.857,-487.164
denied,21.481,11.6386,140.460,-479.289,149.318,-486.838
denied,21.580,11.7215,141.895,-478.862,150.778,-486.510
denied,21.681,11.8102,143.328,-478.425,152.238,-486.178
denied,21.782,11.9018,144.751,-477.993,153.696,-485.844
denied,21.881,12.1978,146.059,-477.593,155.388,-485.452
denied,21.981,12.3145,147.369,-477.192,156.788,-485.125
denied,22.081,12.4108,148.789,-476.743,158.246,-484.781
denied,22.180,12.5311,150.103,-476.325,159.645,-484.448
denied,22.280,12.6619,151.526,-475.868,161.160,-484.084
denied,22.380,12.8249,152.836,-475.436,162.617,-483.730
denied,22.485,12.8876,154.257,-474.970,164.015,-483.389
denied,22.581,13.0137,155.571,-474.529,165.413,-483.044
denied,22.687,13.1883,156.993,-474.044,166.984,-482.653
denied,22.788,13.2232,158.416,-473.557,168.322,-482.317
denied,22.887,13.3739,159.619,-473.144,169.659,-481.979
denied,22.998,13.6189,161.037,-472.647,171.343,-481.549
denied,23.098,13.7451,162.346,-472.192,172.736,-481.191
denied,23.197,13.8161,163.762,-471.696,174.129,-480.830
denied,23.305,14.0171,165.068,-471.227,175.635,-480.436
denied,23.407,14.0870,166.485,-470.724,177.025,-480.070
denied,23.505,14.2174,167.785,-470.259,178.414,-479.701
denied,23.605,14.2962,169.197,-469.743,179.802,-479.330
denied,23.718,14.5526,170.500,-469.274,181.419,-478.894
denied,23.818,14.5984,171.906,-468.756,182.747,-478.533
denied,23.918,14.7957,173.201,-468.278,184.246,-478.123
denied,24.018,14.8714,174.603,-467.762,185.629,-477.741
denied,24.122,15.0368,175.897,-467.278,187.069,-477.341
denied,24.222,15.1187,177.296,-466.749,188.450,-476.955
denied,24.342,15.4084,178.584,-466.267,190.117,-476.484
denied,24.441,15.4909,179.976,-465.736,191.496,-476.092
denied,24.541,15.5964,181.261,-465.240,192.817,-475.714
denied,24.641,15.7402,182.656,-464.702,194.310,-475.283
denied,24.746,15.8502,183.939,-464.196,195.629,-474.899
denied,24.845,16.1445,185.218,-463.693,197.291,-474.412
denied,24.945,16.1990,186.601,-463.149,198.609,-474.022
denied,25.046,16.3227,187.981,-462.596,200.040,-473.596
denied,25.145,16.4928,189.250,-462.092,201.471,-473.167
denied,25.250,16.7086,190.621,-461.541,203.073,-472.682
denied,25.363,16.8231,191.885,-461.026,204.389,-472.281
denied,25.469,16.9051,193.150,-460.510,205.647,-471.895
denied,25.570,17.1541,194.522,-459.943,207.305,-471.382
denied,25.669,17.3356,195.785,-459.410,208.734,-470.936
denied,25.778,17.4021,197.151,-458.840,210.048,-470.523
denied,25.879,17.5494,198.412,-458.307,211.419,-470.089
denied,25.978,17.6875,199.774,-457.719,212.846,-469.633
denied,26.106,17.9118,201.186,-457.120,214.501,-469.101
denied,26.204,18.0632,202.439,-456.579,215.870,-468.657
denied,26.304,18.1429,203.791,-455.987,217.182,-468.229
denied,26.405,18.3206,205.034,-455.454,218.607,-467.760
denied,26.504,18.4543,206.379,-454.871,220.032,-467.287
denied,26.604,18.5835,207.623,-454.315,221.342,-466.850
denied,26.704,18.8797,208.871,-453.765,222.994,-466.294
denied,26.805,19.0150,210.220,-453.161,224.418,-465.811
denied,26.923,19.2054,211.465,-452.589,225.841,-465.324
denied,27.024,19.3856,212.715,-452.021,227.263,-464.834
denied,27.123,19.5125,213.962,-451.443,228.570,-464.380
denied,27.232,19.6457,215.467,-450.739,230.103,-463.843
denied,27.331,19.8705,216.610,-450.210,231.521,-463.343
denied,27.434,20.0125,217.957,-449.571,232.938,-462.839
denied,27.531,20.1668,219.196,-448.986,234.297,-462.353
denied,27.631,20.2432,220.535,-448.360,235.598,-461.884
denied,27.731,20.4244,221.770,-447.774,237.011,-461.371
denied,27.832,20.5627,223.105,-447.135,238.422,-460.855
denied,27.938,20.8073,224.445,-446.497,240.057,-460.252
denied,28.031,20.8468,225.678,-445.899,241.184,-459.834
denied,28.137,21.1122,226.909,-445.298,242.759,-459.244
denied,28.237,21.2582,228.139,-444.704,244.108,-458.736
denied,28.337,21.3680,229.465,-444.050,245.456,-458.224
denied,28.444,21.6296,230.689,-443.447,247.026,-457.623
denied,28.544,21.7057,232.015,-442.792,248.314,-457.126
denied,28.649,21.8320,233.231,-442.181,249.601,-456.626
denied,28.748,22.0751,234.547,-441.526,251.223,-455.991
denied,28.849,22.2508,235.759,-440.919,252.619,-455.440
denied,28.951,22.4333,236.967,-440.302,254.014,-454.884
denied,29.049,22.5660,238.274,-439.640,255.408,-454.325
denied,29.153,22.6616,239.482,-439.020,256.634,-453.830
denied,29.254,22.7788,240.785,-438.335,257.970,-453.286
denied,29.353,23.0659,241.988,-437.709,259.583,-452.624
denied,29.453,23.1780,243.293,-437.018,260.917,-452.072
denied,29.553,23.3177,244.493,-436.360,262.194,-451.539
denied,29.653,23.4552,245.797,-435.663,263.581,-450.956
denied,29.753,23.6817,247.092,-434.956,265.132,-450.299
denied,29.853,23.8336,248.382,-434.241,266.515,-449.708
denied,29.954,23.9834,249.576,-433.594,267.842,-449.136
denied,30.053,24.1135,250.764,-432.938,269.111,-448.586
denied,30.153,24.2396,252.047,-432.213,270.435,-448.007
denied,30.254,24.4979,253.235,-431.554,271.978,-447.328
denied,30.353,24.6164,254.514,-430.833,273.298,-446.743
denied,30.453,24.7813,255.688,-430.160,274.617,-446.153
denied,30.553,24.9590,256.863,-429.501,275.990,-445.535
denied,30.653,25.0799,258.131,-428.773,277.307,-444.938
denied,30.753,25.3729,259.299,-428.095,278.896,-444.212
denied,30.858,25.5142,260.566,-427.367,280.265,-443.582
denied,30.953,25.7035,261.729,-426.683,281.632,-442.947
denied,31.053,25.8276,262.988,-425.938,282.944,-442.334
denied,31.153,25.9859,264.150,-425.253,284.254,-441.718
denied,31.253,26.1394,265.404,-424.498,285.618,-441.071
denied,31.353,26.3060,266.560,-423.796,286.926,-440.446
denied,31.453,26.4297,267.809,-423.043,288.232,-439.818
denied,31.554,26.7514,268.957,-422.337,289.864,-439.027
denied,31.653,26.8576,270.202,-421.563,291.114,-438.417
denied,31.754,27.0210,271.353,-420.851,292.416,-437.777
denied,31.853,27.1585,272.595,-420.061,293.717,-437.132
denied,31.953,27.4304,273.741,-419.331,295.233,-436.376
denied,32.054,27.5369,274.983,-418.538,296.477,-435.752
denied,32.153,27.7134,276.122,-417.796,297.772,-435.097
denied,32.253,27.8468,277.356,-416.999,299.066,-434.438
denied,32.353,28.1401,278.493,-416.260,300.626,-433.638
denied,32.453,28.2541,279.720,-415.450,301.862,-433.000
denied,32.553,28.4230,280.852,-414.705,303.149,-432.332
denied,32.654,28.5569,282.078,-413.893,304.435,-431.660
denied,32.754,28.8590,283.202,-413.130,305.985,-430.844
denied,32.854,28.9915,284.424,-412.311,307.266,-430.165
denied,32.953,29.1373,285.551,-411.547,308.491,-429.512
denied,33.060,29.4200,286.670,-410.763,309.981,-428.713
denied,33.159,29.5502,287.886,-409.937,311.254,-428.025
denied,33.259,29.7232,289.002,-409.166,312.526,-427.334
denied,33.359,29.9032,290.108,-408.389,313.795,-426.640
denied,33.464,30.1642,291.220,-407.626,315.274,-425.827
denied,33.564,30.2517,292.504,-406.717,316.486,-425.156
denied,33.668,30.4291,293.603,-405.937,317.750,-424.453
denied,33.764,30.5675,294.796,-405.092,319.011,-423.747
denied,33.864,30.8662,295.892,-404.302,320.533,-422.890
denied,33.963,31.0236,297.071,-403.432,321.791,-422.177
denied,34.063,31.1996,298.165,-402.638,323.047,-421.461
denied,34.163,31.3797,299.343,-401.761,324.354,-420.712
denied,34.268,31.5417,300.514,-400.879,325.606,-419.991
denied,34.369,31.7154,301.688,-400.005,326.908,-419.236
denied,34.464,31.9383,302.674,-399.255,328.157,-418.508
denied,34.574,32.1699,303.836,-398.367,329.560,-417.686
denied,34.673,32.3557,304.910,-397.553,330.805,-416.952
denied,34.772,32.5757,305.975,-396.727,332.100,-416.185
denied,34.872,32.8556,307.126,-395.834,333.601,-415.291
denied,34.972,33.0218,308.189,-395.013,334.790,-414.579
denied,35.072,33.2005,309.244,-394.177,335.977,-413.864
denied,35.172,33.3915,310.386,-393.275,337.267,-413.085
denied,35.272,33.5871,311.440,-392.441,338.504,-412.333
denied,35.372,33.8828,312.572,-391.522,339.996,-411.421
denied,35.473,34.0603,313.621,-390.678,341.179,-410.695
denied,35.576,34.2355,314.754,-389.757,342.412,-409.934
denied,35.672,34.4527,315.790,-388.893,343.643,-409.171
denied,35.772,34.7000,316.833,-388.041,344.976,-408.341
denied,35.872,34.9580,318.085,-386.994,346.461,-407.411
denied,35.971,35.1584,319.114,-386.115,347.637,-406.672
denied,36.072,35.3136,320.238,-385.179,348.811,-405.930
denied,36.172,35.5267,321.267,-384.308,350.036,-405.153
denied,36.272,35.8372,322.373,-383.352,351.513,-404.212
denied,36.371,36.0470,323.397,-382.484,352.734,-403.430
denied,36.472,36.2572,324.503,-381.536,354.005,-402.613
denied,36.575,36.5097,325.514,-380.645,355.274,-401.794
denied,36.673,36.6918,326.620,-379.698,356.491,-401.005
denied,36.774,37.0021,327.632,-378.812,357.909,-400.082
denied,36.871,37.2313,328.635,-377.919,359.123,-399.288
denied,36.973,37.3987,329.728,-376.964,360.286,-398.525
denied,37.072,37.6241,330.728,-376.074,361.498,-397.727
denied,37.172,37.9179,331.807,-375.104,362.910,-396.792
denied,37.271,38.1596,332.808,-374.216,364.170,-395.955
denied,37.371,38.3184,333.886,-373.242,365.278,-395.216
denied,37.472,38.5768,334.874,-372.335,366.536,-394.374
denied,37.572,38.8871,335.950,-371.362,367.994,-393.394
denied,37.672,39.1241,336.935,-370.451,369.199,-392.580
denied,37.771,39.3383,337.999,-369.461,370.404,-391.763
denied,37.872,39.5460,338.986,-368.551,371.558,-390.978
denied,37.972,39.7651,340.047,-367.550,372.760,-390.157
denied,38.071,40.1148,341.027,-366.625,374.213,-389.161
denied,38.172,40.3068,342.087,-365.624,375.363,-388.369
denied,38.272,40.5525,343.058,-364.693,376.562,-387.540
denied,38.372,40.7948,344.109,-363.687,377.810,-386.675
denied,38.472,41.0537,345.082,-362.761,379.057,-385.807
denied,38.572,41.2995,346.129,-361.746,380.303,-384.937
denied,38.672,41.5445,347.095,-360.809,381.498,-384.099
denied,38.772,41.8684,348.146,-359.795,382.939,-383.084
denied,38.872,42.1219,349.103,-358.847,384.131,-382.242
denied,38.972,42.3633,350.145,-357.830,385.371,-381.362
denied,39.074,42.5829,351.186,-356.811,386.560,-380.516
denied,39.172,42.8355,352.138,-355.860,387.748,-379.668
denied,39.271,43.0994,353.094,-354.917,388.983,-378.782
denied,39.372,43.3216,354.128,-353.892,390.168,-377.930
denied,39.472,43.7096,354.992,-353.011,391.598,-376.898
denied,39.572,43.9250,356.025,-351.988,392.779,-376.041
denied,39.671,44.1694,356.973,-351.037,393.959,-375.182
denied,39.772,44.4483,357.911,-350.074,395.187,-374.286
denied,39.872,44.6450,358.936,-349.045,396.315,-373.459
denied,39.975,44.9585,359.875,-348.086,397.637,-372.485
denied,40.075,45.1948,360.885,-347.038,398.811,-371.618
denied,40.176,45.5188,361.825,-346.089,400.179,-370.603
denied,40.289,45.7281,362.830,-345.048,401.301,-369.767
denied,40.389,45.9833,363.756,-344.081,402.471,-368.892
denied,40.489,46.2248,364.767,-343.041,403.688,-367.978
denied,40.589,46.5646,365.690,-342.070,405.050,-366.951
denied,40.688,46.7752,366.689,-341.017,406.168,-366.104
denied,40.789,47.0210,367.613,-340.052,407.332,-365.219
denied,40.889,47.2994,368.527,-339.076,408.544,-364.293
denied,40.991,47.6156,369.521,-338.018,409.900,-363.253
denied,41.089,47.8835,370.440,-337.044,411.108,-362.321
denied,41.190,48.1191,371.427,-335.976,412.267,-361.423
denied,41.289,48.3709,372.341,-334.991,413.425,-360.523
denied,41.388,48.5961,373.333,-333.925,414.581,-359.620
denied,41.489,48.9403,374.239,-332.926,415.927,-358.563
denied,41.590,49.1653,375.228,-331.853,417.079,-357.655
denied,41.688,49.4109,376.138,-330.862,418.229,-356.744
denied,41.796,49.6730,376.959,-329.941,419.328,-355.869
denied,41.895,49.9404,378.164,-328.614,420.712,-354.762
denied,41.996,50.1592,379.055,-327.650,421.808,-353.882
denied,42.095,50.4092,379.992,-326.621,422.996,-352.923
denied,42.195,50.6797,380.868,-325.650,424.182,-351.961
denied,42.296,50.9017,381.824,-324.592,425.319,-351.034
denied,42.396,51.1565,382.699,-323.600,426.453,-350.106
denied,42.495,51.3984,383.656,-322.530,427.633,-349.135
denied,42.596,51.7399,384.538,-321.541,428.998,-348.005
denied,42.698,51.9705,385.486,-320.454,430.126,-347.067
denied,42.801,52.1888,386.367,-319.457,431.204,-346.165
denied,42.902,52.4501,387.245,-318.454,432.374,-345.182
denied,43.002,52.7256,388.111,-317.437,433.542,-344.195
denied,43.101,52.9390,389.062,-316.350,434.661,-343.245
denied,43.201,53.2819,389.931,-315.338,436.009,-342.092
denied,43.303,53.5178,390.860,-314.230,437.123,-341.135
denied,43.404,53.7494,391.730,-313.223,438.234,-340.175
denied,43.502,53.9530,392.662,-312.119,439.296,-339.252
denied,43.602,54.2695,393.581,-311.002,440.587,-338.124
denied,43.703,54.5183,394.373,-310.074,441.691,-337.154
denied,43.802,54.7314,395.362,-308.870,442.792,-336.181
denied,43.902,55.0389,396.275,-307.754,444.074,-335.041
denied,44.002,55.2451,397.133,-306.737,445.124,-334.102
denied,44.103,55.5100,397.974,-305.702,446.264,-333.077
denied,44.201,55.7445,398.877,-304.572,447.355,-332.091
denied,44.301,55.9966,399.721,-303.540,448.489,-331.060
denied,44.401,56.2421,400.624,-302.410,449.620,-330.025
denied,44.502,56.4918,401.449,-301.364,450.703,-329.029
denied,44.601,56.7259,402.351,-300.242,451.829,-327.988
denied,44.701,57.0465,403.173,-299.194,453.086,-326.817
denied,44.802,57.2557,404.061,-298.055,454.116,-325.853
denied,44.902,57.5046,404.888,-297.012,455.233,-324.801
denied,45.007,57.7881,405.769,-295.870,456.435,-323.661
denied,45.106,58.0298,406.581,-294.814,457.501,-322.644
denied,45.206,58.2631,407.465,-293.675,458.609,-321.582
denied,45.307,58.5080,408.268,-292.611,459.669,-320.559
denied,45.407,58.7482,409.140,-291.462,460.771,-319.490
denied,45.506,58.9781,409.947,-290.408,461.826,-318.461
denied,45.611,59.2771,410.806,-289.255,463.053,-317.256
denied,45.711,59.5124,411.603,-288.191,464.101,-316.219
denied,45.810,59.7079,412.466,-287.040,465.104,-315.223
denied,45.911,60.0430,413.248,-285.965,466.365,-313.961
denied,46.011,60.2733,414.039,-284.896,467.405,-312.914
denied,46.110,60.5071,414.891,-283.733,468.486,-311.819
denied,46.210,60.7642,415.723,-282.551,469.563,-310.720
denied,46.315,60.9555,416.572,-281.390,470.552,-309.706
denied,46.420,61.2456,417.355,-280.323,471.752,-308.467
denied,46.520,61.4912,418.183,-279.144,472.820,-307.357
denied,46.620,61.7384,418.953,-278.062,473.885,-306.243
denied,46.720,61.9360,419.784,-276.886,474.862,-305.215
denied,46.827,62.2149,420.601,-275.699,476.005,-304.003
denied,46.922,62.4562,421.302,-274.701,477.018,-302.922
denied,47.020,62.7049,422.058,-273.606,478.071,-301.793
denied,47.120,62.9472,422.866,-272.413,479.120,-300.660
denied,47.220,63.1656,423.627,-271.319,480.123,-299.568
denied,47.321,63.4001,424.434,-270.124,481.165,-298.428
denied,47.420,63.6575,425.168,-269.014,482.204,-297.284
denied,47.521,63.8615,425.978,-267.824,483.197,-296.182
denied,47.620,64.1576,426.713,-266.717,484.353,-294.893
denied,47.720,64.3795,427.501,-265.509,485.339,-293.784
denied,47.820,64.6113,428.241,-264.405,486.364,-292.625
denied,47.921,64.8419,429.027,-263.197,487.385,-291.462
denied,48.020,65.0581,429.747,-262.076,488.321,-290.389
denied,48.121,65.2905,430.476,-260.960,489.335,-289.218
denied,48.221,65.5005,431.255,-259.747,490.305,-288.092
denied,48.320,65.8099,431.967,-258.619,491.472,-286.726
denied,48.421,66.0310,432.742,-257.401,492.474,-285.545
denied,48.520,66.2777,433.443,-256.268,493.473,-284.360
denied,48.620,66.5049,434.205,-255.041,494.467,-283.172
denied,48.720,66.7358,434.911,-253.913,495.458,-281.980
denied,48.820,66.9193,435.602,-252.772,496.287,-280.977
denied,48.920,67.1406,436.357,-251.541,497.270,-279.779
denied,49.020,67.4186,437.052,-250.402,498.367,-278.432
denied,49.120,67.6357,437.789,-249.157,499.303,-277.275
denied,49.221,67.8661,438.476,-248.016,500.274,-276.067
denied,49.320,68.0822,439.183,-246.819,501.202,-274.904
denied,49.420,68.3462,439.964,-245.473,502.281,-273.542
denied,49.520,68.5686,440.644,-244.331,503.239,-272.323
denied,49.620,68.7888,441.370,-243.083,504.194,-271.101
denied,49.721,69.0070,442.080,-241.823,505.106,-269.924
denied,49.820,69.2088,442.742,-240.666,505.977,-268.793
denied,49.920,69.4264,443.399,-239.506,506.883,-267.610
denied,50.021,69.7335,444.096,-238.237,508.009,-266.127
denied,50.120,69.8877,444.750,-237.075,508.757,-265.135
denied,50.221,70.1790,445.393,-235.906,509.837,-263.693
denied,50.320,70.4160,446.075,-234.629,510.763,-262.446
denied,50.421,70.6107,446.720,-233.459,511.612,-261.296
denied,50.523,70.8370,447.403,-232.181,512.531,-260.043
denied,50.623,71.0757,448.072,-230.892,513.445,-258.786
denied,50.720,71.2946,448.654,-229.811,514.319,-257.577
denied,50.821,71.5789,449.322,-228.523,515.370,-256.112
denied,50.920,71.8074,449.930,-227.329,516.235,-254.897
denied,51.020,72.0270,450.598,-226.040,517.132,-253.629
denied,51.120,72.2669,451.201,-224.842,518.024,-252.357
denied,51.220,72.4737,451.847,-223.541,518.842,-251.185
denied,51.328,72.6816,452.500,-222.247,519.691,-249.960
denied,51.431,72.9550,453.159,-220.889,520.677,-248.527
denied,51.531,73.1867,453.740,-219.682,521.518,-247.296
denied,51.636,73.4110,454.334,-218.485,522.390,-246.010
denied,51.751,73.6324,454.906,-217.271,523.188,-244.825
denied,51.857,73.9161,455.528,-215.960,524.191,-243.328
denied,51.949,74.1418,456.099,-214.746,525.016,-242.086
denied,52.049,74.3969,456.653,-213.521,525.872,-240.789
denied,52.149,74.6179,457.262,-212.200,526.690,-239.542
denied,52.253,74.8493,457.817,-210.977,527.504,-238.293
denied,52.353,75.1033,458.401,-209.642,528.349,-236.988
denied,52.460,75.3297,458.902,-208.516,529.123,-235.786
denied,52.560,75.5765,459.485,-207.181,529.960,-234.476
denied,52.660,75.8914,460.006,-205.939,530.927,-232.954
denied,52.761,76.1197,460.587,-204.602,531.723,-231.691
denied,52.867,76.3512,461.111,-203.360,532.484,-230.478
denied,52.976,76.6535,461.662,-202.005,533.405,-228.999
denied,53.075,76.9024,462.186,-200.761,534.224,-227.675
denied,53.175,77.1497,462.736,-199.403,535.007,-226.403
denied,53.275,77.4110,463.231,-198.144,535.787,-225.128
denied,53.382,77.6437,463.738,-196.891,536.531,-223.905
denied,53.485,77.9637,464.306,-195.415,537.466,-222.360
denied,53.580,78.2290,464.836,-194.051,538.267,-221.026
denied,53.680,78.4659,465.330,-192.790,539.002,-219.797
denied,53.785,78.7318,465.806,-191.518,539.765,-218.513
denied,53.888,79.0494,466.274,-190.242,540.652,-217.013
denied,53.984,79.3212,466.749,-188.970,541.441,-215.672
denied,54.085,79.6130,467.299,-187.418,542.226,-214.330
denied,54.185,79.8771,467.762,-186.147,542.976,-213.040
denied,54.285,80.1401,468.263,-184.764,543.724,-211.748
denied,54.384,80.4356,468.705,-183.475,544.500,-210.401
denied,54.497,80.7665,469.180,-182.077,545.366,-208.891
denied,54.595,80.9976,469.625,-180.788,545.982,-207.811
denied,54.695,81.3319,470.054,-179.492,546.842,-206.298
denied,54.795,81.6280,470.485,-178.197,547.606,-204.946
denied,54.901,81.9052,470.948,-176.793,548.307,-203.701
denied,55.003,82.2584,471.362,-175.490,549.187,-202.129
denied,55.100,82.5083,471.814,-174.081,549.792,-201.045
denied,55.201,82.8731,472.278,-172.614,550.697,-199.417
denied,55.302,83.1787,472.677,-171.306,551.418,-198.113
denied,55.401,83.4771,473.082,-170.001,552.137,-196.809
denied,55.500,83.7867,473.529,-168.526,552.854,-195.503
denied,55.611,84.1074,473.909,-167.209,553.569,-194.196
denied,55.712,84.4684,474.336,-165.790,554.431,-192.615
denied,55.808,84.7415,474.716,-164.472,555.024,-191.524
denied,55.908,85.1269,475.117,-163.040,555.881,-189.941
denied,56.009,85.4521,475.496,-161.720,556.618,-188.575
denied,56.108,85.7918,475.895,-160.286,557.353,-187.208
denied,56.208,86.1270,476.252,-158.957,558.058,-185.895
denied,56.308,86.4653,476.650,-157.521,558.790,-184.526
denied,56.408,86.7949,477.009,-156.192,559.491,-183.211
denied,56.515,87.1572,477.381,-154.745,560.220,-181.840
denied,56.617,87.4748,477.739,-153.416,560.889,-180.578
denied,56.715,87.8763,478.111,-151.969,561.732,-178.986
denied,56.815,88.1841,478.446,-150.630,562.311,-177.887
denied,56.915,88.5919,478.820,-149.183,563.180,-176.238
denied,57.016,88.9416,479.153,-147.841,563.873,-174.918
denied,57.115,89.3147,479.508,-146.386,564.594,-173.542
denied,57.215,89.6533,479.814,-145.156,565.285,-172.221
denied,57.315,90.0188,480.163,-143.700,565.974,-170.899
denied,57.416,90.3909,480.505,-142.240,566.663,-169.576
denied,57.518,90.7549,480.829,-140.894,567.379,-168.198
denied,57.620,91.1747,481.141,-139.544,568.209,-166.598
denied,57.721,91.5509,481.475,-138.080,568.895,-165.273
denied,57.820,91.9214,481.791,-136.732,569.608,-163.892
denied,57.925,92.2942,482.116,-135.265,570.263,-162.621
denied,58.025,92.6620,482.422,-133.912,570.946,-161.294
denied,58.126,93.0807,482.731,-132.560,571.770,-159.690
denied,58.225,93.4676,483.051,-131.089,572.451,-158.362
denied,58.325,93.8248,483.354,-129.735,573.103,-157.089
denied,58.425,94.1992,483.650,-128.379,573.782,-155.761
denied,58.525,94.6444,483.963,-126.908,574.601,-154.155
denied,58.625,95.0158,484.260,-125.553,575.277,-152.826
denied,58.725,95.3791,484.575,-124.083,575.897,-151.607
denied,58.825,95.8318,484.855,-122.725,576.740,-149.945
denied,58.925,96.2021,485.171,-121.257,577.385,-148.670
denied,59.033,96.5784,485.459,-119.902,578.058,-147.339
denied,59.132,96.9895,485.754,-118.430,578.757,-145.952
denied,59.233,97.3597,486.045,-117.077,579.427,-144.620
denied,59.332,97.7611,486.347,-115.609,580.124,-143.232
denied,59.438,98.1827,486.617,-114.251,580.876,-141.731
denied,59.537,98.5630,486.905,-112.899,581.571,-140.341
denied,59.637,98.9672,487.200,-111.430,582.264,-138.949
denied,59.746,99.3409,487.469,-110.076,582.901,-137.668
denied,59.851,99.7689,487.808,-108.441,583.648,-136.163
denied,59.951,100.1465,488.081,-107.086,584.310,-134.824
denied,60.057,100.5393,488.370,-105.618,584.970,-133.484
denied,60.179,100.9377,488.653,-104.265,585.712,-131.976
denied,60.279,101.3305,488.949,-102.798,586.397,-130.579
denied,60.380,101.7176,489.217,-101.444,587.080,-129.181
denied,60.480,102.0898,489.518,-99.981,587.733,-127.838
denied,60.579,102.4719,489.786,-98.629,588.412,-126.438
denied,60.680,102.8474,490.079,-97.166,589.062,-125.094
denied,60.779,103.2497,490.355,-95.818,589.817,-123.525
denied,60.880,103.5928,490.622,-94.469,590.409,-122.291
denied,60.979,103.9953,490.892,-93.123,591.159,-120.720
denied,61.080,104.3691,491.186,-91.666,591.825,-119.316
denied,61.179,104.7292,491.449,-90.320,592.463,-117.968
denied,61.279,105.0890,491.740,-88.865,593.098,-116.618
denied,61.379,105.4526,492.034,-87.413,593.757,-115.211
denied,61.487,105.8065,492.295,-86.071,594.387,-113.859
denied,61.588,106.1565,492.566,-84.732,595.040,-112.450
denied,61.687,106.5303,492.861,-83.281,595.742,-110.926
denied,61.788,106.8822,493.123,-81.940,596.388,-109.513
denied,61.888,107.2144,493.421,-80.492,597.005,-108.156
denied,61.989,107.5632,493.688,-79.158,597.669,-106.684
denied,62.088,107.8971,493.946,-77.822,598.279,-105.324
denied,62.187,108.2194,494.221,-76.491,598.910,-103.906
denied,62.287,108.5479,494.486,-75.159,599.538,-102.487
denied,62.387,108.8838,494.767,-73.717,600.160,-101.066
denied,62.508,109.2390,495.072,-72.164,600.828,-99.529
denied,62.608,109.5412,495.344,-70.854,601.442,-98.104
denied,62.708,109.8619,495.620,-69.436,602.051,-96.676
denied,62.808,110.1628,495.884,-68.123,602.655,-95.247
denied,62.909,110.4736,496.161,-66.697,603.255,-93.815
denied,63.008,110.7762,496.414,-65.380,603.850,-92.381
denied,63.115,111.0465,496.677,-64.064,604.392,-91.060
denied,63.215,111.3435,496.945,-62.632,604.953,-89.679
denied,63.315,111.6377,497.218,-61.202,605.532,-88.238
denied,63.415,111.8969,497.509,-59.786,606.083,-86.853
denied,63.515,112.2033,497.762,-58.472,606.741,-85.176
denied,63.616,112.4660,498.031,-57.048,607.258,-83.844
denied,63.716,112.7179,498.285,-55.734,607.791,-82.451
denied,63.815,112.9865,498.551,-54.311,608.340,-80.998
denied,63.915,113.2360,498.795,-52.998,608.862,-79.601
denied,64.016,113.4952,499.063,-51.578,609.419,-78.085
denied,64.115,113.7433,499.302,-50.267,609.949,-76.625
denied,64.215,113.9917,499.559,-48.846,610.471,-75.163
denied,64.315,114.2146,499.801,-47.539,610.966,-73.757
denied,64.415,114.4809,500.051,-46.121,611.555,-72.055
denied,64.517,114.6992,500.283,-44.814,612.035,-70.645
denied,64.615,114.9170,500.533,-43.399,612.508,-69.232
denied,64.715,115.1359,500.750,-42.090,612.975,-67.817
denied,64.816,115.3510,500.993,-40.677,613.453,-66.341
denied,64.915,115.5742,501.211,-39.370,613.979,-64.685
denied,65.016,115.7897,501.437,-37.955,614.440,-63.205
denied,65.116,115.9831,501.648,-36.649,614.875,-61.781
denied,65.216,116.1775,501.870,-35.234,615.285,-60.416
denied,65.315,116.3789,502.061,-33.927,615.723,-58.929
denied,65.415,116.5744,502.275,-32.512,616.152,-57.441
denied,65.516,116.7665,502.466,-31.207,616.607,-55.831
denied,65.650,116.9632,502.657,-29.791,617.002,-54.399
denied,65.747,117.1319,502.843,-28.490,617.390,-52.964
denied,65.846,117.2975,503.002,-27.296,617.769,-51.528
denied,65.955,117.4901,503.183,-25.885,618.203,-49.850
denied,66.051,117.6424,503.356,-24.585,618.536,-48.530
denied,66.151,117.8354,503.520,-23.170,618.964,-46.787
denied,66.251,118.0041,503.667,-21.867,619.324,-45.282
denied,66.358,118.1763,503.824,-20.454,619.676,-43.774
denied,66.468,118.3368,503.959,-19.150,619.992,-42.385
denied,66.569,118.4988,504.086,-17.845,620.314,-40.934
denied,66.670,118.6715,504.221,-16.430,620.692,-39.177
denied,66.769,118.8302,504.334,-15.124,620.984,-37.781
denied,66.868,119.0055,504.445,-13.704,621.281,-36.323
denied,66.968,119.1632,504.545,-12.392,621.582,-34.802
denied,67.069,119.3439,504.634,-10.967,621.862,-33.339
denied,67.177,119.5077,504.711,-9.650,622.180,-31.631
denied,67.276,119.7230,504.780,-8.051,622.443,-30.165
denied,67.376,119.8803,504.847,-6.737,622.710,-28.637
denied,67.477,120.0356,504.928,-5.320,622.947,-27.230
denied,67.575,120.2014,504.968,-3.996,623.228,-25.514
denied,67.675,120.3908,504.999,-2.561,623.469,-23.982
denied,67.782,120.5658,505.019,-1.235,623.693,-22.509
denied,67.886,120.7416,505.034,0.093,623.902,-21.096
denied,67.986,120.9398,505.032,1.533,624.129,-19.498
denied,68.087,121.1192,505.024,2.866,624.340,-17.960
denied,68.188,121.3233,505.007,4.310,624.535,-16.483
denied,68.292,121.5171,504.974,5.645,624.723,-15.005
denied,68.402,121.7118,504.937,7.091,624.942,-13.218
denied,68.508,121.9118,504.887,8.430,625.109,-11.800
denied,68.608,122.1226,504.822,9.771,625.270,-10.381
denied,68.715,122.3387,504.749,11.226,625.452,-8.714
denied,68.826,122.5436,504.667,12.572,625.620,-7.109
denied,68.926,122.7869,504.562,14.030,625.775,-5.565
denied,69.027,123.0062,504.461,15.380,625.918,-4.082
denied,69.126,123.2812,504.327,16.903,626.056,-2.598
denied,69.233,123.5167,504.191,18.311,626.210,-0.868
denied,69.333,123.7829,504.050,19.776,626.331,0.555
denied,69.433,124.0284,503.904,21.132,626.454,2.039
denied,69.558,124.2693,503.739,22.491,626.590,3.771
denied,69.654,124.5625,503.554,23.967,626.703,5.256
denied,69.755,124.8257,503.373,25.330,626.816,6.804
denied,69.854,125.1105,503.176,26.695,626.916,8.227
denied,69.954,125.4176,502.961,28.175,627.021,9.775
denied,70.055,125.6953,502.740,29.545,627.135,11.509
denied,70.166,126.0053,502.514,30.917,627.221,12.871
denied,70.266,126.3468,502.261,32.404,627.312,14.357
denied,70.366,126.6595,502.012,33.778,627.404,15.905
denied,70.466,126.9521,501.761,35.153,627.508,17.701
denied,70.566,127.3207,501.474,36.646,627.592,19.188
denied,70.666,127.6631,501.196,38.027,627.674,20.675
denied,70.766,128.0423,500.890,39.525,627.758,22.224
denied,70.866,128.3988,500.595,40.909,627.837,23.711
denied,70.966,128.7957,500.265,42.409,627.922,25.321
denied,71.066,129.1617,499.955,43.796,628.002,26.870
denied,71.166,129.5954,499.599,45.358,628.082,28.419
denied,71.266,130.0296,499.235,46.863,628.162,29.967
denied,71.366,130.4084,498.898,48.253,628.252,31.702
denied,71.466,130.8799,498.522,49.762,628.316,32.941
denied,71.566,131.2786,498.162,51.155,628.410,34.737
denied,71.666,131.7033,497.805,52.549,628.485,36.162
denied,71.766,132.1835,497.404,54.060,628.565,37.649
denied,71.866,132.6229,497.026,55.455,628.649,39.198
denied,71.966,133.1178,496.609,56.970,628.734,40.748
denied,72.066,133.5711,496.221,58.366,628.822,42.297
denied,72.166,134.0452,495.819,59.766,628.908,43.785
denied,72.266,134.5026,495.419,61.167,629.015,45.582
denied,72.366,135.0669,494.959,62.801,629.107,47.070
denied,72.472,135.5732,494.540,64.206,629.193,48.434
denied,72.572,136.1197,494.075,65.727,629.310,50.232
denied,72.672,136.6451,493.640,67.132,629.406,51.658
denied,72.772,137.1598,493.214,68.538,629.514,53.208
denied,72.872,137.7636,492.731,70.178,629.622,54.696
denied,72.972,138.2949,492.289,71.588,629.751,56.431
denied,73.072,138.9091,491.789,73.118,629.871,57.980
denied,73.171,139.4570,491.351,74.530,629.985,59.405
denied,73.272,140.0628,490.869,76.060,630.108,60.892
denied,73.373,140.6233,490.420,77.474,630.257,62.626
denied,73.477,141.2339,489.943,79.004,630.390,64.111
denied,73.578,141.8211,489.481,80.419,630.532,65.658
denied,73.678,142.4501,488.995,81.951,630.673,67.143
denied,73.777,143.0388,488.542,83.365,630.819,68.627
denied,73.877,143.6885,488.044,84.897,630.995,70.357
denied,73.979,144.2788,487.600,86.311,631.151,71.840
denied,74.078,144.9421,487.100,87.844,631.318,73.383
denied,74.177,145.5518,486.645,89.256,631.484,74.865
denied,74.277,146.1621,486.195,90.669,631.647,76.284
denied,74.377,146.8308,485.704,92.201,631.829,77.826
denied,74.477,147.4546,485.252,93.612,632.017,79.367
denied,74.579,148.1313,484.769,95.142,632.232,81.093
denied,74.677,148.7549,484.328,96.553,632.430,82.633
denied,74.776,149.4403,483.840,98.083,632.625,84.111
denied,74.880,150.0718,483.409,99.491,632.858,85.835
denied,74.977,150.7558,482.928,101.014,633.054,87.250
denied,75.077,151.3901,482.494,102.420,633.263,88.727
denied,75.177,152.0667,482.035,103.943,633.485,90.264
denied,75.277,152.7085,481.609,105.348,633.721,91.863
denied,75.377,153.3809,481.164,106.869,633.952,93.400
denied,75.481,154.0126,480.749,108.275,634.178,94.876
denied,75.583,154.6494,480.347,109.680,634.437,96.535
denied,75.681,155.3164,479.915,111.199,634.670,98.009
denied,75.812,155.9501,479.510,112.602,634.907,99.483
denied,75.910,156.6138,479.092,114.123,635.157,101.018
denied,76.011,157.2256,478.715,115.527,635.400,102.492
denied,76.110,157.8625,478.325,117.042,635.645,103.965
denied,76.211,158.4964,477.953,118.439,635.935,105.683
denied,76.310,159.0878,477.598,119.835,636.175,107.093
denied,76.417,159.6642,477.254,121.231,636.406,108.443
denied,76.517,160.3285,476.879,122.742,636.723,110.282
denied,76.630,160.8883,476.555,124.136,636.956,111.631
denied,76.730,161.4845,476.230,125.529,637.255,113.348
denied,76.830,162.1293,475.860,127.264,637.511,114.819
denied,76.933,162.6823,475.556,128.652,637.768,116.290
denied,77.030,163.3045,475.189,130.140,638.024,117.761
denied,77.130,163.8717,474.898,131.507,638.332,119.539
denied,77.231,164.4084,474.609,132.994,638.576,120.949
denied,77.330,164.9127,474.350,134.368,638.829,122.421
denied,77.430,165.4411,474.073,135.857,639.081,123.894
denied,77.530,165.9450,473.834,137.232,639.371,125.612
denied,77.633,166.4539,473.577,138.720,639.628,127.146
denied,77.732,166.9242,473.348,140.091,639.881,128.681
denied,77.830,167.4027,473.114,141.576,640.131,130.217
denied,77.930,167.8376,472.907,142.946,640.367,131.692
denied,78.030,168.2870,472.688,144.425,640.598,133.168
denied,78.130,168.6977,472.500,145.789,640.833,134.706
denied,78.231,169.1129,472.304,147.265,641.054,136.184
denied,78.330,169.5191,472.128,148.623,641.312,137.971
denied,78.430,169.9023,471.956,150.096,641.528,139.512
denied,78.532,170.2603,471.792,151.565,641.720,140.931
denied,78.630,170.5930,471.643,152.921,641.912,142.413
denied,78.738,170.9122,471.512,154.276,642.120,144.081
denied,78.837,171.2103,471.384,155.628,642.302,145.627
denied,78.939,171.5080,471.247,157.089,642.461,147.050
denied,79.038,171.7880,471.130,158.545,642.637,148.721
denied,79.138,172.0393,471.021,159.890,642.794,150.332
denied,79.238,172.2818,470.910,161.344,642.929,151.819
denied,79.346,172.4867,470.819,162.687,643.047,153.246
denied,79.452,172.6973,470.721,164.139,643.172,154.921
denied,79.562,172.8748,470.634,165.475,643.274,156.473
denied,79.658,173.0435,470.547,166.917,643.356,157.901
denied,79.770,173.1812,470.472,168.243,643.439,159.641
denied,79.870,173.3230,470.384,169.678,643.496,161.132
denied,79.970,173.4220,470.319,171.001,643.539,162.624
denied,80.074,173.5290,470.237,172.434,643.567,164.116
denied,80.171,173.5915,470.166,173.754,643.581,165.919
denied,80.270,173.6583,470.091,175.182,643.575,167.412
denied,80.372,173.7124,470.008,176.498,643.554,168.904
denied,80.476,173.7430,469.936,177.919,643.516,170.395
denied,80.576,173.7521,469.854,179.229,643.456,172.010
denied,80.693,173.7590,469.765,180.645,643.380,173.562
denied,80.797,173.7413,469.678,181.951,643.284,175.113
denied,80.896,173.7314,469.575,183.362,643.175,176.600
denied,80.997,173.6936,469.471,184.662,643.042,178.147
denied,81.096,173.6321,469.348,186.069,642.870,179.878
denied,81.197,173.5756,469.230,187.364,642.702,181.359
denied,81.296,173.5289,469.078,188.763,642.508,182.899
denied,81.400,173.4510,468.945,190.052,642.303,184.374
denied,81.500,173.3889,468.768,191.445,642.069,185.908
denied,81.600,173.3127,468.595,192.729,641.826,187.378
denied,81.702,173.2510,468.393,194.115,641.563,188.844
denied,81.800,173.1684,468.175,195.392,641.270,190.367
denied,81.900,173.0989,467.942,196.772,640.970,191.826
denied,82.001,173.0130,467.688,198.043,640.637,193.341
denied,82.101,172.9457,467.399,199.416,640.284,194.851
denied,82.202,172.8017,467.114,200.680,639.866,196.536
denied,82.301,172.7418,466.776,202.044,639.471,198.036
denied,82.409,172.6937,466.441,203.299,639.091,199.410
denied,82.511,172.6481,466.052,204.655,638.660,200.900
denied,82.610,172.5770,465.668,205.903,638.210,202.383
denied,82.710,172.4960,465.218,207.248,637.684,204.038
denied,82.810,172.4662,464.757,208.591,637.195,205.509
denied,82.923,172.4678,464.288,209.823,636.731,206.858
denied,83.021,172.4560,463.797,211.051,636.230,208.260
denied,83.122,172.5237,463.235,212.378,635.737,209.598
denied,83.221,172.5037,462.676,213.595,635.162,211.105
denied,83.321,172.4008,462.113,214.810,634.502,212.779
denied,83.431,172.4566,461.518,216.019,633.964,214.101
denied,83.529,172.4827,460.891,217.220,633.366,215.533
denied,83.631,172.6247,460.187,218.519,632.803,216.846
denied,83.729,172.5556,459.501,219.710,632.053,218.551
denied,83.829,172.6822,458.736,220.995,631.415,219.967
denied,83.929,172.8148,458.005,222.175,630.817,221.266
denied,84.031,173.0080,457.178,223.448,630.184,222.617
denied,84.128,173.1545,456.388,224.615,629.541,223.964
denied,84.245,173.2996,455.509,225.875,628.808,225.474
denied,84.343,173.4477,454.673,227.032,628.121,226.868
denied,84.445,173.7158,453.737,228.276,627.453,228.203
denied,84.543,173.9251,452.854,229.422,626.780,229.534
denied,84.643,174.1841,451.945,230.559,626.129,230.807
denied,84.743,174.3627,450.940,231.786,625.302,232.409
denied,84.842,174.6446,449.998,232.913,624.641,233.676
denied,84.943,174.9959,448.955,234.126,623.949,234.996
denied,85.043,175.1426,447.972,235.241,623.109,236.589
denied,85.143,175.4975,446.892,236.443,622.383,237.960
denied,85.243,175.8149,445.878,237.547,621.684,239.275
denied,85.343,176.2304,444.764,238.737,620.985,240.589
denied,85.443,176.5413,443.728,239.831,620.256,241.957
denied,85.543,176.9805,442.592,241.010,619.558,243.271
denied,85.643,177.3465,441.531,242.094,618.860,244.584
denied,85.744,177.7852,440.371,243.265,618.136,245.954
denied,85.843,178.0297,439.297,244.340,617.298,247.544
denied,85.943,178.6413,437.967,245.688,616.579,248.917
denied,86.043,179.0253,436.873,246.758,615.863,250.292
denied,86.150,179.6302,435.644,247.880,615.237,251.505
denied,86.248,179.9469,434.546,248.933,614.446,253.051
denied,86.348,180.4538,433.343,250.076,613.744,254.434
denied,86.448,180.8872,432.223,251.130,613.049,255.822
denied,86.548,181.4263,431.001,252.275,612.360,257.213
denied,86.648,181.9381,429.868,253.332,611.733,258.496
denied,86.749,182.5294,428.634,254.477,611.085,259.838
denied,86.848,182.9435,427.490,255.532,610.339,261.409
denied,86.954,183.4833,426.353,256.587,609.734,262.703
denied,87.053,184.1386,425.105,257.727,609.137,264.001
denied,87.153,184.5825,423.940,258.775,608.395,265.643
denied,87.253,185.2098,422.695,259.917,607.766,267.063
denied,87.359,185.8238,421.543,260.975,607.222,268.317
denied,87.466,186.3568,420.394,262.033,606.589,269.803
denied,87.566,187.0176,419.126,263.170,605.967,271.294
denied,87.666,187.6269,417.969,264.220,605.405,272.675
denied,87.768,188.3366,416.717,265.358,604.853,274.061
denied,87.867,188.8678,415.563,266.412,604.200,275.741
denied,87.966,189.6757,414.314,267.559,603.759,276.903
denied,88.066,190.3066,413.162,268.621,603.219,278.361
denied,88.167,191.0218,411.917,269.774,602.671,279.882
denied,88.267,191.6309,410.763,270.836,602.096,281.525
denied,88.366,192.3960,409.531,271.993,601.615,282.938
denied,88.466,193.0869,408.375,273.055,601.128,284.414
denied,88.566,193.8770,407.143,274.213,600.672,285.835
denied,88.666,194.6086,406.002,275.283,600.246,287.200
denied,88.766,195.4074,404.772,276.447,599.796,288.688
denied,88.866,196.0731,403.654,277.524,599.307,290.359
denied,88.966,196.9062,402.419,278.683,598.884,291.855
denied,89.066,197.6600,401.307,279.764,598.507,293.235
denied,89.166,198.4582,400.098,280.938,598.063,294.918
denied,89.266,199.2178,398.984,282.019,597.680,296.425
denied,89.366,200.0830,397.792,283.195,597.340,297.814
denied,89.467,200.8587,396.697,284.285,596.996,299.266
denied,89.570,201.6016,395.611,285.378,596.609,300.963
denied,89.670,202.4709,394.433,286.565,596.277,302.482
denied,89.770,203.2543,393.368,287.670,595.970,303.943
denied,89.871,204.1416,392.204,288.862,595.674,305.406
denied,89.970,204.9152,391.153,289.968,595.355,307.054
denied,90.070,205.8009,390.015,291.158,595.082,308.522
denied,90.170,206.6173,388.965,292.254,594.819,309.991
denied,90.270,207.4833,387.862,293.453,594.557,311.524
denied,90.380,208.2926,386.827,294.557,594.285,313.183
denied,90.480,209.1703,385.736,295.759,594.045,314.720
denied,90.580,210.0448,384.657,296.971,593.814,316.260
denied,90.680,210.8461,383.671,298.094,593.594,317.802
denied,90.780,211.6408,382.703,299.228,593.391,319.284
denied,90.881,212.4294,381.747,300.370,593.189,320.829
denied,90.981,213.2849,380.726,301.610,593.010,322.252
denied,91.084,214.0689,379.787,302.756,592.795,324.048
denied,91.180,214.9054,378.800,304.009,592.625,325.535
denied,91.280,215.6848,377.887,305.165,592.461,327.023
denied,91.380,216.5111,376.922,306.425,592.303,328.512
denied,91.480,217.2598,376.050,307.595,592.145,330.064
denied,91.581,218.0745,375.107,308.867,591.998,331.555
denied,91.689,218.8013,374.268,310.055,591.832,333.294
denied,91.789,219.5862,373.363,311.343,591.694,334.786
denied,91.892,220.3550,372.478,312.635,591.554,336.340
denied,91.989,221.0510,371.678,313.834,591.422,337.831
denied,92.089,221.7447,370.888,315.035,591.271,339.572
denied,92.196,222.4695,370.048,316.340,591.153,340.940
denied,92.299,223.1227,369.294,317.554,591.025,342.433
denied,92.399,223.7614,368.555,318.778,590.892,343.988
denied,92.498,224.4419,367.761,320.100,590.763,345.480
denied,92.598,225.0422,367.058,321.332,590.628,347.035
denied,92.705,225.6847,366.304,322.666,590.473,348.777
denied,92.804,226.2595,365.620,323.900,590.338,350.270
denied,92.905,226.8426,364.910,325.253,590.198,351.762
denied,93.004,227.3696,364.265,326.509,590.049,353.318
denied,93.104,227.9145,363.584,327.877,589.894,354.873
denied,93.204,228.3863,362.979,329.153,589.739,356.365
denied,93.304,228.8793,362.335,330.536,589.570,357.920
denied,93.410,229.3761,361.671,331.978,589.371,359.660
denied,93.509,229.8114,361.064,333.380,589.199,361.088
denied,93.609,230.2002,360.508,334.670,589.010,362.578
denied,93.709,230.5844,359.930,336.081,588.802,364.129
denied,93.819,230.9035,359.414,337.392,588.555,365.864
denied,93.916,231.2280,358.869,338.818,588.331,367.349
denied,94.016,231.5048,358.371,340.137,588.082,368.894
denied,94.116,231.7722,357.851,341.575,587.819,370.436
denied,94.216,231.9921,357.377,342.902,587.540,371.976
denied,94.316,232.1925,356.909,344.230,587.256,373.451
denied,94.416,232.3793,356.419,345.678,586.943,374.984
denied,94.516,232.4997,355.972,347.015,586.569,376.696
denied,94.616,232.6214,355.503,348.473,586.215,378.220
denied,94.718,232.7401,355.025,349.926,585.856,379.679
denied,94.816,232.7954,354.595,351.272,585.460,381.193
denied,94.916,232.8269,354.167,352.618,585.042,382.701
denied,95.016,232.8751,353.703,354.077,584.637,384.082
denied,95.117,232.8646,353.271,355.422,584.174,385.577
denied,95.216,232.8140,352.801,356.880,583.627,387.241
denied,95.318,232.7611,352.370,358.227,583.133,388.659
denied,95.415,232.7127,351.880,359.669,582.592,390.122
denied,95.516,232.6236,351.448,361.012,582.071,391.458
denied,95.616,232.5388,350.973,362.462,581.519,392.844
denied,95.726,232.3731,350.536,363.794,580.878,394.449
denied,95.823,232.3160,350.046,365.225,580.340,395.810
denied,95.924,232.3456,349.486,366.617,579.807,397.222
denied,96.024,232.5047,348.860,367.853,579.325,398.580
denied,96.123,232.7944,348.140,369.053,578.875,399.949
denied,96.223,233.2703,347.210,370.293,578.367,401.621
denied,96.324,233.8908,346.229,371.386,577.971,403.017
denied,96.423,234.7039,345.065,372.528,577.592,404.421
denied,96.525,235.5408,343.906,373.546,577.224,405.833
denied,96.623,236.5107,342.585,374.623,576.802,407.486
denied,96.723,237.4773,341.319,375.598,576.457,408.849
denied,96.824,238.5275,339.948,376.654,576.094,410.273
denied,96.923,239.5041,338.659,377.622,575.727,411.700
denied,97.023,240.4980,337.297,378.687,575.273,413.426
denied,97.124,241.3982,336.065,379.686,574.887,414.856
denied,97.223,242.3468,334.767,380.788,574.508,416.228
denied,97.324,243.1409,333.616,381.832,574.103,417.660
denied,97.423,243.9411,332.396,382.994,573.615,419.331
denied,97.524,244.6288,331.313,384.092,573.168,420.824
denied,97.628,245.3563,330.171,385.305,572.728,422.258
denied,97.723,245.9451,329.141,386.443,572.221,423.871
denied,97.824,246.6007,328.046,387.692,571.761,425.306
denied,97.924,247.1641,327.048,388.860,571.292,426.740
denied,98.026,247.7810,325.970,390.136,570.814,428.174
denied,98.123,248.3248,324.974,391.321,570.329,429.609
denied,98.227,248.8802,323.897,392.609,569.754,431.282
denied,98.370,249.4367,322.884,393.799,569.275,432.655
denied,98.472,250.0360,321.782,395.088,568.748,434.147
denied,98.570,250.5772,320.749,396.275,568.215,435.639
denied,98.669,251.1409,319.701,397.456,567.698,437.070
denied,98.769,251.7151,318.560,398.728,567.065,438.797
denied,98.870,252.3029,317.465,399.895,566.514,440.285
denied,98.970,252.9537,316.287,401.152,565.958,441.771
denied,99.070,253.5810,315.170,402.303,565.442,443.138
denied,99.169,254.2618,313.954,403.543,564.876,444.622
denied,99.269,254.8800,312.813,404.680,564.304,446.104
denied,99.370,255.6049,311.557,405.904,563.750,447.527
denied,99.469,256.2368,310.394,407.030,563.169,449.007
denied,99.575,257.0059,309.001,408.337,562.487,450.723
denied,99.695,257.6320,307.905,409.357,561.990,451.964
denied,99.790,258.3963,306.594,410.556,561.416,453.380
denied,99.892,259.1069,305.275,411.748,560.742,455.032
denied,99.991,259.7863,304.043,412.840,560.133,456.505
denied,100.090,260.4811,302.805,413.928,559.545,457.917
denied,100.190,261.2650,301.456,415.102,558.951,459.329
denied,100.290,261.9761,300.194,416.177,558.352,460.739
denied,100.390,262.6909,298.833,417.339,557.623,462.441
denied,100.490,263.4114,297.551,418.408,557.013,463.848
denied,100.591,264.2160,296.165,419.557,556.399,465.255
denied,100.690,264.9226,294.874,420.615,555.755,466.718
denied,100.790,265.7391,293.467,421.758,555.131,468.121
denied,100.890,266.4594,292.170,422.805,554.502,469.524
denied,100.990,267.1829,290.850,423.848,553.842,470.983
denied,101.090,267.9220,289.429,424.973,553.071,472.674
denied,101.191,268.6601,288.102,426.004,552.427,474.072
denied,101.291,269.4784,286.657,427.119,551.752,475.526
denied,101.390,270.2178,285.320,428.143,551.099,476.922
denied,101.491,271.0622,283.858,429.244,550.441,478.315
denied,101.592,271.7879,282.510,430.259,549.751,479.766
denied,101.690,272.6451,281.028,431.351,549.085,481.157
denied,101.791,273.3118,279.665,432.353,548.274,482.836
denied,101.890,274.0744,278.286,433.349,547.598,484.223
denied,101.990,274.9479,276.777,434.417,546.917,485.610
denied,102.090,275.6855,275.402,435.401,546.205,487.053
denied,102.190,276.5470,273.900,436.461,545.518,488.438
denied,102.291,277.2969,272.498,437.417,544.788,489.871
denied,102.392,278.0992,270.950,438.420,543.947,491.446
denied,102.491,278.8030,269.545,439.325,543.169,492.812
denied,102.593,279.5948,268.023,440.284,542.393,494.082
denied,102.690,280.2202,266.650,441.134,541.583,495.310
denied,102.790,280.8716,265.178,441.977,540.698,496.541
denied,102.891,281.4347,263.794,442.674,539.801,497.678
denied,102.990,281.9662,262.394,443.310,538.851,498.775
denied,103.090,282.4552,260.802,443.914,537.625,500.042
denied,103.190,282.9013,259.418,444.349,536.591,500.992
denied,103.291,283.5382,257.736,444.779,535.456,501.924
denied,103.392,283.8374,256.137,445.085,534.011,502.961
denied,103.490,284.5079,254.319,445.288,532.757,503.740
denied,103.592,285.1852,252.454,445.380,531.457,504.442
denied,103.690,285.7244,250.696,445.359,530.113,505.064
denied,103.790,286.1411,248.921,445.243,528.614,505.644
denied,103.891,286.7873,246.989,445.012,527.197,506.090
denied,103.993,287.2469,245.220,444.714,525.754,506.451
denied,104.090,287.8361,243.308,444.288,524.290,506.727
denied,104.190,288.1670,241.576,443.820,522.748,506.925
denied,104.291,288.2675,239.880,443.285,521.009,507.041
denied,104.390,288.5578,238.225,442.687,519.512,507.054
denied,104.490,288.9273,236.497,441.981,518.016,506.989
denied,104.590,289.2471,234.824,441.207,516.524,506.850
denied,104.692,289.0519,233.348,440.452,514.732,506.587
denied,104.791,289.1861,231.810,439.591,513.201,506.283
denied,104.891,289.2242,230.432,438.742,511.745,505.928
denied,104.991,289.2737,229.006,437.792,510.245,505.498
denied,105.090,289.2313,227.736,436.875,508.822,505.032
denied,105.191,289.1647,226.506,435.927,507.418,504.517
denied,105.291,288.7741,225.309,434.944,505.745,503.837
denied,105.390,288.7381,224.148,433.924,504.438,503.256
denied,105.492,288.7296,222.930,432.800,503.092,502.614
denied,105.591,288.6307,221.759,431.656,501.709,501.911
denied,105.691,288.4643,220.712,430.589,500.399,501.206
denied,105.800,288.1653,219.692,429.509,498.998,500.413
denied,105.900,287.9748,218.699,428.411,497.722,499.655
denied,106.000,287.8284,217.639,427.195,496.407,498.844
denied,106.099,288.1683,216.227,425.671,495.159,498.044
denied,106.200,288.6050,214.641,424.237,493.873,497.193
denied,106.299,288.8040,213.060,422.844,492.397,496.183
denied,106.400,289.4613,211.357,421.285,491.188,495.331
denied,106.500,289.9486,209.812,419.823,489.988,494.465
denied,106.600,290.3900,208.126,418.205,488.601,493.439
denied,106.701,291.0568,206.648,416.732,487.617,492.697
denied,106.799,291.3682,205.105,415.138,486.249,491.647
denied,106.901,291.6943,203.751,413.679,485.083,490.736
denied,107.000,292.0849,202.362,412.123,483.924,489.816
denied,107.100,292.2745,201.149,410.700,482.771,488.888
denied,107.200,292.2400,199.909,409.171,481.384,487.756
denied,107.300,292.3087,198.821,407.775,480.242,486.811
denied,107.402,292.4819,197.716,406.275,479.151,485.900
denied,107.511,292.2171,196.741,404.897,477.827,484.782
denied,107.609,292.1731,195.744,403.421,476.650,483.777
denied,107.712,291.9804,194.868,402.071,475.476,482.767
denied,107.812,291.9571,193.964,400.619,474.398,481.832
denied,107.911,291.7431,193.167,399.291,473.277,480.852
denied,108.019,291.4222,192.337,397.857,472.018,479.744
denied,108.117,291.0916,191.603,396.540,470.855,478.713
denied,108.217,290.8822,190.833,395.121,469.741,477.720
denied,108.325,290.3942,190.144,393.818,468.490,476.598
denied,108.423,290.1376,189.421,392.418,467.380,475.597
denied,108.524,289.7819,188.768,391.134,466.271,474.593
denied,108.623,289.4691,188.130,389.848,465.209,473.628
denied,108.723,288.8043,187.505,388.567,463.873,472.407
denied,108.823,288.4368,186.837,387.188,462.721,471.352
denied,108.927,288.0924,186.234,385.903,461.662,470.378
denied,109.024,287.6078,185.686,384.725,460.559,469.360
denied,109.129,287.1148,185.038,383.327,459.318,468.212
denied,109.223,286.5666,184.500,382.144,458.169,467.147
denied,109.329,285.9849,183.910,380.862,456.930,465.994
denied,109.428,285.6404,183.282,379.473,455.828,464.967
denied,109.528,285.2808,182.698,378.191,454.773,463.982
denied,109.628,285.2010,181.896,376.480,453.672,462.952
denied,109.728,284.7576,181.298,375.147,452.526,461.878
denied,109.828,284.2992,180.747,373.901,451.425,460.846
denied,109.929,283.6661,180.128,372.509,450.095,459.597
denied,110.028,283.3116,179.546,371.208,449.041,458.605
denied,110.143,282.9529,178.969,369.907,447.986,457.612
denied,110.273,282.2638,178.383,368.598,446.657,456.360
denied,110.373,281.9602,177.696,367.092,445.511,455.279
denied,110.473,281.5858,177.057,365.669,444.364,454.198
denied,110.573,281.2149,176.489,364.385,443.310,453.203
denied,110.673,280.9105,175.844,362.943,442.209,452.165
denied,110.774,280.5369,175.238,361.606,441.108,451.126
denied,110.873,279.8701,174.637,360.272,439.778,449.870
denied,110.973,279.5862,173.976,358.822,438.677,448.830
denied,111.073,279.1615,173.363,357.485,437.530,447.748
denied,111.182,278.7084,172.699,356.032,436.290,446.578
denied,111.278,278.5788,172.085,354.680,435.371,445.712
denied,111.399,278.0483,171.467,353.333,434.130,444.542
denied,111.502,277.7825,170.795,351.864,433.027,443.502
denied,111.600,277.4322,170.174,350.507,431.923,442.463
denied,111.699,277.1321,169.484,349.020,430.773,441.381
denied,111.799,276.8061,168.813,347.561,429.622,440.299
denied,111.900,276.1623,168.194,346.213,428.286,439.044
denied,111.999,275.9260,167.498,344.732,427.181,438.006
denied,112.099,275.5462,166.854,343.359,426.028,436.926
denied,112.199,275.3166,166.156,341.867,424.921,435.889
denied,112.300,274.9431,165.506,340.496,423.767,434.809
denied,112.399,274.7235,164.802,338.996,422.659,433.773
denied,112.499,274.4126,164.152,337.616,421.550,432.738
denied,112.599,273.9712,163.435,336.121,420.256,431.530
denied,112.699,273.6144,162.773,334.737,419.100,430.453
denied,112.799,273.3553,162.051,333.238,417.943,429.377
denied,112.899,273.0726,161.374,331.855,416.831,428.344
denied,113.009,272.7021,160.648,330.354,415.580,427.183
denied,113.109,272.3648,159.970,328.961,414.420,426.109
denied,113.221,272.0898,159.288,327.572,413.306,425.078
denied,113.317,271.8166,158.606,326.179,412.192,424.048
denied,113.417,271.6973,157.861,324.685,411.123,423.062
denied,113.517,271.2008,157.166,323.294,409.821,421.861
denied,113.617,271.0415,156.412,321.774,408.703,420.833
denied,113.732,270.8473,155.710,320.382,407.632,419.848
denied,113.831,270.3634,155.004,318.983,406.327,418.650
denied,113.931,270.0574,154.303,317.574,405.160,417.582
denied,114.033,269.8190,153.586,316.182,404.040,416.556
denied,114.131,269.6398,152.872,314.782,402.965,415.574
denied,114.231,269.4412,152.099,313.267,401.796,414.508
denied,114.331,268.9830,151.369,311.864,400.487,413.314
denied,114.431,268.9104,150.520,310.204,399.316,412.249
denied,114.531,268.7340,149.732,308.674,398.146,411.185
denied,114.633,268.4779,149.013,307.341,397.021,410.164
denied,114.731,268.3691,148.215,305.819,395.896,409.144
denied,114.831,268.1626,147.477,304.406,394.770,408.124
denied,114.931,267.7742,146.658,302.889,393.409,406.894
denied,115.033,267.6888,145.839,301.361,392.282,405.876
denied,115.132,267.4976,145.089,299.945,391.154,404.858
denied,115.230,267.2619,144.318,298.540,389.979,403.799
denied,115.331,267.1897,143.489,297.008,388.850,402.782
denied,115.431,267.0145,142.724,295.590,387.721,401.766
denied,115.530,266.8976,141.878,294.063,386.543,400.709
denied,115.631,266.5537,141.102,292.645,385.271,399.567
denied,115.731,266.5001,140.260,291.106,384.140,398.553
denied,115.830,266.1705,139.465,289.696,382.867,397.412
denied,115.930,266.0684,138.614,288.153,381.687,396.356
denied,116.030,265.9826,137.823,286.731,380.601,395.385
denied,116.132,265.6068,137.019,285.315,379.279,394.203
denied,116.231,265.5796,136.156,283.768,378.146,393.191
denied,116.331,265.4508,135.350,282.345,377.012,392.178
denied,116.431,265.4416,134.467,280.803,375.878,391.167
denied,116.538,265.1365,133.661,279.373,374.602,390.029
denied,116.638,265.1364,132.773,277.828,373.468,389.018
denied,116.738,265.0923,131.945,276.406,372.381,388.049
denied,116.838,265.0354,131.058,274.855,371.200,386.997
denied,116.938,264.6354,130.224,273.430,369.829,385.776
denied,117.037,264.6563,129.317,271.889,368.694,384.766
denied,117.138,264.5586,128.492,270.451,367.560,383.756
denied,117.238,264.5921,127.573,268.912,366.425,382.746
denied,117.338,264.5138,126.724,267.484,365.291,381.736
denied,117.437,264.1238,125.890,266.045,363.920,380.516
denied,117.537,264.1764,124.954,264.504,362.785,379.506
denied,117.639,264.0503,124.093,263.076,361.603,378.453
denied,117.739,264.0973,123.177,261.511,360.468,377.442
denied,117.838,263.8060,122.299,260.083,359.145,376.263
denied,117.938,263.9332,121.359,258.529,358.058,375.294
denied,118.038,263.8786,120.502,257.081,356.925,374.283
denied,118.137,263.9010,119.542,255.533,355.744,373.230
denied,118.238,263.8635,118.665,254.093,354.611,372.218
denied,118.342,263.5814,117.793,252.645,353.290,371.037
denied,118.442,263.5618,116.895,251.212,352.158,370.024
denied,118.542,263.6550,115.939,249.645,351.026,369.011
denied,118.642,263.5706,115.054,248.201,349.848,367.955
denied,118.742,263.6814,114.077,246.643,348.718,366.941
denied,118.843,263.6633,113.190,245.197,347.588,365.926
denied,118.942,263.7119,112.219,243.635,346.412,364.868
denied,119.042,263.4066,111.310,242.195,345.049,363.640
denied,119.143,263.6975,110.243,240.432,343.922,362.623
denied,119.242,263.7017,109.333,238.992,342.795,361.605
denied,119.343,263.8448,108.321,237.449,341.669,360.586
denied,119.442,263.8464,107.424,235.993,340.544,359.567
denied,119.544,263.9199,106.441,234.420,339.372,358.503
denied,119.642,263.6379,105.517,232.971,338.015,357.268
denied,119.742,263.7799,104.533,231.389,336.892,356.245
denied,119.842,263.8055,103.613,229.935,335.770,355.221
denied,119.942,263.9623,102.610,228.364,334.650,354.195
denied,120.042,263.9857,101.700,226.903,333.531,353.169
denied,120.143,263.8420,100.696,225.325,332.179,351.927
denied,120.243,263.8250,99.761,223.872,331.016,350.855
denied,120.344,263.9250,98.769,222.282,329.854,349.781
denied,120.448,264.0392,97.830,220.824,328.786,348.792
denied,120.547,264.2214,96.814,219.240,327.673,347.759
denied,120.649,263.9567,95.901,217.764,326.330,346.509
denied,120.748,264.1501,94.875,216.183,325.221,345.473
denied,120.848,264.2706,93.938,214.720,324.159,344.479
denied,120.947,264.2551,93.026,213.244,323.006,343.398
denied,121.047,264.4605,91.991,211.663,321.901,342.358
denied,121.147,264.3376,91.134,210.313,320.751,341.273
denied,121.248,264.4668,90.132,208.713,319.604,340.186
denied,121.347,264.3037,89.176,207.250,318.320,338.967
denied,121.447,264.5050,88.163,205.653,317.222,337.921
denied,121.547,264.5771,87.232,204.173,316.125,336.873
denied,121.647,264.7991,86.195,202.582,315.029,335.825
denied,121.747,264.8210,85.255,201.101,313.888,334.732
denied,121.847,265.0308,84.239,199.502,312.794,333.681
denied,121.947,264.9976,83.183,197.847,311.472,332.412
denied,122.051,265.0821,82.241,196.372,310.378,331.361
denied,122.147,265.2661,81.169,194.802,309.239,330.266
denied,122.247,265.3754,80.189,193.346,308.145,329.215
denied,122.347,265.6644,79.150,191.759,307.095,328.208
denied,122.450,265.5851,78.073,190.112,305.725,326.897
denied,122.547,265.7683,77.072,188.669,304.673,325.892
denied,122.650,265.8853,76.078,187.222,303.575,324.846
denied,122.747,266.1381,74.996,185.660,302.475,323.801
denied,122.847,266.2094,73.971,184.234,301.327,322.715
denied,122.947,266.4647,72.881,182.681,300.222,321.675
denied,123.047,266.5420,71.842,181.266,299.069,320.595
denied,123.148,266.5160,70.701,179.741,297.728,319.346
denied,123.247,266.7139,69.661,178.333,296.661,318.359
denied,123.347,266.8722,68.581,176.947,295.545,317.333
denied,123.448,266.8598,67.405,175.449,294.192,316.098
denied,123.547,267.2014,66.325,174.067,293.208,315.208
denied,123.647,267.4597,65.107,172.594,292.033,314.153
denied,123.747,267.3944,63.974,171.241,290.712,312.977
denied,123.847,267.6476,62.755,169.775,289.528,311.934
denied,123.947,267.9912,61.485,168.336,288.386,310.938
denied,124.047,268.1183,60.403,167.122,287.288,309.988
denied,124.147,268.4612,59.133,165.682,286.137,309.003
denied,124.247,268.6493,57.872,164.400,284.932,307.983
denied,124.348,268.8170,56.646,163.099,283.722,306.971
denied,124.447,269.1323,55.312,161.691,282.506,305.965
denied,124.547,269.0970,54.002,160.431,281.089,304.808
denied,124.647,269.5017,52.616,159.052,279.910,303.858
denied,124.747,269.7001,51.327,157.788,278.676,302.877
denied,124.847,270.1337,49.888,156.438,277.485,301.942
denied,124.947,270.3588,48.550,155.199,276.240,300.977
denied,125.056,270.9329,47.084,153.861,275.138,300.134
denied,125.156,270.9404,45.687,152.650,273.679,299.033
denied,125.258,271.4138,44.175,151.336,272.465,298.131
denied,125.356,271.7406,42.766,150.134,271.246,297.238
denied,125.457,271.9310,41.197,148.851,269.766,296.169
denied,125.556,272.2765,39.756,147.663,268.535,295.293
denied,125.656,272.8584,38.160,146.395,267.350,294.462
denied,125.757,273.2296,36.671,145.237,266.109,293.603
denied,125.856,273.5426,35.175,144.080,264.810,292.718
denied,125.956,273.7579,33.630,142.947,263.401,291.771
denied,126.056,274.3022,31.985,141.713,262.144,290.939
denied,126.156,274.6918,30.464,140.572,260.882,290.114
denied,126.256,275.1978,28.777,139.358,259.563,289.264
denied,126.357,275.2965,27.212,138.246,258.027,288.289
denied,126.456,276.1048,25.541,137.033,256.964,287.623
denied,126.556,276.2141,23.955,135.937,255.417,286.667
denied,126.659,276.9215,22.200,134.697,254.187,285.917
denied,126.756,277.3842,20.648,133.594,252.953,285.173
denied,126.856,277.9282,18.887,132.436,251.609,284.372
denied,126.956,278.0287,17.311,131.350,250.045,283.451
denied,127.056,278.5411,15.603,130.172,248.694,282.665
denied,127.157,278.9036,14.005,129.104,247.339,281.886
denied,127.256,279.4233,12.281,127.942,245.982,281.113
denied,127.356,279.8439,10.696,126.865,244.677,280.376
denied,127.456,280.3828,8.943,125.716,243.315,279.614
denied,127.556,280.7480,7.346,124.649,241.951,278.857
denied,127.659,281.3226,5.637,123.489,240.641,278.134
denied,127.756,281.5612,4.041,122.430,239.166,277.326
denied,127.856,281.9666,2.478,121.360,237.854,276.612
denied,127.956,282.7168,0.702,120.101,236.596,275.930
denied,128.057,283.2442,-1.032,118.960,235.229,275.191
denied,128.161,283.3873,-2.570,117.885,233.697,274.366
denied,128.257,283.7646,-4.084,116.801,232.384,273.660
denied,128.356,284.1531,-5.619,115.729,231.072,272.956
denied,128.457,284.7333,-7.235,114.547,229.816,272.281
denied,128.556,285.0219,-8.706,113.453,228.450,271.548
denied,128.657,285.1527,-10.296,112.267,226.814,270.667
denied,128.757,285.7321,-11.737,111.160,225.724,270.080
denied,128.856,285.9075,-13.294,109.959,224.145,269.226
denied,128.962,286.2392,-14.728,108.848,222.841,268.517
denied,129.056,286.6182,-16.135,107.724,221.592,267.836
denied,129.156,286.7874,-17.672,106.507,220.020,266.973
denied,129.256,287.1092,-19.079,105.376,218.722,266.256
denied,129.356,287.5615,-20.568,104.134,217.425,265.536
denied,129.457,287.8604,-21.936,102.987,216.132,264.812
denied,129.556,288.2975,-23.400,101.735,214.841,264.084
denied,129.656,288.3336,-24.731,100.565,213.339,263.228
denied,129.756,288.7590,-26.168,99.296,212.054,262.489
denied,129.856,288.9676,-27.476,98.114,210.720,261.713
denied,129.956,289.2232,-28.757,96.918,209.443,260.962
denied,130.056,289.6192,-30.138,95.620,208.170,260.205
denied,130.158,289.7985,-31.392,94.410,206.848,259.410
denied,130.256,289.9311,-32.730,93.080,205.373,258.510
denied,130.356,290.1055,-33.963,91.849,204.061,257.698
denied,130.456,290.5382,-35.278,90.501,202.859,256.944
denied,130.556,290.7676,-36.475,89.231,201.609,256.149
denied,130.658,290.9365,-37.673,87.959,200.313,255.312
denied,130.756,291.3059,-38.947,86.557,199.074,254.500
denied,130.856,291.4564,-40.098,85.252,197.789,253.645
denied,130.956,291.5598,-41.333,83.828,196.359,252.676
denied,131.056,291.7614,-42.449,82.494,195.140,251.835
denied,131.156,292.0972,-43.642,81.039,193.927,250.985
denied,131.256,291.9842,-44.726,79.674,192.472,249.944
denied,131.357,292.3099,-45.879,78.182,191.275,249.072
denied,131.460,292.5514,-46.921,76.790,190.135,248.226
denied,131.557,292.5381,-47.945,75.387,188.807,247.221
denied,131.656,292.8499,-49.033,73.836,187.635,246.316
denied,131.756,293.0133,-50.015,72.394,186.471,245.401
denied,131.857,293.3078,-51.063,70.824,185.316,244.474
denied,131.957,293.3984,-51.998,69.341,184.122,243.497
denied,132.056,293.5504,-52.922,67.849,182.985,242.547
denied,132.156,293.6487,-53.900,66.212,181.718,241.465
denied,132.256,293.7284,-54.773,64.676,180.556,240.450
denied,132.356,294.0032,-55.705,63.000,179.451,239.463
denied,132.456,294.1379,-56.537,61.429,178.357,238.465
denied,132.556,294.3340,-57.414,59.719,177.229,237.412
denied,132.656,294.1493,-58.197,58.113,175.936,236.174
denied,132.757,294.4655,-59.024,56.352,174.922,235.180
denied,132.856,294.5781,-59.752,54.702,173.876,234.130
denied,132.956,294.6255,-60.464,53.045,172.800,233.023
denied,133.056,294.6155,-61.208,51.231,171.611,231.767
denied,133.158,294.7801,-61.911,49.385,170.564,230.632
denied,133.256,294.8142,-62.546,47.673,169.533,229.482
denied,133.358,294.8446,-63.138,45.921,168.517,228.319
denied,133.457,295.3203,-63.865,43.728,167.556,227.189
denied,133.557,295.4047,-64.376,41.903,166.611,226.046
denied,133.656,295.5375,-64.873,40.090,165.720,224.939
denied,133.756,295.6725,-65.378,38.101,164.769,223.721
denied,133.856,295.5026,-65.809,36.233,163.724,222.341
denied,133.958,295.6340,-66.232,34.177,162.812,221.094
denied,134.056,295.6922,-66.582,32.255,161.955,219.883
denied,134.156,295.8077,-66.944,30.177,161.082,218.609
denied,134.256,295.6685,-67.225,28.234,160.162,217.217
denied,134.359,295.8209,-67.506,26.127,159.366,215.966
denied,134.457,295.8452,-67.724,24.160,158.591,214.702
denied,134.556,295.9200,-67.914,22.010,157.805,213.371
denied,134.656,295.9288,-68.066,20.024,157.074,212.081
denied,134.756,295.9275,-68.158,17.825,156.307,210.669
denied,134.856,295.8613,-68.223,15.805,155.595,209.297
denied,134.956,295.8979,-68.239,13.592,154.909,207.912
denied,135.056,295.8714,-68.207,11.528,154.277,206.569
denied,135.157,295.8906,-68.121,9.272,153.645,205.157
denied,135.272,295.7356,-67.998,7.178,153.020,203.674
denied,135.373,295.6314,-67.828,5.065,152.448,202.235
denied,135.472,295.6238,-67.561,2.727,151.908,200.784
denied,135.577,295.5075,-67.272,0.556,151.401,199.320
denied,135.677,295.5923,-66.863,-1.854,150.963,197.962
denied,135.776,295.2501,-66.445,-4.082,150.453,196.238
denied,135.876,295.2123,-65.937,-6.505,150.052,194.739
denied,135.976,295.0688,-65.402,-8.764,149.688,193.231
denied,136.077,295.0670,-64.767,-11.224,149.374,191.774
denied,136.183,295.0094,-64.071,-13.554,149.108,190.371
denied,136.282,294.9858,-63.276,-16.069,148.866,188.900
denied,136.382,294.6229,-62.470,-18.412,148.626,187.114
denied,136.483,294.5823,-61.516,-20.970,148.471,185.631
denied,136.583,294.4997,-60.605,-23.312,148.361,184.205
denied,136.682,294.2570,-59.862,-25.470,148.281,182.529
denied,136.782,294.2087,-59.237,-27.479,148.257,181.099
denied,136.882,294.2033,-58.606,-29.573,148.274,179.607
denied,136.983,293.8693,-58.115,-31.368,148.359,177.743
denied,137.085,293.8649,-57.598,-33.242,148.479,176.254
denied,137.182,293.7412,-57.108,-34.924,148.654,174.709
denied,137.282,293.7191,-56.557,-36.701,148.869,173.231
denied,137.382,293.6208,-56.016,-38.306,149.131,171.760
denied,137.482,293.5051,-55.391,-40.008,149.469,170.178
denied,137.582,293.3982,-54.790,-41.543,149.828,168.728
denied,137.683,293.2986,-54.084,-43.175,150.252,167.231
denied,137.785,293.1359,-53.343,-44.769,150.765,165.632
denied,137.882,292.9854,-52.631,-46.202,151.292,164.169
denied,137.994,292.9082,-51.886,-47.601,151.794,162.897
denied,138.094,292.8018,-51.023,-49.088,152.384,161.527
denied,138.194,292.5143,-50.257,-50.315,153.153,159.897
denied,138.300,292.4352,-49.310,-51.733,153.776,158.681
denied,138.408,292.2300,-48.399,-53.012,154.587,157.214
denied,138.508,292.0979,-47.388,-54.348,155.349,155.935
denied,138.608,291.9442,-46.428,-55.545,156.148,154.679
denied,138.708,291.7932,-45.346,-56.804,156.984,153.448
denied,138.809,291.5774,-44.318,-57.930,158.040,151.995
denied,138.909,291.4155,-43.272,-59.019,158.990,150.774
denied,139.009,291.2595,-42.116,-60.160,159.975,149.581
denied,139.109,291.1133,-41.029,-61.172,160.911,148.511
denied,139.208,290.9590,-39.841,-62.231,162.002,147.332
denied,139.308,290.8102,-38.713,-63.172,163.039,146.273
denied,139.419,290.6460,-37.382,-64.228,164.237,145.116
denied,139.523,290.5162,-36.240,-65.096,165.284,144.159
denied,139.623,290.3847,-35.000,-65.997,166.447,143.150
denied,139.723,290.2716,-33.847,-66.790,167.588,142.210
denied,139.830,290.1293,-32.573,-67.609,168.752,141.300
denied,139.930,290.0358,-31.390,-68.335,170.036,140.348
denied,140.030,289.9329,-30.196,-69.028,171.243,139.499
denied,140.129,289.8669,-28.895,-69.747,172.726,138.512
denied,140.230,289.7812,-27.685,-70.375,173.974,137.728
denied,140.330,289.7064,-26.473,-70.975,175.238,136.973
denied,140.429,289.6222,-25.157,-71.595,176.572,136.218
denied,140.529,289.5533,-23.837,-72.217,177.868,135.523
denied,140.629,289.5128,-22.372,-72.952,179.234,134.829
denied,140.730,289.4120,-20.679,-73.806,180.558,134.192
denied,140.831,289.3797,-19.070,-74.602,181.950,133.559
denied,140.929,289.4595,-17.445,-75.401,183.582,132.865
denied,141.030,289.4409,-15.819,-76.169,184.945,132.324
denied,141.129,289.4169,-14.203,-76.913,186.262,131.835
denied,141.229,289.4015,-12.473,-77.668,187.704,131.336
denied,141.329,289.4546,-10.896,-78.325,189.157,130.871
denied,141.430,289.4574,-8.983,-79.029,190.854,130.377
denied,141.529,289.4489,-7.465,-79.655,192.032,130.064
denied,141.630,289.7112,-5.981,-80.208,193.749,129.650
denied,141.732,289.8446,-4.539,-80.665,195.238,129.332
denied,141.831,289.9117,-3.003,-81.124,196.674,129.061
denied,141.930,290.0139,-1.494,-81.519,198.175,128.814
denied,142.029,290.1883,-0.125,-81.841,199.682,128.602
denied,142.135,290.3093,1.213,-82.122,201.072,128.439
denied,142.235,290.4180,2.643,-82.336,202.586,128.295
denied,142.335,290.5873,4.017,-82.543,204.104,128.185
denied,142.435,290.8772,5.240,-82.738,205.623,128.108
denied,142.535,291.0322,6.535,-82.837,207.083,128.066
denied,142.635,291.4645,7.701,-82.874,208.849,128.055
denied,142.736,291.7276,8.821,-82.889,210.310,128.078
denied,142.837,291.8734,10.010,-82.841,211.710,128.127
denied,142.943,292.2962,11.161,-82.742,213.474,128.224
denied,143.045,292.3877,12.197,-82.608,214.689,128.313
denied,143.145,292.7086,13.210,-82.430,216.207,128.450
denied,143.245,293.1466,14.249,-82.219,217.903,128.636
denied,143.353,293.4180,15.190,-81.985,219.294,128.812
denied,143.453,293.7444,16.104,-81.714,220.743,129.019
denied,143.552,294.2828,17.047,-81.406,222.490,129.297
denied,143.651,294.6512,17.897,-81.089,223.932,129.550
denied,143.752,294.9460,18.804,-80.708,225.370,129.823
denied,143.855,295.3653,19.632,-80.338,226.865,130.126
denied,143.952,295.6818,20.493,-79.910,228.297,130.436
denied,144.062,296.3711,21.290,-79.492,230.081,130.847
denied,144.161,296.7451,22.134,-79.024,231.563,131.207
denied,144.260,297.1426,22.905,-78.575,232.983,131.569
denied,144.352,297.4186,23.591,-78.160,234.163,131.881
denied,144.452,298.0214,24.406,-77.649,235.870,132.351
denied,144.552,298.4586,25.134,-77.180,237.279,132.753
denied,144.653,298.8288,25.960,-76.629,238.743,133.185
denied,144.754,299.2579,26.743,-76.107,240.204,133.630
denied,144.852,299.6267,27.526,-75.568,241.602,134.068
denied,144.953,300.0882,28.373,-74.984,243.171,134.574
denied,145.052,300.5100,29.165,-74.434,244.620,135.053
denied,145.152,300.8712,29.958,-73.870,246.008,135.524
denied,145.253,301.2248,30.810,-73.270,247.450,136.024
denied,145.351,301.5911,31.605,-72.701,248.830,136.513
denied,145.451,301.9146,32.485,-72.071,250.265,137.032
denied,145.552,302.3191,33.302,-71.486,251.696,137.561
denied,145.652,302.6458,34.185,-70.852,253.123,138.100
denied,145.751,302.9932,35.005,-70.257,254.490,138.625
denied,145.852,303.2598,35.897,-69.614,255.853,139.159
denied,145.951,303.8796,36.730,-69.003,257.495,139.816
denied,146.056,304.2183,37.556,-68.383,258.850,140.369
denied,146.157,304.4692,38.462,-67.715,260.202,140.931
denied,146.260,304.9841,39.291,-67.092,261.717,141.574
denied,146.361,305.2331,40.191,-66.404,263.061,142.154
denied,146.467,305.5687,41.027,-65.767,264.400,142.744
denied,146.566,305.8768,41.923,-65.065,265.790,143.367
denied,146.666,306.2073,42.755,-64.406,267.121,143.976
denied,146.766,306.4612,43.646,-63.694,268.447,144.593
denied,146.866,307.0868,44.469,-63.020,270.043,145.351
denied,146.966,307.4827,45.288,-62.341,271.413,146.016
denied,147.066,307.8049,46.163,-61.609,272.778,146.692
denied,147.167,308.0596,47.036,-60.857,274.083,147.350
denied,147.266,308.3550,47.831,-60.162,275.329,147.990
denied,147.366,308.7089,48.624,-59.460,276.623,148.668
denied,147.466,309.2826,49.466,-58.695,278.180,149.501
denied,147.570,309.5884,50.242,-57.981,279.409,150.172
denied,147.672,309.8782,51.071,-57.208,280.686,150.882
denied,147.771,310.1046,51.933,-56.375,281.956,151.602
denied,147.872,310.8126,52.662,-55.662,283.483,152.487
denied,147.971,311.1653,53.429,-54.902,284.739,153.231
denied,148.072,311.5511,54.167,-54.155,285.989,153.986
denied,148.173,311.9830,54.949,-53.342,287.335,154.816
denied,148.270,312.4068,55.608,-52.646,288.519,155.561
denied,148.377,312.8445,56.370,-51.812,289.850,156.415
denied,148.477,313.3241,57.065,-51.052,291.122,157.249
denied,148.584,313.6024,57.808,-50.222,292.284,158.027
denied,148.688,314.2228,58.508,-49.401,293.690,158.987
denied,148.784,314.6422,59.224,-48.564,294.936,159.858
denied,148.884,314.9823,59.935,-47.690,296.124,160.706
denied,148.984,315.4871,60.574,-46.890,297.352,161.601
denied,149.084,315.9719,61.189,-46.121,298.522,162.471
denied,149.185,316.4911,61.807,-45.315,299.732,163.390
denied,149.286,317.0522,62.536,-44.329,301.124,164.472
denied,149.385,317.2649,63.145,-43.504,302.076,165.228
denied,149.483,317.9882,63.761,-42.633,303.444,166.337
denied,149.583,318.5982,64.292,-41.860,304.613,167.307
denied,149.684,318.9223,64.922,-40.950,305.678,168.210
denied,149.784,319.4748,65.474,-40.113,306.826,169.203
denied,149.885,319.9542,66.024,-39.256,307.917,170.168
denied,149.984,320.4097,66.621,-38.324,309.043,171.185
denied,150.083,320.9594,67.150,-37.458,310.158,172.214
denied,150.184,321.5593,67.747,-36.470,311.392,173.381
denied,150.283,322.0431,68.295,-35.529,312.481,174.435
denied,150.384,322.4834,68.788,-34.644,313.472,175.416
denied,150.483,323.0334,69.280,-33.743,314.537,176.494
denied,150.584,323.4644,69.796,-32.782,315.548,177.539
denied,150.683,323.9652,70.260,-31.872,316.547,178.595
denied,150.783,324.6839,70.761,-30.880,317.738,179.886
denied,150.884,325.1587,71.257,-29.883,318.749,181.010
denied,150.984,325.6637,71.685,-28.948,319.708,182.101
denied,151.084,326.2373,72.085,-28.090,320.653,183.202
denied,151.184,326.7343,72.507,-27.147,321.586,184.313
denied,151.284,327.3436,72.886,-26.239,322.543,185.481
denied,151.384,327.8211,73.333,-25.214,323.485,186.660
denied,151.483,328.5788,73.715,-24.278,324.523,187.993
denied,151.588,329.0649,74.128,-23.240,325.434,189.195
denied,151.688,329.5708,74.505,-22.289,326.294,190.359
denied,151.788,330.0623,74.903,-21.257,327.175,191.582
denied,151.902,330.6933,75.248,-20.295,328.074,192.864
denied,152.004,331.1311,75.628,-19.265,328.889,194.058
denied,152.110,331.7013,75.961,-18.303,329.722,195.313
denied,152.202,332.2215,76.279,-17.343,330.506,196.526
denied,152.302,332.7890,76.601,-16.381,331.306,197.801
denied,152.402,333.2381,76.924,-15.334,332.059,199.034
denied,152.502,333.8098,77.214,-14.361,332.826,200.329
denied,152.603,334.1700,77.549,-13.209,333.547,201.581
denied,152.702,334.6963,77.833,-12.179,334.279,202.896
denied,152.803,335.5006,78.082,-11.203,335.107,204.433
denied,152.902,336.0166,78.333,-10.229,335.773,205.715
denied,153.002,336.5396,78.566,-9.256,336.422,207.006
denied,153.103,336.9874,78.797,-8.175,337.054,208.305
denied,153.203,337.4818,79.017,-7.167,337.668,209.613
denied,153.301,337.9719,79.223,-6.064,338.289,210.984
denied,153.402,338.7419,79.404,-5.047,338.984,212.586
denied,153.502,339.1687,79.596,-3.946,339.539,213.920
denied,153.602,339.7182,79.752,-2.924,340.097,215.317
denied,153.702,340.1432,79.908,-1.806,340.614,216.666
denied,153.802,340.6800,80.046,-0.776,341.131,218.078
denied,153.902,341.1508,80.178,0.346,341.628,219.498
denied,154.002,341.7464,80.280,1.290,342.103,220.925
denied,154.103,342.2703,80.384,2.324,342.556,222.358
denied,154.202,342.6829,80.476,3.450,342.971,223.740
denied,154.302,343.1461,80.555,4.493,343.366,225.127
denied,154.402,343.7993,80.617,5.546,343.801,226.752
denied,154.502,344.1529,80.657,6.689,344.137,228.093
denied,154.629,344.4862,80.701,7.990,344.481,229.554
denied,154.748,345.0879,80.737,9.080,344.839,231.197
denied,154.855,345.5960,80.741,10.037,345.123,232.610
denied,154.953,346.0224,80.756,11.014,345.375,233.967
denied,155.056,346.3169,80.743,12.349,345.626,235.446
denied,155.154,346.7366,80.736,13.389,345.846,236.869
denied,155.253,347.1868,80.717,14.443,346.051,238.355
denied,155.353,347.7457,80.669,15.607,346.259,240.082
denied,155.466,348.1818,80.601,16.686,346.412,241.574
denied,155.565,348.5536,80.521,17.851,346.541,243.068
denied,155.665,348.9803,80.415,18.935,346.646,244.564
denied,155.765,349.3116,80.279,20.111,346.723,246.001
denied,155.865,349.7199,80.148,21.199,346.779,247.499
denied,155.965,350.0827,79.974,22.378,346.809,248.998
denied,156.065,350.4843,79.796,23.472,346.815,250.497
denied,156.169,350.8356,79.614,24.562,346.797,251.936
denied,156.272,351.1788,79.388,25.744,346.753,253.433
denied,156.371,351.6277,79.170,26.835,346.678,255.050
denied,156.471,351.9090,78.883,28.121,346.581,256.545
denied,156.571,352.2744,78.622,29.214,346.459,258.037
denied,156.671,352.5555,78.344,30.371,346.318,259.468
denied,156.771,352.8613,78.063,31.465,346.153,260.896
denied,156.872,353.1688,77.757,32.555,345.965,262.322
denied,156.971,353.4646,77.440,33.645,345.753,263.743
denied,157.071,353.9072,77.103,34.736,345.466,265.457
denied,157.171,354.1273,76.668,36.011,345.202,266.870
denied,157.275,354.4049,76.288,37.102,344.914,268.279
denied,157.376,354.6704,75.884,38.248,344.589,269.741
denied,157.475,354.9432,75.455,39.338,344.253,271.140
denied,157.575,355.2042,75.011,40.429,343.894,272.533
denied,157.675,355.4870,74.548,41.514,343.494,273.977
denied,157.775,355.8183,73.963,42.779,342.999,275.644
denied,157.875,356.0808,73.467,43.853,342.544,277.073
denied,157.981,356.2679,72.918,45.000,342.103,278.380
denied,158.081,356.5124,72.360,46.071,341.621,279.737
denied,158.181,356.7480,71.733,47.232,341.093,281.142
denied,158.281,357.0055,71.175,48.211,340.563,282.482
denied,158.381,357.2487,70.479,49.364,339.987,283.868
denied,158.503,357.5442,69.837,50.417,339.312,285.408
denied,158.603,357.7697,69.161,51.468,338.709,286.718
denied,158.703,358.0018,68.393,52.601,338.058,288.071
denied,158.803,358.2291,67.656,53.646,337.409,289.359
denied,158.903,358.4685,66.820,54.768,336.710,290.690
denied,159.003,358.6946,65.923,55.924,336.017,291.955
denied,159.106,358.9834,65.105,56.944,335.151,293.469
denied,159.204,359.2079,64.268,57.951,334.411,294.708
denied,159.310,359.4563,63.325,59.037,333.585,296.036
denied,159.410,359.6831,62.435,60.027,332.801,297.249
denied,159.510,359.9204,61.516,61.008,331.962,298.498
denied,159.610,360.1605,60.489,62.058,331.137,299.683
denied,159.710,360.4073,59.508,63.018,330.256,300.903
denied,159.818,360.6660,58.407,64.045,329.426,302.012
denied,159.919,360.9352,57.368,64.979,328.354,303.392
denied,160.019,361.1736,56.388,65.826,327.446,304.517
denied,160.119,361.4572,55.193,66.810,326.519,305.627
denied,160.218,361.7702,53.880,67.850,325.534,306.767
denied,160.318,362.0518,52.715,68.729,324.569,307.846
denied,160.434,362.3630,51.418,69.665,323.421,309.084
denied,160.534,362.6498,50.205,70.513,322.418,310.128
denied,160.634,362.9756,48.859,71.410,321.354,311.197
denied,160.733,363.2763,47.590,72.218,320.272,312.248
denied,160.834,363.6101,46.207,73.076,319.216,313.240
denied,160.935,363.9174,44.903,73.849,318.143,314.215
denied,161.033,364.1876,43.679,74.538,317.008,315.211
denied,161.134,364.5723,42.184,75.336,315.902,316.149
denied,161.235,364.9179,40.772,76.048,314.734,317.108
denied,161.334,365.2784,39.215,76.794,313.357,318.194
denied,161.436,365.6567,37.755,77.464,312.250,319.036
denied,161.534,366.0019,36.278,78.109,310.981,319.967
denied,161.638,366.4459,34.630,78.800,309.795,320.806
denied,161.737,366.7877,33.126,79.401,308.494,321.692
denied,161.838,367.2746,31.437,80.024,307.330,322.457
denied,161.938,367.6781,29.845,80.578,306.050,323.267
denied,162.038,368.1658,28.094,81.147,304.756,324.055
denied,162.138,368.6069,26.464,81.640,303.500,324.790
denied,162.238,368.9385,24.833,82.106,301.966,325.649
denied,162.337,369.4726,23.022,82.584,300.682,326.336
denied,162.437,369.9145,21.333,82.993,299.333,327.028
denied,162.538,370.4409,19.490,83.410,297.970,327.695
denied,162.641,370.9262,17.760,83.760,296.651,328.313
denied,162.737,371.5051,15.848,84.099,295.265,328.931
denied,162.839,372.0354,14.080,84.392,293.979,329.477
denied,162.937,372.5158,12.302,84.654,292.572,330.045
denied,163.038,373.1146,10.345,84.902,291.153,330.587
denied,163.139,373.4655,8.562,85.106,289.496,331.181
denied,163.237,374.0896,6.597,85.288,288.113,331.644
denied,163.338,374.6280,4.762,85.415,286.723,332.082
denied,163.438,375.2488,2.762,85.521,285.266,332.509
denied,163.537,375.7765,0.892,85.580,283.800,332.908
denied,163.638,376.4156,-1.127,85.602,282.326,333.277
denied,163.744,376.8652,-3.005,85.602,280.727,333.641
denied,163.844,377.5231,-5.053,85.548,279.239,333.947
denied,163.944,378.1163,-6.965,85.457,277.805,334.211
denied,164.046,378.8072,-9.049,85.320,276.305,334.454
denied,164.145,379.4514,-10.971,85.153,274.922,334.650
denied,164.245,380.1949,-13.059,84.931,273.475,334.824
denied,164.359,380.6240,-14.973,84.697,271.783,334.988
denied,164.459,381.3696,-17.061,84.398,270.330,335.095
denied,164.559,382.0112,-19.020,84.075,268.875,335.170
denied,164.659,382.6907,-21.083,83.713,267.359,335.215
denied,164.760,383.2321,-22.980,83.335,265.843,335.224
denied,164.859,383.9021,-25.012,82.882,264.327,335.198
denied,164.966,384.2738,-26.872,82.433,262.631,335.126
denied,165.073,384.9338,-28.724,81.938,261.301,335.038
denied,165.179,385.4500,-30.733,81.366,259.611,334.885
denied,165.279,385.9737,-32.515,80.788,258.167,334.716
denied,165.379,386.5402,-34.343,80.092,256.668,334.505
denied,165.479,386.9616,-35.948,79.410,255.235,334.267
denied,165.579,387.4272,-37.619,78.631,253.749,333.982
denied,165.679,387.7823,-39.113,77.870,252.330,333.675
denied,165.779,388.0421,-40.559,77.095,250.862,333.318
denied,165.878,388.2045,-41.857,76.356,249.461,332.942
denied,165.978,388.8963,-43.642,75.265,248.013,332.515
denied,166.079,388.8624,-45.006,74.436,246.348,331.976
denied,166.189,389.2953,-46.399,73.503,245.096,331.536
denied,166.291,389.3053,-47.560,72.675,243.686,331.005
denied,166.392,389.3990,-48.922,71.673,242.123,330.371
denied,166.499,389.6462,-50.163,70.717,240.853,329.819
denied,166.605,389.9179,-51.588,69.571,239.378,329.137
denied,166.705,390.0158,-52.788,68.593,238.029,328.474
denied,166.804,390.1757,-53.971,67.579,236.749,327.808
denied,166.905,390.3358,-55.133,66.533,235.485,327.114
denied,167.005,390.7463,-56.465,65.290,234.238,326.394
denied,167.105,390.8857,-57.588,64.215,233.007,325.646
denied,167.207,390.8609,-58.784,63.015,231.542,324.708
denied,167.318,390.9919,-59.864,61.891,230.351,323.903
denied,167.418,391.2491,-61.010,60.647,229.177,323.073
denied,167.518,391.3806,-62.052,59.472,228.023,322.217
denied,167.644,391.3182,-63.071,58.292,226.748,321.226
denied,167.745,391.3640,-64.064,57.097,225.591,320.282
denied,167.847,391.5927,-65.118,55.787,224.501,319.351
denied,167.945,391.6255,-66.068,54.565,223.388,318.357
denied,168.044,391.8408,-67.072,53.223,222.342,317.380
denied,168.145,391.9262,-67.977,51.967,221.318,316.381
denied,168.250,391.9105,-68.972,50.523,220.111,315.145
denied,168.345,391.9978,-69.835,49.227,219.138,314.099
denied,168.444,392.0630,-70.679,47.950,218.189,313.033
denied,168.551,392.0825,-71.562,46.529,217.150,311.810
denied,168.650,392.1474,-72.346,45.203,216.254,310.702
denied,168.750,392.3350,-73.176,43.754,215.382,309.575
denied,168.851,392.3930,-73.917,42.409,214.537,308.430
denied,168.950,392.5750,-74.692,40.930,213.718,307.267
denied,169.051,392.3424,-75.386,39.563,212.763,305.839
denied,169.151,392.5116,-76.111,38.076,212.003,304.638
denied,169.252,392.6755,-76.805,36.577,211.271,303.422
denied,169.351,392.6671,-77.424,35.183,210.537,302.139
denied,169.452,392.5994,-77.971,33.897,209.862,300.892
denied,169.551,392.6496,-78.540,32.479,209.216,299.631
denied,169.662,392.7004,-79.136,30.944,208.548,298.249
denied,169.761,392.6935,-79.657,29.517,207.938,296.906
denied,169.861,392.7909,-80.193,27.973,207.361,295.550
denied,169.965,392.6253,-80.667,26.539,206.753,294.016
denied,170.070,392.9450,-81.173,24.838,206.285,292.745
denied,170.170,392.9881,-81.600,23.405,205.826,291.408
denied,170.270,393.0883,-82.028,21.837,205.381,290.006
denied,170.380,392.9928,-82.384,20.360,204.939,288.481
denied,170.486,393.1566,-82.731,18.742,204.579,287.117
denied,170.586,393.3108,-83.062,17.149,204.251,285.745
denied,170.686,393.3103,-83.361,15.705,203.944,284.310
denied,170.787,393.3663,-83.612,14.227,203.681,282.926
denied,170.887,393.4766,-83.859,12.628,203.442,281.480
denied,170.995,393.3574,-84.051,11.139,203.216,279.854
denied,171.094,393.3800,-84.222,9.658,203.051,278.399
denied,171.194,393.5423,-84.378,8.053,202.926,277.000
denied,171.294,393.7033,-84.481,6.428,202.833,275.598
denied,171.397,393.7014,-84.571,4.819,202.766,273.962
denied,171.495,393.7738,-84.657,3.378,202.744,272.560
denied,171.594,393.9416,-84.688,1.775,202.754,271.158
denied,171.694,393.9027,-84.686,0.418,202.798,269.699
denied,171.799,393.8772,-84.666,-1.046,202.886,268.126
denied,171.894,394.1634,-84.583,-2.829,202.997,266.731
denied,171.994,394.2546,-84.534,-4.253,203.141,265.340
denied,172.098,394.4261,-84.452,-5.792,203.316,263.952
denied,172.199,394.5194,-84.319,-7.232,203.523,262.570
denied,172.298,394.5911,-84.157,-8.678,203.771,261.136
denied,172.399,394.6374,-83.995,-10.178,204.089,259.537
denied,172.498,394.8885,-83.896,-11.687,204.395,258.175
denied,172.598,395.1145,-83.772,-13.186,204.747,256.763
denied,172.698,395.3356,-83.638,-14.645,205.130,255.361
denied,172.798,395.4627,-83.500,-15.891,205.528,254.023
denied,172.898,395.6386,-83.299,-17.239,205.954,252.692
denied,172.998,395.6932,-83.052,-18.455,206.428,251.312
denied,173.098,395.6802,-82.717,-19.760,207.013,249.719
denied,173.199,395.7162,-82.363,-20.985,207.549,248.352
denied,173.298,395.7933,-81.911,-22.310,208.090,247.044
denied,173.399,395.8090,-81.439,-23.533,208.658,245.742
denied,173.499,395.8668,-80.881,-24.877,209.250,244.445
denied,173.600,395.8191,-80.314,-26.119,209.948,242.992
denied,173.699,395.8516,-79.649,-27.472,210.594,241.707
denied,173.798,395.8356,-79.002,-28.724,211.293,240.376
denied,173.899,395.8124,-78.312,-29.976,212.018,239.052
denied,173.998,395.7790,-77.648,-31.130,212.738,237.789
denied,174.098,395.7456,-76.829,-32.491,213.606,236.326
denied,174.203,395.7579,-76.038,-33.745,214.309,235.184
denied,174.304,395.7482,-75.222,-34.999,215.096,233.947
denied,174.403,395.6890,-74.378,-36.247,216.075,232.467
denied,174.503,395.7151,-73.246,-37.837,216.941,231.202
denied,174.605,395.7087,-72.277,-39.168,217.827,229.950
denied,174.703,395.7084,-71.422,-40.353,218.734,228.710
denied,174.806,395.6838,-70.494,-41.555,219.696,227.434
denied,174.904,395.6833,-69.467,-42.858,220.640,226.220
denied,175.008,395.6805,-68.415,-44.146,221.562,225.068
denied,175.110,395.6694,-67.429,-45.326,222.539,223.881
denied,175.203,395.6560,-66.516,-46.390,223.493,222.755
denied,175.304,395.6524,-65.421,-47.634,224.460,221.642
denied,175.406,395.6486,-64.400,-48.774,225.607,220.361
denied,175.504,395.6432,-63.279,-49.984,226.438,219.456
denied,175.604,395.6365,-62.230,-51.084,227.659,218.161
denied,175.704,395.6257,-61.169,-52.161,228.727,217.061
denied,175.805,395.6025,-60.012,-53.299,229.722,216.062
denied,175.907,395.5834,-58.938,-54.326,230.773,215.033
denied,176.007,395.5472,-57.756,-55.415,231.837,214.017
denied,176.103,395.5145,-56.654,-56.389,232.958,212.974
denied,176.203,395.4856,-55.448,-57.418,234.276,211.783
denied,176.303,395.4405,-54.325,-58.342,235.380,210.812
denied,176.403,395.3726,-53.096,-59.310,236.543,209.816
denied,176.503,395.3220,-51.951,-60.183,237.720,208.835
denied,176.603,395.2224,-50.699,-61.096,238.813,207.946
denied,176.704,395.1848,-49.535,-61.910,240.159,206.881
denied,176.803,395.0786,-48.267,-62.761,241.325,205.984
denied,176.908,394.9925,-47.089,-63.517,242.503,205.101
denied,177.008,394.8567,-45.805,-64.306,243.642,204.268
denied,177.108,394.8095,-44.610,-65.011,245.043,203.273
denied,177.209,394.6881,-43.305,-65.749,246.306,202.400
denied,177.308,394.5675,-42.094,-66.402,247.479,201.612
denied,177.408,394.4746,-40.874,-67.035,248.765,200.770
denied,177.510,394.4309,-39.650,-67.646,250.218,199.846
denied,177.609,394.2261,-38.314,-68.280,251.318,199.167
denied,177.710,394.1274,-37.074,-68.842,252.637,198.373
denied,177.808,393.9706,-35.671,-69.441,254.019,197.565
denied,177.910,393.9481,-34.422,-69.954,255.575,196.686
denied,178.008,393.7942,-33.072,-70.494,256.872,195.975
denied,178.108,393.6738,-31.812,-70.961,258.179,195.280
denied,178.209,393.5001,-30.442,-71.442,259.494,194.601
denied,178.310,393.4553,-29.278,-71.832,260.873,193.911
denied,178.408,393.1694,-27.739,-72.315,262.150,193.291
denied,178.517,393.1181,-26.462,-72.695,263.658,192.582
denied,178.617,392.9755,-25.183,-73.057,264.950,191.995
denied,178.717,392.9204,-23.794,-73.421,266.590,191.276
denied,178.817,392.8342,-22.514,-73.738,268.011,190.675
denied,178.925,392.6369,-21.128,-74.059,269.325,190.139
denied,179.022,392.5293,-19.849,-74.334,270.703,189.595
denied,179.124,392.4754,-18.464,-74.612,272.319,188.983
denied,179.222,392.4077,-17.186,-74.849,273.769,188.455
denied,179.322,392.2489,-15.804,-75.083,275.167,187.966
denied,179.422,392.1917,-14.529,-75.282,276.631,187.474
denied,179.522,392.1085,-13.254,-75.461,278.041,187.020
denied,179.622,391.9630,-11.878,-75.636,279.458,186.583
denied,179.722,391.8120,-10.494,-75.787,280.879,186.163
denied,179.824,391.8709,-9.118,-75.920,282.665,185.663
denied,179.923,391.8181,-7.856,-76.028,284.099,185.283
denied,180.022,391.6837,-6.479,-76.120,285.538,184.921
