phase,t_s,error_m,est_n,est_e,truth_n,truth_e
baseline,0.000,1.4854,-179.358,56.672,-179.283,58.155
baseline,0.100,1.6627,-178.963,55.137,-178.940,56.800
baseline,0.200,1.6055,-178.626,53.840,-178.594,55.445
baseline,0.300,1.5488,-178.252,52.425,-178.212,53.974
baseline,0.400,1.5498,-177.795,50.720,-177.763,52.269
baseline,0.501,1.6096,-177.412,49.309,-177.403,50.918
baseline,0.600,1.7286,-176.992,47.782,-177.022,49.510
baseline,0.700,1.6707,-176.600,46.374,-176.621,48.045
baseline,0.800,1.7319,-176.169,44.850,-176.214,46.581
baseline,0.900,1.6753,-175.768,43.444,-175.803,45.118
baseline,1.010,1.6192,-175.328,41.921,-175.354,43.540
baseline,1.107,1.5635,-174.918,40.517,-174.933,42.081
baseline,1.207,1.6245,-174.468,38.998,-174.507,40.622
baseline,1.307,1.6263,-174.049,37.597,-174.093,39.223
baseline,1.407,1.7456,-173.590,36.082,-173.675,37.825
baseline,1.507,1.6869,-173.162,34.685,-173.235,36.371
baseline,1.607,1.8045,-172.693,33.175,-172.808,34.975
baseline,1.709,1.5098,-172.256,31.782,-172.286,33.291
baseline,1.807,1.4509,-171.814,30.390,-171.831,31.841
baseline,1.908,1.5680,-171.330,28.883,-171.390,30.450
baseline,2.012,1.5098,-170.878,27.493,-170.925,29.002
baseline,2.108,1.6277,-170.382,25.989,-170.474,27.614
baseline,2.207,1.5700,-169.920,24.601,-170.000,26.169
baseline,2.307,1.6297,-169.414,23.099,-169.522,24.725
baseline,2.407,1.5724,-168.942,21.713,-169.038,23.283
baseline,2.508,1.5744,-168.426,20.213,-168.531,21.784
baseline,2.607,1.6355,-167.946,18.830,-168.078,20.460
baseline,2.707,1.6976,-167.422,17.332,-167.581,19.022
baseline,2.807,1.6997,-166.934,15.951,-167.099,17.643
baseline,2.907,1.4659,-166.402,14.458,-166.492,15.921
baseline,3.007,1.5251,-165.906,13.082,-166.022,14.603
baseline,3.107,1.7010,-165.366,11.595,-165.548,13.286
baseline,3.207,1.6405,-164.863,10.224,-165.029,11.856
baseline,3.307,1.6972,-164.313,8.741,-164.505,10.428
baseline,3.408,1.6358,-163.803,7.375,-163.976,9.001
baseline,3.508,1.3992,-163.287,6.009,-163.379,7.405
baseline,3.620,1.6311,-162.723,4.531,-162.906,6.152
baseline,3.720,1.5702,-162.198,3.169,-162.364,4.730
baseline,3.819,1.6274,-161.622,1.694,-161.818,3.309
baseline,3.920,1.5665,-161.087,0.334,-161.267,1.890
baseline,4.022,1.3889,-160.501,-1.138,-160.623,0.246
baseline,4.120,1.3870,-159.955,-2.495,-160.086,-1.114
baseline,4.219,1.5018,-159.359,-3.962,-159.544,-2.472
baseline,4.327,1.5586,-158.805,-5.315,-159.021,-3.772
baseline,4.428,1.6145,-158.202,-6.778,-158.449,-5.183
baseline,4.527,1.3165,-157.641,-8.126,-157.781,-6.817
baseline,4.626,1.6666,-157.029,-9.585,-157.317,-7.943
baseline,4.727,1.3677,-156.461,-10.929,-156.639,-9.573
baseline,4.831,1.2476,-155.888,-12.272,-156.027,-11.032
baseline,4.926,1.4790,-155.193,-13.892,-155.434,-12.433
baseline,5.027,1.5345,-154.565,-15.342,-154.838,-13.832
baseline,5.126,1.5306,-153.982,-16.678,-154.261,-15.173
baseline,5.226,1.5270,-153.395,-18.013,-153.681,-16.513
baseline,5.326,1.6419,-152.756,-19.457,-153.097,-17.851
baseline,5.427,1.5790,-152.161,-20.788,-152.485,-19.243
baseline,5.529,1.6952,-151.512,-22.229,-151.894,-20.577
baseline,5.632,1.3949,-150.960,-23.446,-151.225,-22.077
baseline,5.732,1.5105,-150.303,-24.883,-150.626,-23.407
baseline,5.832,1.4483,-149.695,-26.208,-149.998,-24.792
baseline,5.932,1.5041,-149.032,-27.641,-149.366,-26.174
baseline,6.033,1.4413,-148.416,-28.962,-148.730,-27.555
baseline,6.132,1.4376,-147.797,-30.280,-148.117,-28.879
baseline,6.232,1.4934,-147.120,-31.706,-147.473,-30.255
baseline,6.332,1.6692,-146.413,-33.185,-146.852,-31.575
baseline,6.432,1.3691,-145.779,-34.499,-146.096,-33.167
baseline,6.532,1.5471,-145.088,-35.921,-145.493,-34.428
baseline,6.649,1.3674,-144.447,-37.232,-144.781,-35.906
baseline,6.749,1.2482,-143.857,-38.433,-144.145,-37.219
baseline,6.849,1.4863,-143.157,-39.851,-143.558,-38.420
baseline,6.949,1.3661,-142.452,-41.266,-142.806,-39.946
baseline,7.049,1.5446,-141.717,-42.733,-142.158,-41.253
baseline,7.148,1.5443,-141.059,-44.036,-141.507,-42.558
baseline,7.249,1.6641,-140.341,-45.445,-140.851,-43.861
baseline,7.349,1.3644,-139.674,-46.745,-140.054,-45.434
baseline,7.450,1.4245,-138.947,-48.151,-139.362,-46.788
baseline,7.553,1.4845,-138.272,-49.447,-138.722,-48.032
baseline,7.653,1.5440,-137.536,-50.848,-138.022,-49.382
baseline,7.753,1.4839,-136.853,-52.140,-137.318,-50.731
baseline,7.853,1.5432,-136.167,-53.430,-136.667,-51.970
baseline,7.953,1.6025,-135.419,-54.825,-135.955,-53.314
baseline,8.054,1.3023,-134.725,-56.111,-135.124,-54.871
baseline,8.154,1.4229,-133.968,-57.503,-134.432,-56.158
baseline,8.254,1.4228,-133.264,-58.785,-133.737,-57.443
baseline,8.353,1.4834,-132.498,-60.172,-133.008,-58.779
baseline,8.453,1.4851,-131.787,-61.452,-132.305,-60.060
baseline,8.553,1.5474,-131.013,-62.836,-131.568,-61.392
baseline,8.653,1.5498,-130.294,-64.112,-130.857,-62.668
baseline,8.753,1.3711,-129.511,-65.491,-129.993,-64.208
baseline,8.853,1.3725,-128.784,-66.762,-129.274,-65.480
baseline,8.953,1.4949,-127.993,-68.137,-128.551,-66.750
baseline,9.053,1.4356,-127.258,-69.402,-127.793,-68.070
baseline,9.153,1.5569,-126.457,-70.770,-127.062,-69.336
baseline,9.253,1.3153,-125.714,-72.030,-126.204,-70.810
baseline,9.354,1.3742,-124.968,-73.287,-125.496,-72.018
baseline,9.453,1.4329,-124.156,-74.646,-124.722,-73.329
baseline,9.553,1.3704,-123.403,-75.897,-123.944,-74.638
baseline,9.653,1.3679,-122.646,-77.146,-123.194,-75.892
baseline,9.753,1.4261,-121.823,-78.496,-122.408,-77.196
baseline,9.853,1.1832,-121.059,-79.741,-121.523,-78.653
baseline,9.953,1.3026,-120.227,-81.088,-120.761,-79.900
baseline,10.057,1.3622,-119.456,-82.329,-120.027,-81.092
baseline,10.159,1.2417,-118.616,-83.672,-119.128,-82.541
baseline,10.261,1.3026,-117.837,-84.910,-118.387,-83.729
baseline,10.358,1.4245,-116.988,-86.248,-117.610,-84.966
baseline,10.458,1.3645,-116.199,-87.479,-116.796,-86.252
baseline,10.560,1.4251,-115.341,-88.810,-115.978,-87.535
baseline,10.660,1.1228,-114.544,-90.035,-115.025,-89.021
baseline,10.758,1.1227,-113.743,-91.258,-114.232,-90.247
baseline,10.863,1.2439,-112.872,-92.580,-113.436,-91.471
baseline,10.963,1.1842,-112.065,-93.799,-112.602,-92.744
baseline,11.069,1.1242,-111.253,-95.015,-111.765,-94.013
baseline,11.168,1.1853,-110.371,-96.329,-110.924,-95.281
baseline,11.268,1.1259,-109.552,-97.540,-110.079,-96.545
baseline,11.368,1.0663,-108.730,-98.749,-109.230,-97.807
baseline,11.468,1.1878,-107.836,-100.054,-108.412,-99.015
baseline,11.568,1.1885,-107.007,-101.257,-107.590,-100.222
baseline,11.673,1.0685,-106.174,-102.458,-106.696,-101.525
baseline,11.773,1.1315,-105.268,-103.757,-105.833,-102.776
baseline,11.875,1.1343,-104.427,-104.954,-105.000,-103.975
baseline,11.976,0.9563,-103.513,-106.249,-103.990,-105.420
baseline,12.073,0.9596,-102.667,-107.442,-103.150,-106.613
baseline,12.173,1.2054,-101.676,-108.830,-102.306,-107.803
baseline,12.273,1.3921,-100.750,-110.118,-101.495,-108.942
baseline,12.373,1.3356,-99.891,-111.303,-100.610,-110.177
baseline,12.473,1.4612,-98.957,-112.584,-99.756,-111.360
baseline,12.573,1.4046,-98.091,-113.763,-98.863,-112.590
baseline,12.673,1.2265,-97.149,-115.037,-97.823,-114.013
baseline,12.774,1.2303,-96.276,-116.211,-96.958,-115.187
baseline,12.873,1.1728,-95.400,-117.381,-96.054,-116.408
baseline,12.973,1.2969,-94.448,-118.646,-95.183,-117.577
baseline,13.073,1.2990,-93.566,-119.810,-94.308,-118.744
baseline,13.173,1.3635,-92.604,-121.068,-93.393,-119.957
baseline,13.273,1.3063,-91.712,-122.227,-92.475,-121.166
baseline,13.373,1.1280,-90.741,-123.479,-91.404,-122.566
baseline,13.478,1.1928,-89.842,-124.633,-90.552,-123.674
baseline,13.573,1.1965,-88.940,-125.783,-89.660,-124.828
baseline,13.672,1.3831,-87.958,-127.027,-88.801,-125.930
baseline,13.775,1.2656,-86.973,-128.267,-87.752,-127.270
baseline,13.873,1.2078,-86.060,-129.408,-86.812,-128.463
baseline,13.974,1.2106,-85.145,-130.547,-85.906,-129.606
baseline,14.073,1.1523,-84.228,-131.684,-84.958,-130.793
baseline,14.173,1.3377,-83.230,-132.914,-84.084,-131.884
baseline,14.273,1.2803,-82.306,-134.046,-83.130,-133.066
baseline,14.373,1.1033,-81.300,-135.271,-82.019,-134.434
baseline,14.473,1.0479,-80.368,-136.399,-81.057,-135.610
baseline,14.573,1.1755,-79.354,-137.618,-80.131,-136.736
baseline,14.673,1.1812,-78.414,-138.740,-79.202,-137.860
baseline,14.773,1.2473,-77.473,-139.860,-78.308,-138.934
baseline,14.873,1.0725,-76.448,-141.071,-77.178,-140.285
baseline,14.973,1.0799,-75.498,-142.186,-76.239,-141.400
baseline,15.073,1.1496,-74.465,-143.392,-75.257,-142.559
baseline,15.174,1.2184,-73.509,-144.502,-74.351,-143.622
baseline,15.273,1.3488,-72.469,-145.703,-73.402,-144.728
baseline,15.373,1.2968,-71.506,-146.808,-72.411,-145.878
baseline,15.473,1.1255,-70.459,-148.002,-71.256,-147.208
baseline,15.572,1.0754,-69.489,-149.102,-70.258,-148.351
baseline,15.673,1.2675,-68.435,-150.290,-69.336,-149.399
baseline,15.773,1.2160,-67.459,-151.383,-68.331,-150.536
baseline,15.873,1.3463,-66.399,-152.563,-67.364,-151.624
baseline,15.973,1.2936,-65.418,-153.648,-66.352,-152.754
baseline,16.073,1.4227,-64.351,-154.820,-65.378,-153.836
baseline,16.174,1.3687,-63.364,-155.898,-64.360,-154.959
baseline,16.273,1.1940,-62.291,-157.062,-63.174,-156.259
baseline,16.373,1.2005,-61.297,-158.134,-62.190,-157.332
baseline,16.473,1.3273,-60.218,-159.291,-61.202,-158.401
baseline,16.573,1.3321,-59.218,-160.355,-60.211,-159.467
baseline,16.674,1.2753,-58.217,-161.415,-59.176,-160.575
baseline,16.773,1.1569,-57.129,-162.559,-58.012,-161.812
baseline,16.873,1.0986,-56.122,-163.612,-56.969,-162.913
baseline,16.975,1.2206,-55.029,-164.749,-55.965,-163.967
baseline,17.075,1.1613,-54.017,-165.796,-54.916,-165.062
baseline,17.173,1.1619,-53.002,-166.840,-53.905,-166.110
baseline,17.273,1.3430,-51.899,-167.967,-52.934,-167.111
baseline,17.379,1.2239,-50.791,-169.090,-51.748,-168.326
baseline,17.478,1.2263,-49.765,-170.124,-50.728,-169.365
baseline,17.577,1.2901,-48.648,-171.242,-49.662,-170.443
baseline,17.677,1.3538,-47.571,-172.313,-48.635,-171.475
baseline,17.778,1.1776,-46.447,-173.423,-47.391,-172.719
baseline,17.877,1.4226,-45.406,-174.445,-46.530,-173.573
baseline,17.978,1.2468,-44.275,-175.549,-45.278,-174.809
baseline,18.077,1.3109,-43.228,-176.564,-44.282,-175.785
baseline,18.177,1.3758,-42.090,-177.662,-43.197,-176.844
baseline,18.278,1.3798,-41.038,-178.672,-42.152,-177.857
baseline,18.378,1.2638,-39.896,-179.763,-40.929,-179.034
baseline,18.478,1.2679,-38.838,-180.767,-39.877,-180.040
baseline,18.577,1.3318,-37.689,-181.851,-38.779,-181.085
baseline,18.679,1.3350,-36.626,-182.848,-37.721,-182.084
baseline,18.777,1.4583,-35.471,-183.923,-36.661,-183.080
baseline,18.877,1.2812,-34.402,-184.912,-35.465,-184.197
baseline,18.978,1.4046,-33.239,-185.980,-34.398,-185.186
baseline,19.077,1.3476,-32.164,-186.961,-33.285,-186.213
baseline,19.177,1.4702,-30.996,-188.021,-32.213,-187.195
baseline,19.278,1.1742,-29.915,-188.995,-30.914,-188.378
baseline,19.377,1.2361,-28.832,-189.966,-29.881,-189.312
baseline,19.477,1.3576,-27.655,-191.014,-28.800,-190.284
baseline,19.578,1.3592,-26.566,-191.977,-27.716,-191.253
baseline,19.677,1.2410,-25.384,-193.016,-26.448,-192.379
baseline,19.778,1.2415,-24.290,-193.971,-25.359,-193.340
baseline,19.877,1.4199,-23.102,-195.001,-24.312,-194.259
baseline,19.978,1.4191,-22.003,-195.948,-23.217,-195.214
baseline,20.078,1.2402,-20.809,-196.970,-21.891,-196.363
baseline,20.177,1.2398,-19.705,-197.910,-20.790,-197.311
baseline,20.278,1.3591,-18.505,-198.926,-19.687,-198.256
baseline,20.379,1.3606,-17.394,-199.862,-18.582,-199.198
baseline,20.477,1.3625,-16.280,-200.795,-17.473,-200.137
baseline,20.578,1.1295,-15.068,-201.802,-16.083,-201.306
baseline,20.678,1.3700,-13.946,-202.729,-15.154,-202.084
baseline,20.779,1.1389,-12.727,-203.730,-13.757,-203.245
baseline,20.878,1.2612,-11.505,-204.728,-12.637,-204.171
baseline,20.977,1.2658,-10.374,-205.646,-11.514,-205.094
baseline,21.077,1.2700,-9.241,-206.560,-10.388,-206.014
baseline,21.177,1.4522,-8.010,-207.548,-9.307,-206.893
baseline,21.277,1.1635,-6.871,-208.456,-7.940,-207.997
baseline,21.379,1.2866,-5.633,-209.437,-6.806,-208.907
baseline,21.477,1.2931,-4.487,-210.338,-5.669,-209.814
baseline,21.577,1.3590,-3.243,-211.312,-4.483,-210.755
baseline,21.677,1.1901,-2.093,-212.207,-3.199,-211.767
baseline,21.777,1.3145,-0.844,-213.174,-2.055,-212.664
baseline,21.878,1.3213,0.311,-214.064,-0.909,-213.557
baseline,21.977,1.3872,1.565,-215.024,0.287,-214.484
baseline,22.077,1.3944,2.725,-215.908,1.438,-215.370
baseline,22.177,1.5187,3.983,-216.861,2.591,-216.253
baseline,22.277,1.2333,5.147,-217.736,3.988,-217.316
baseline,22.377,1.3556,6.411,-218.680,5.146,-218.192
baseline,22.477,1.3033,7.580,-219.548,6.356,-219.101
baseline,22.578,1.4259,8.848,-220.485,7.519,-219.970
baseline,22.677,1.3729,10.021,-221.345,8.733,-220.871
baseline,22.778,1.4949,11.295,-222.274,9.901,-221.734
baseline,22.877,1.2681,12.472,-223.128,11.266,-222.735
baseline,22.977,1.3878,13.749,-224.050,12.439,-223.590
baseline,23.077,1.3912,14.929,-224.897,13.615,-224.441
baseline,23.177,1.5100,16.210,-225.809,14.792,-225.289
baseline,23.279,1.5123,17.395,-226.648,15.972,-226.134
baseline,23.377,1.2264,18.582,-227.482,17.401,-227.149
baseline,23.477,1.2862,19.871,-228.382,18.636,-228.020
baseline,23.577,1.2887,21.062,-229.209,19.824,-228.853
baseline,23.677,1.4066,22.357,-230.101,21.014,-229.682
baseline,23.778,1.4093,23.553,-230.920,22.206,-230.508
baseline,23.877,1.4706,24.853,-231.805,23.450,-231.364
baseline,23.978,1.1880,26.054,-232.617,24.896,-232.352
baseline,24.077,1.3041,27.358,-233.492,26.095,-233.166
baseline,24.177,1.3073,28.564,-234.297,27.297,-233.976
baseline,24.280,1.3677,29.873,-235.166,28.550,-234.816
baseline,24.378,1.3144,31.084,-235.964,29.807,-235.652
baseline,24.477,1.2622,32.297,-236.759,31.065,-236.484
baseline,24.577,1.3241,33.616,-237.616,32.327,-237.312
baseline,24.677,1.3292,34.835,-238.403,33.540,-238.104
baseline,24.777,1.3925,36.160,-239.252,34.806,-238.924
baseline,24.877,1.3415,37.385,-240.031,36.075,-239.741
baseline,24.978,1.4040,38.714,-240.870,37.347,-240.553
baseline,25.077,1.4659,40.046,-241.705,38.621,-241.362
baseline,25.177,1.5281,41.380,-242.536,39.897,-242.167
baseline,25.277,1.4764,42.615,-243.300,41.176,-242.968
baseline,25.377,1.5383,43.954,-244.124,42.458,-243.766
baseline,25.477,1.5424,45.193,-244.880,43.691,-244.527
baseline,25.577,1.3774,46.538,-245.695,45.184,-245.443
baseline,25.677,1.3830,47.783,-246.445,46.422,-246.197
baseline,25.777,1.3889,49.030,-247.191,47.663,-246.947
baseline,25.878,1.4533,50.385,-247.996,48.957,-247.725
baseline,25.977,1.4611,51.638,-248.734,50.202,-248.467
baseline,26.077,1.4116,52.789,-249.407,51.397,-249.175
baseline,26.177,1.3082,54.152,-250.200,52.854,-250.033
baseline,26.279,1.4305,55.519,-250.988,54.106,-250.764
baseline,26.377,1.4972,56.783,-251.713,55.307,-251.461
baseline,26.477,1.4507,58.049,-252.435,56.615,-252.214
baseline,26.577,1.3492,59.423,-253.213,58.083,-253.054
baseline,26.677,1.3034,60.694,-253.927,59.397,-253.799
baseline,26.777,1.4241,62.072,-254.696,60.660,-254.511
baseline,26.877,1.3767,63.346,-255.401,61.978,-255.249
baseline,26.977,1.5548,64.782,-256.189,63.245,-255.953
baseline,27.078,1.6210,66.168,-256.943,64.568,-256.683
baseline,27.178,1.4048,67.450,-257.634,66.052,-257.495
baseline,27.277,1.3584,68.733,-258.322,67.379,-258.216
baseline,27.377,1.4232,70.126,-259.062,68.709,-258.933
baseline,27.477,1.4868,71.413,-259.741,69.934,-259.589
baseline,27.577,1.5515,72.809,-260.473,71.268,-260.298
baseline,27.677,1.5033,74.100,-261.145,72.604,-261.003
baseline,27.777,1.5680,75.501,-261.868,73.942,-261.704
baseline,27.877,1.6326,76.796,-262.532,75.174,-262.345
baseline,27.977,1.5284,78.200,-263.247,76.677,-263.121
baseline,28.077,1.4800,79.497,-263.904,78.020,-263.808
baseline,28.177,1.5430,80.904,-264.611,79.365,-264.492
baseline,28.277,1.5497,82.204,-265.259,80.658,-265.145
baseline,28.377,1.7256,83.614,-265.957,81.899,-265.767
baseline,28.477,1.6751,84.918,-266.596,83.250,-266.439
baseline,28.577,1.4585,86.224,-267.232,84.766,-267.187
baseline,28.677,1.5199,87.640,-267.917,86.121,-267.850
baseline,28.778,1.4699,88.948,-268.545,87.478,-268.510
baseline,28.877,1.5859,90.367,-269.221,88.783,-269.139
baseline,28.977,1.5370,91.680,-269.840,90.144,-269.790
baseline,29.077,1.5450,93.106,-270.507,91.562,-270.463
baseline,29.177,1.6074,94.424,-271.120,92.818,-271.054
baseline,29.277,1.7270,95.853,-271.779,94.130,-271.668
baseline,29.377,1.4566,97.174,-272.384,95.718,-272.405
baseline,29.477,1.4081,98.496,-272.984,97.089,-273.035
baseline,29.577,1.5228,99.985,-273.656,98.462,-273.662
baseline,29.677,1.5831,101.420,-274.298,99.837,-274.284
baseline,29.777,1.5869,102.746,-274.887,101.159,-274.877
baseline,29.877,1.7029,104.185,-275.522,102.483,-275.467
baseline,29.977,1.7647,105.516,-276.105,103.753,-276.028
baseline,30.077,1.6034,106.960,-276.733,105.356,-276.730
denied,0.001,27.1730,108.293,-277.308,133.316,-287.902
denied,0.001,25.6027,109.737,-277.925,133.316,-287.902
denied,0.002,24.1554,111.069,-278.490,133.316,-287.902
denied,0.002,22.5892,112.513,-279.096,133.316,-287.902
denied,0.004,21.1443,113.847,-279.651,133.316,-287.902
denied,0.004,1.3696,134.678,-287.756,133.316,-287.902
denied,0.104,1.3453,136.014,-288.242,134.678,-288.396
denied,0.203,1.4259,137.462,-288.764,136.041,-288.886
denied,0.303,1.3423,138.797,-289.242,137.463,-289.392
denied,0.403,1.3626,140.243,-289.756,138.887,-289.894
denied,0.503,1.2745,141.577,-290.226,140.313,-290.391
denied,0.604,1.2885,143.020,-290.730,141.740,-290.885
denied,0.703,1.2479,144.350,-291.192,143.112,-291.354
denied,0.804,1.2551,145.790,-291.688,144.544,-291.839
denied,0.907,0.9450,147.117,-292.142,146.206,-292.396
denied,1.007,1.0464,148.553,-292.630,147.527,-292.833
denied,1.107,0.9945,149.879,-293.076,148.907,-293.286
denied,1.209,0.6976,151.202,-293.518,150.577,-293.827
denied,1.308,0.8728,152.631,-293.993,151.788,-294.216
denied,1.407,0.7583,153.948,-294.428,153.231,-294.674
denied,1.507,0.7827,155.371,-294.894,154.619,-295.110
denied,1.607,0.4932,156.683,-295.322,156.298,-295.630
denied,1.707,0.4940,158.100,-295.781,157.690,-296.056
denied,1.807,0.4220,159.403,-296.202,159.084,-296.478
denied,1.907,0.4081,160.808,-296.654,160.479,-296.896
denied,2.007,0.3292,162.102,-297.068,161.877,-297.309
denied,2.108,0.2753,163.499,-297.514,163.334,-297.734
denied,2.207,0.3393,164.784,-297.921,164.969,-298.205
denied,2.307,0.3182,166.169,-298.359,166.373,-298.603
denied,2.407,0.4095,167.443,-298.761,167.778,-298.997
denied,2.508,0.5233,168.713,-299.160,169.185,-299.386
denied,2.608,0.7875,170.079,-299.592,170.829,-299.833
denied,2.707,0.9264,171.341,-299.985,172.240,-300.211
denied,2.807,1.0249,172.705,-300.408,173.711,-300.599
denied,2.908,1.1826,173.956,-300.796,175.126,-300.966
denied,3.008,1.2417,175.306,-301.214,176.543,-301.329
denied,3.108,1.7789,176.546,-301.600,178.316,-301.774
denied,3.207,1.6145,177.886,-302.013,179.500,-302.066
denied,3.308,2.0978,179.123,-302.392,181.219,-302.482
denied,3.407,2.2447,180.458,-302.800,182.703,-302.834
denied,3.507,2.5069,181.682,-303.177,184.189,-303.180
denied,3.607,2.6800,182.998,-303.587,185.677,-303.519
denied,3.707,2.9563,184.212,-303.962,187.167,-303.851
denied,3.807,3.0139,185.533,-304.359,188.539,-304.151
denied,3.907,3.2893,186.754,-304.722,190.033,-304.470
denied,4.007,3.4202,188.067,-305.120,191.470,-304.770
denied,4.107,3.7107,189.280,-305.488,192.968,-305.075
denied,4.207,4.0855,190.591,-305.885,194.649,-305.408
denied,4.308,4.3948,191.792,-306.254,196.152,-305.697
denied,4.408,4.6283,193.080,-306.661,197.657,-305.979
denied,4.507,4.9557,194.272,-307.032,199.166,-306.253
denied,4.607,5.1971,195.561,-307.435,200.676,-306.519
denied,4.707,5.5324,196.754,-307.806,202.190,-306.776
denied,4.807,5.7847,198.043,-308.211,203.705,-307.025
denied,4.908,6.1182,199.244,-308.564,205.223,-307.265
denied,5.007,6.2965,200.552,-308.924,206.682,-307.487
denied,5.108,6.5636,201.764,-309.245,208.144,-307.700
denied,5.208,6.7479,203.076,-309.603,209.607,-307.905
denied,5.307,7.0763,204.293,-309.923,211.133,-308.109
denied,5.408,7.2586,205.619,-310.284,212.600,-308.296
denied,5.507,7.8182,206.848,-310.624,214.375,-308.510
denied,5.609,8.0002,208.190,-311.004,215.845,-308.678
denied,5.708,8.2159,209.440,-311.364,217.256,-308.831
denied,5.807,8.3947,210.808,-311.762,218.729,-308.982
denied,5.907,8.9393,212.079,-312.120,220.512,-309.151
denied,6.008,9.0516,213.473,-312.513,221.926,-309.276
denied,6.107,9.3665,214.768,-312.879,223.465,-309.402
denied,6.209,9.5557,216.162,-313.278,224.944,-309.512
denied,6.308,10.0995,217.456,-313.626,226.732,-309.631
denied,6.407,10.1415,218.761,-313.962,227.965,-309.704
denied,6.508,10.6704,220.077,-314.289,229.756,-309.797
denied,6.607,10.8885,221.516,-314.644,231.300,-309.864
denied,6.707,11.1341,222.853,-314.954,232.783,-309.918
denied,6.807,11.3462,224.294,-315.258,234.329,-309.962
denied,6.908,11.6391,225.642,-315.538,235.875,-309.994
denied,7.008,11.7989,227.081,-315.804,237.360,-310.013
denied,7.108,12.0542,228.389,-316.018,238.846,-310.021
denied,7.207,12.2896,229.775,-316.204,240.394,-310.018
denied,7.307,12.5661,231.030,-316.344,241.880,-310.005
denied,7.408,12.8208,232.370,-316.466,243.428,-309.980
denied,7.509,13.3845,233.592,-316.559,245.224,-309.938
denied,7.607,13.6552,234.902,-316.642,246.772,-309.891
denied,7.708,14.0158,236.103,-316.704,248.320,-309.835
denied,7.807,14.2850,237.413,-316.767,249.867,-309.771
denied,7.908,14.5961,238.683,-316.837,251.414,-309.699
denied,8.007,14.6774,240.168,-316.927,252.899,-309.623
denied,8.107,14.8243,241.576,-317.007,254.384,-309.542
denied,8.208,15.0784,243.116,-317.081,256.115,-309.440
denied,8.308,15.0904,244.605,-317.127,257.537,-309.350
denied,8.407,14.9624,246.309,-317.144,259.021,-309.252
denied,8.507,14.8889,247.932,-317.126,260.504,-309.148
denied,8.608,14.6503,249.733,-317.071,261.986,-309.041
denied,8.707,14.5562,251.412,-316.989,263.530,-308.924
denied,8.807,14.5292,253.246,-316.867,265.319,-308.784
denied,8.908,14.4368,254.898,-316.741,266.861,-308.661
denied,9.007,14.2235,256.671,-316.579,268.403,-308.536
denied,9.107,14.0547,258.314,-316.397,269.882,-308.415
denied,9.210,13.7901,260.056,-316.193,271.360,-308.294
denied,9.307,13.7193,261.632,-315.998,272.898,-308.169
denied,9.409,13.4333,263.359,-315.738,274.375,-308.050
denied,9.507,13.2892,264.962,-315.460,275.911,-307.929
denied,9.607,12.9102,266.725,-315.098,277.386,-307.816
denied,9.707,12.7231,268.332,-314.756,278.921,-307.702
denied,9.808,12.6843,270.019,-314.420,280.700,-307.578
denied,9.907,12.4911,271.538,-314.138,282.110,-307.485
denied,10.008,12.3454,273.103,-313.925,283.581,-307.396
denied,10.107,12.3487,274.603,-313.795,285.112,-307.311
denied,10.207,12.3784,276.085,-313.699,286.642,-307.236
denied,10.308,12.5619,277.414,-313.656,288.171,-307.169
denied,10.407,12.6294,278.830,-313.645,289.638,-307.112
denied,10.507,12.8620,280.124,-313.657,291.166,-307.060
denied,10.607,13.0150,281.519,-313.689,292.693,-307.016
denied,10.707,13.4807,282.800,-313.733,294.463,-306.971
denied,10.807,13.4206,284.294,-313.632,295.927,-306.939
denied,10.908,13.5006,285.650,-313.576,297.391,-306.912
denied,11.008,13.5741,287.094,-313.557,298.916,-306.886
denied,11.107,13.7719,288.410,-313.568,300.440,-306.865
denied,11.208,14.0569,289.822,-313.603,302.147,-306.845
denied,11.307,14.1807,291.117,-313.652,303.549,-306.831
denied,11.408,14.3311,292.511,-313.718,305.072,-306.819
denied,11.508,14.5804,293.793,-313.788,306.595,-306.810
denied,11.608,14.7452,295.178,-313.871,308.118,-306.802
denied,11.708,15.0051,296.453,-313.952,309.641,-306.794
denied,11.808,15.0919,297.866,-314.038,311.102,-306.787
denied,11.908,14.9926,299.398,-314.063,312.503,-306.781
denied,12.007,14.9226,300.940,-313.945,314.026,-306.773
denied,12.108,15.0512,302.482,-313.786,315.793,-306.762
denied,12.207,14.7594,304.163,-313.565,317.255,-306.751
denied,12.308,14.3634,305.877,-313.178,318.717,-306.740
denied,12.407,13.7311,307.802,-312.677,320.179,-306.730
denied,12.508,13.3043,309.585,-312.217,321.701,-306.720
denied,12.607,12.4990,311.654,-311.595,323.161,-306.713
denied,12.707,11.9184,313.569,-311.023,324.680,-306.711
denied,12.807,11.6470,315.460,-310.595,326.442,-306.716
denied,12.908,11.2516,317.191,-310.189,327.898,-306.729
denied,13.007,10.6478,319.070,-309.734,329.292,-306.750
denied,13.107,10.4038,320.690,-309.456,330.744,-306.781
denied,13.207,10.1125,322.420,-309.172,332.256,-306.824
denied,13.307,10.0402,323.952,-308.999,333.765,-306.877
denied,13.407,10.1463,325.555,-308.898,335.513,-306.952
denied,13.507,10.1868,326.998,-308.864,337.018,-307.028
denied,13.608,10.0828,328.534,-308.876,338.461,-307.109
denied,13.707,10.1144,329.935,-308.920,339.902,-307.197
denied,13.808,10.1052,331.440,-308.994,341.402,-307.296
denied,13.907,10.1004,332.822,-309.081,342.781,-307.393
denied,14.008,10.3405,334.313,-309.189,344.518,-307.519
denied,14.108,10.4033,335.687,-309.297,345.956,-307.626
denied,14.208,10.4087,337.181,-309.421,347.453,-307.740
denied,14.308,10.4532,338.573,-309.534,348.890,-307.850
denied,14.408,10.3754,340.092,-309.657,350.328,-307.960
denied,14.509,10.4113,341.494,-309.769,351.766,-308.069
denied,14.608,10.3931,343.012,-309.883,353.265,-308.180
denied,14.707,10.4611,344.437,-309.956,354.764,-308.288
denied,14.807,10.3998,346.198,-309.800,356.504,-308.410
denied,14.908,10.0603,347.939,-309.553,357.945,-308.506
denied,15.007,9.6505,349.816,-309.229,359.446,-308.602
denied,15.108,9.1637,351.786,-308.883,360.948,-308.694
denied,15.208,8.4514,353.941,-308.580,362.390,-308.779
denied,15.308,7.7799,356.068,-308.355,363.831,-308.863
denied,15.407,7.5662,357.983,-308.213,365.512,-308.961
denied,15.507,7.0695,360.005,-308.111,367.012,-309.046
denied,15.609,6.6613,361.819,-308.046,368.392,-309.124
denied,15.708,6.3574,363.589,-307.999,369.831,-309.204
denied,15.807,6.2043,365.449,-307.964,371.509,-309.295
denied,15.908,5.9879,367.132,-307.939,372.947,-309.370
denied,16.008,5.6689,368.923,-307.920,374.384,-309.441
denied,16.108,5.5025,370.552,-307.921,375.821,-309.508
denied,16.208,5.4437,372.304,-307.949,377.497,-309.581
denied,16.307,5.2938,373.900,-307.996,378.934,-309.637
denied,16.407,5.2044,375.485,-308.066,380.430,-309.690
denied,16.507,4.9333,377.187,-308.170,381.866,-309.734
denied,16.608,4.8540,378.740,-308.289,383.362,-309.772
denied,16.707,4.6607,380.401,-308.438,384.858,-309.801
denied,16.807,4.5417,381.920,-308.598,386.294,-309.820
denied,16.907,4.3216,383.545,-308.753,387.730,-309.830
denied,17.008,4.5269,385.033,-308.907,389.466,-309.827
denied,17.108,4.5037,386.516,-309.091,390.962,-309.811
denied,17.207,4.3649,388.116,-309.332,392.458,-309.782
denied,17.308,4.3047,389.592,-309.587,393.894,-309.740
denied,17.407,4.1590,391.172,-309.785,395.329,-309.684
denied,17.508,4.2240,392.612,-309.926,396.824,-309.610
denied,17.608,4.1926,394.158,-310.033,398.319,-309.518
denied,17.708,4.2291,395.573,-310.055,399.753,-309.412
denied,17.807,4.2151,397.094,-310.015,401.245,-309.285
denied,17.912,4.5607,398.488,-309.929,402.975,-309.113
denied,18.007,4.4945,399.989,-309.794,404.404,-308.953
denied,18.107,4.5496,401.365,-309.637,405.832,-308.776
denied,18.207,4.5516,402.848,-309.437,407.317,-308.575
denied,18.307,4.6727,404.209,-309.228,408.801,-308.359
denied,18.408,4.6232,405.677,-308.980,410.222,-308.136
denied,18.508,4.7532,407.023,-308.733,411.701,-307.891
denied,18.607,4.8400,408.349,-308.472,413.117,-307.643
denied,18.707,4.9992,409.661,-308.200,414.591,-307.371
denied,18.807,5.2370,411.069,-307.893,416.239,-307.054
denied,18.907,5.3442,412.369,-307.596,417.649,-306.770
denied,19.007,5.2803,413.774,-307.262,418.998,-306.490
denied,19.107,5.3869,415.070,-306.943,420.404,-306.188
denied,19.208,5.4424,416.706,-306.533,422.101,-305.813
denied,19.307,5.5513,417.996,-306.196,423.503,-305.493
denied,19.407,5.6686,419.276,-305.851,424.903,-305.167
denied,19.507,5.6608,420.677,-305.465,426.302,-304.833
denied,19.609,5.9459,422.080,-305.071,427.991,-304.422
denied,19.708,6.0997,423.378,-304.700,429.444,-304.060
denied,19.808,5.9510,424.681,-304.321,430.606,-303.767
denied,19.908,6.2195,426.096,-303.903,432.289,-303.335
denied,20.008,6.2979,427.480,-303.650,433.739,-302.957
denied,20.108,6.1203,429.085,-303.547,435.130,-302.589
denied,20.207,6.0322,430.635,-303.543,436.520,-302.218
denied,20.307,5.8149,432.362,-303.586,437.909,-301.841
denied,20.407,5.8142,433.965,-303.620,439.355,-301.441
denied,20.508,5.9030,435.693,-303.625,440.972,-300.982
denied,20.608,5.9067,437.284,-303.605,442.356,-300.577
denied,20.707,5.7755,439.007,-303.572,443.679,-300.178
denied,20.807,5.9017,440.571,-303.495,445.115,-299.729
denied,20.907,5.8787,442.189,-303.293,446.490,-299.285
denied,21.007,6.0129,443.631,-303.022,447.918,-298.806
denied,21.107,6.2581,445.147,-302.658,449.569,-298.229
denied,21.208,6.3837,446.515,-302.271,450.986,-297.714
denied,21.309,6.4518,447.859,-301.845,452.343,-297.206
denied,21.408,6.5198,449.183,-301.391,453.694,-296.683
denied,21.509,6.7005,450.599,-300.867,455.265,-296.058
denied,21.608,6.7654,451.891,-300.361,456.606,-295.510
denied,21.707,6.7236,453.280,-299.794,457.943,-294.951
denied,21.807,6.8389,454.556,-299.254,459.332,-294.359
denied,21.908,6.9423,455.832,-298.691,460.717,-293.758
denied,22.011,6.9264,457.108,-298.113,461.988,-293.198
denied,22.108,6.9687,458.483,-297.474,463.421,-292.557
denied,22.208,7.1226,459.853,-296.824,464.960,-291.859
denied,22.307,6.9306,461.115,-296.216,466.057,-291.357
denied,22.408,7.1336,462.484,-295.547,467.645,-290.623
denied,22.508,7.1585,463.748,-294.921,468.958,-290.012
denied,22.607,7.2359,465.015,-294.289,470.323,-289.372
denied,22.707,7.1949,466.388,-293.597,471.686,-288.729
denied,22.807,7.2648,467.655,-292.952,473.048,-288.084
denied,22.907,7.1967,469.094,-292.290,474.409,-287.438
denied,23.011,7.0637,470.554,-291.640,475.715,-286.816
denied,23.110,7.0275,471.931,-291.041,477.020,-286.194
denied,23.208,7.1938,473.323,-290.419,478.541,-285.468
denied,23.308,6.9942,474.890,-289.700,479.899,-284.818
denied,23.408,6.7542,476.361,-288.984,481.149,-284.220
denied,23.507,6.3969,477.967,-288.156,482.452,-283.595
denied,23.607,6.1496,479.442,-287.352,483.755,-282.969
denied,23.708,6.0429,481.026,-286.453,485.330,-282.212
denied,23.808,5.8548,482.467,-285.616,486.688,-281.559
denied,23.907,5.5495,484.004,-284.709,488.046,-280.907
denied,24.007,5.3376,485.400,-283.872,489.350,-280.282
denied,24.108,5.0708,486.885,-282.963,490.710,-279.633
denied,24.208,4.8882,488.237,-282.114,492.016,-279.012
denied,24.308,4.6445,489.683,-281.183,493.377,-278.369
denied,24.407,4.4975,490.999,-280.330,494.686,-277.754
denied,24.508,4.5483,492.410,-279.425,496.269,-277.017
denied,24.608,4.4585,493.703,-278.612,497.580,-276.411
denied,24.707,4.2732,495.100,-277.778,498.894,-275.811
denied,24.808,4.2979,496.391,-277.052,500.265,-275.190
denied,24.907,4.2171,497.790,-276.302,501.638,-274.576
denied,25.008,4.2088,499.084,-275.635,502.958,-273.991
denied,25.108,4.0873,500.487,-274.931,504.281,-273.411
denied,25.207,4.1508,501.785,-274.296,505.661,-272.811
denied,25.309,4.0977,503.192,-273.618,507.043,-272.217
denied,25.408,4.1662,504.494,-273.000,508.427,-271.626
denied,25.507,4.0566,505.906,-272.337,509.757,-271.062
denied,25.607,4.3123,507.205,-271.731,511.310,-270.408
denied,25.708,4.2839,508.602,-271.082,512.698,-269.827
denied,25.808,4.3217,509.885,-270.488,514.032,-269.271
denied,25.907,4.2457,511.274,-269.846,515.367,-268.717
denied,26.007,4.2886,512.555,-269.252,516.703,-268.164
denied,26.107,4.3923,513.835,-268.659,518.095,-267.589
denied,26.207,4.6218,515.221,-268.016,519.712,-266.922
denied,26.308,4.6736,516.495,-267.419,521.050,-266.371
denied,26.408,4.6160,517.873,-266.777,522.389,-265.820
denied,26.507,4.6142,519.145,-266.181,523.672,-265.292
denied,26.608,4.7241,520.418,-265.553,525.068,-264.717
denied,26.707,4.9935,521.699,-264.850,526.632,-264.073
denied,26.807,4.9536,523.104,-264.039,528.028,-263.497
denied,26.907,5.0104,524.426,-263.269,529.424,-262.920
denied,27.008,4.8970,525.869,-262.455,530.765,-262.366
denied,27.107,4.9546,527.207,-261.725,532.161,-261.789
denied,27.208,4.9999,528.674,-260.954,533.670,-261.166
denied,27.307,4.9262,530.043,-260.261,534.955,-260.636
denied,27.408,4.8008,531.528,-259.523,536.296,-260.083
denied,27.507,4.7847,532.902,-258.850,537.638,-259.530
denied,27.608,4.7629,534.565,-258.054,539.259,-258.863
denied,27.707,4.7388,535.948,-257.403,540.600,-258.310
denied,27.807,4.6074,537.455,-256.704,541.940,-257.756
denied,27.908,4.5719,538.849,-256.076,543.281,-257.201
denied,28.009,4.4316,540.364,-255.409,544.620,-256.644
denied,28.108,4.4420,541.755,-254.802,546.015,-256.062
denied,28.207,4.4866,543.266,-254.162,547.576,-255.407
denied,28.308,4.4327,544.661,-253.589,548.913,-254.842
denied,28.407,4.2665,546.182,-252.984,550.249,-254.274
denied,28.508,4.1848,547.591,-252.445,551.583,-253.702
denied,28.607,4.2257,549.119,-251.880,553.192,-253.004
denied,28.707,4.1828,550.523,-251.368,554.577,-252.396
denied,28.808,3.9732,552.052,-250.835,555.905,-251.807
denied,28.908,3.7400,553.595,-250.332,557.230,-251.211
denied,29.007,3.7633,554.902,-249.921,558.606,-250.583
denied,29.108,3.5627,556.450,-249.462,559.980,-249.946
denied,29.208,3.4784,557.879,-249.049,561.349,-249.299
denied,29.307,3.3051,559.409,-248.573,562.713,-248.642
denied,29.407,3.1966,560.769,-248.087,563.965,-248.028
denied,29.507,3.2956,562.193,-247.482,565.482,-247.266
denied,29.607,3.2995,563.488,-246.871,566.776,-246.600
denied,29.707,3.2588,564.872,-246.166,568.119,-245.894
denied,29.807,3.2249,566.134,-245.483,569.349,-245.233
denied,29.908,3.4213,567.488,-244.715,570.893,-244.385
denied,30.008,3.5097,568.725,-243.985,572.217,-243.642
denied,30.107,3.4939,570.054,-243.175,573.536,-242.888
denied,30.208,3.5353,571.271,-242.411,574.797,-242.154
denied,30.307,3.5297,572.580,-241.570,576.105,-241.381
denied,30.408,3.6321,573.780,-240.784,577.408,-240.600
denied,30.508,3.6375,575.070,-239.922,578.705,-239.810
denied,30.607,3.6424,576.253,-239.118,579.896,-239.077
denied,30.707,3.6557,577.529,-238.237,581.185,-238.274
denied,30.809,3.7175,578.702,-237.417,582.418,-237.497
denied,30.908,3.7356,579.967,-236.521,583.699,-236.681
denied,31.007,4.0469,581.134,-235.686,585.180,-235.729
denied,31.108,4.0621,582.393,-234.775,586.453,-234.902
denied,31.208,4.1231,583.553,-233.929,587.672,-234.105
denied,31.309,4.1410,584.806,-233.007,588.939,-233.270
denied,31.408,4.2057,585.958,-232.153,590.152,-232.465
denied,31.507,4.2316,587.200,-231.225,591.413,-231.622
denied,31.608,4.3012,588.342,-230.366,592.621,-230.811
denied,31.707,4.1683,589.685,-229.527,593.826,-229.996
denied,31.808,4.1996,590.902,-228.729,595.081,-229.145
denied,31.908,4.0394,592.308,-227.951,596.333,-228.291
denied,32.008,3.8650,593.719,-227.338,597.583,-227.433
denied,32.107,3.7396,595.300,-226.694,599.030,-226.433
denied,32.207,3.5407,596.777,-226.119,600.274,-225.566
denied,32.307,3.2138,598.338,-225.469,601.465,-224.727
denied,32.407,3.1263,599.730,-224.820,602.700,-223.845
denied,32.509,2.9341,601.229,-224.100,603.930,-222.954
denied,32.607,2.8619,602.547,-223.375,605.103,-222.089
denied,32.708,2.9433,603.909,-222.528,606.464,-221.067
denied,32.807,2.9301,605.120,-221.703,607.623,-220.180
denied,32.907,2.8697,606.393,-220.773,608.823,-219.246
denied,33.008,2.8192,607.539,-219.887,609.919,-218.377
denied,33.108,2.6560,608.756,-218.905,611.010,-217.500
denied,33.207,2.7385,609.860,-217.981,612.188,-216.538
denied,33.308,2.9479,611.040,-216.964,613.546,-215.412
denied,33.408,3.0374,612.117,-216.015,614.711,-214.433
denied,33.507,3.0093,613.275,-214.972,615.869,-213.448
denied,33.607,2.9733,614.340,-213.995,616.930,-212.536
denied,33.708,2.9372,615.488,-212.924,618.079,-211.540
denied,33.807,2.9575,616.544,-211.926,619.178,-210.580
denied,33.908,2.9194,617.685,-210.837,620.318,-209.576
denied,34.008,3.1666,618.738,-209.821,621.591,-208.447
denied,34.109,3.1234,619.875,-208.715,622.724,-207.435
denied,34.207,3.1416,620.919,-207.694,623.809,-206.462
denied,34.309,2.8321,622.270,-206.559,624.892,-205.487
denied,34.407,2.4449,623.668,-205.486,625.927,-204.551
denied,34.508,2.2580,625.245,-204.317,627.275,-203.328
denied,34.608,1.8875,626.690,-203.244,628.351,-202.347
denied,34.707,1.3713,628.274,-201.996,629.469,-201.323
denied,34.808,0.8774,629.772,-200.763,630.539,-200.337
denied,34.908,0.5641,631.121,-199.637,631.605,-199.346
denied,35.008,0.3637,632.420,-198.529,632.711,-198.311
denied,35.107,0.0894,633.856,-197.294,633.769,-197.312
denied,35.208,0.3841,635.169,-196.145,634.822,-196.310
denied,35.308,0.4993,636.568,-194.948,636.090,-195.093
denied,35.407,0.6573,637.812,-193.864,637.179,-194.039
denied,35.508,0.9460,639.108,-192.701,638.219,-193.024
denied,35.608,1.0738,640.262,-191.628,639.256,-192.004
denied,35.707,1.3236,641.517,-190.489,640.288,-190.980
denied,35.807,1.4341,642.660,-189.451,641.316,-189.952
denied,35.908,1.2463,643.761,-188.401,642.553,-188.705
denied,36.007,1.3747,644.945,-187.283,643.614,-187.626
denied,36.107,1.4076,646.057,-186.294,644.671,-186.543
denied,36.207,1.5803,647.236,-185.212,645.682,-185.499
denied,36.308,1.5768,648.293,-184.192,646.731,-184.408
denied,36.407,1.6310,649.355,-183.173,647.734,-183.357
denied,36.507,1.7895,650.505,-182.053,648.733,-182.303
denied,36.608,1.8684,651.586,-181.037,649.729,-181.244
denied,36.707,2.0077,652.760,-179.944,650.762,-180.138
denied,36.807,1.8574,653.812,-178.910,651.956,-178.850
denied,36.908,1.9442,654.924,-177.766,652.980,-177.736
denied,37.007,1.9463,655.944,-176.722,654.001,-176.617
denied,37.107,2.0707,657.046,-175.612,654.976,-175.540
denied,37.207,2.1140,658.058,-174.601,655.948,-174.459
denied,37.308,2.1970,659.146,-173.513,656.957,-173.330
denied,37.410,2.2374,660.144,-172.503,657.922,-172.243
denied,37.507,2.3062,661.211,-171.391,658.922,-171.107
denied,37.608,2.2969,662.184,-170.353,659.919,-169.968
denied,37.707,2.3437,663.224,-169.208,660.912,-168.826
denied,37.808,2.3296,664.182,-168.153,661.901,-167.680
denied,37.907,2.2912,665.212,-167.008,663.004,-166.394
denied,38.009,2.3066,666.156,-165.949,663.946,-165.288
denied,38.108,2.3455,667.170,-164.808,664.924,-164.134
denied,38.207,2.3794,668.099,-163.755,665.820,-163.070
denied,38.307,2.3412,669.097,-162.602,666.908,-161.771
denied,38.408,2.3245,670.010,-161.530,667.876,-160.610
denied,38.507,2.3373,670.988,-160.368,668.841,-159.445
denied,38.609,2.3307,671.886,-159.293,669.765,-158.326
denied,38.708,2.3325,672.848,-158.123,670.725,-157.157
denied,38.808,2.3132,673.729,-157.035,671.644,-156.033
denied,38.907,2.3305,674.676,-155.848,672.523,-154.955
denied,39.009,2.2348,675.544,-154.746,673.629,-153.593
denied,39.107,2.2236,676.474,-153.543,674.504,-152.511
denied,39.208,2.1734,677.322,-152.426,675.416,-151.381
denied,39.307,2.0978,678.232,-151.211,676.478,-150.061
denied,39.408,2.0292,679.061,-150.081,677.425,-148.881
denied,39.508,1.9618,679.888,-148.943,678.332,-147.748
denied,39.607,1.8986,680.786,-147.706,679.201,-146.661
denied,39.707,1.8166,681.605,-146.555,680.108,-145.527
denied,39.808,1.7322,682.494,-145.304,681.051,-144.345
denied,39.908,1.6523,683.307,-144.138,682.184,-142.927
denied,40.007,1.5266,684.177,-142.863,683.090,-141.792
denied,40.108,1.4087,684.969,-141.676,683.996,-140.658
denied,40.207,1.2705,685.825,-140.389,684.941,-139.476
denied,40.307,1.1722,686.626,-139.205,685.886,-138.296
denied,40.407,1.0069,687.482,-137.909,686.757,-137.210
denied,40.508,0.9205,688.256,-136.700,687.818,-135.890
denied,40.608,0.8025,689.014,-135.477,688.767,-134.713
denied,40.707,0.6061,689.823,-134.135,689.718,-133.538
denied,40.807,0.5336,690.561,-132.886,690.671,-132.364
denied,40.907,0.3709,691.352,-131.526,691.588,-131.239
denied,41.008,0.4544,692.075,-130.258,692.507,-130.117
denied,41.108,0.5865,692.855,-128.876,693.429,-128.997
denied,41.207,0.9453,693.570,-127.591,694.509,-127.693
denied,41.307,1.1626,694.342,-126.195,695.439,-126.579
denied,41.410,1.4427,695.047,-124.900,696.373,-125.468
denied,41.508,1.7390,695.805,-123.490,697.311,-124.361
denied,41.607,2.0434,696.509,-122.194,698.253,-123.258
denied,41.707,2.3143,697.314,-120.830,699.240,-122.113
denied,41.808,2.5853,698.095,-119.605,700.392,-120.791
denied,41.907,2.7645,699.007,-118.257,701.391,-119.657
denied,42.008,2.9132,699.906,-116.979,702.314,-118.618
denied,42.107,3.0670,700.749,-115.810,703.283,-117.539
denied,42.207,3.2109,701.679,-114.558,704.296,-116.419
denied,42.308,3.3521,702.547,-113.410,705.313,-115.302
denied,42.407,3.5019,703.494,-112.172,706.417,-114.101
denied,42.508,3.6298,704.373,-111.033,707.401,-113.035
denied,42.608,3.7426,705.333,-109.797,708.346,-112.016
denied,42.707,3.8745,706.230,-108.650,709.377,-110.910
denied,42.807,3.9875,707.218,-107.415,710.409,-109.806
denied,42.907,4.0945,708.137,-106.287,711.443,-108.703
denied,43.008,4.2382,709.124,-105.063,712.644,-107.424
denied,43.108,4.3495,710.026,-103.926,713.597,-106.410
denied,43.207,4.5123,710.982,-102.656,714.634,-105.307
denied,43.308,4.6980,711.855,-101.462,715.670,-104.204
denied,43.407,4.8697,712.810,-100.168,716.664,-103.144
denied,43.508,5.0316,713.704,-98.981,717.699,-102.039
denied,43.608,5.1972,714.686,-97.714,718.899,-100.757
denied,43.707,5.3034,715.606,-96.559,719.851,-99.739
denied,43.807,5.3602,716.648,-95.337,720.842,-98.675
denied,43.907,5.3870,717.633,-94.230,721.791,-97.655
denied,44.008,5.4068,718.715,-93.051,722.986,-96.366
denied,44.108,5.3618,719.828,-91.900,724.013,-95.252
denied,44.208,5.2997,720.867,-90.853,724.955,-94.225
denied,44.307,5.2001,721.936,-89.831,725.976,-93.105
denied,44.407,5.0555,723.109,-88.738,726.911,-92.071
denied,44.508,4.9018,724.216,-87.749,728.083,-90.761
denied,44.608,4.7968,725.342,-86.628,729.087,-89.625
denied,44.708,4.7647,726.323,-85.552,730.044,-88.528
denied,44.808,4.7574,727.366,-84.346,731.032,-87.378
denied,44.908,4.7564,728.338,-83.199,732.012,-86.220
denied,45.007,4.7938,729.339,-81.939,732.983,-85.054
denied,45.108,4.8535,730.224,-80.764,733.945,-83.880
denied,45.208,4.9437,731.150,-79.479,734.859,-82.747
denied,45.307,5.0411,731.979,-78.283,735.728,-81.654
denied,45.408,5.1470,732.855,-76.979,736.774,-80.315
denied,45.507,5.2556,733.646,-75.769,737.699,-79.114
denied,45.608,5.3880,734.486,-74.451,738.579,-77.954
denied,45.707,5.5133,735.249,-73.228,739.416,-76.838
denied,45.808,5.6376,736.062,-71.898,740.461,-75.425
denied,45.908,5.7782,736.870,-70.561,741.318,-74.250
denied,46.008,5.8980,737.611,-69.321,742.204,-73.022
denied,46.108,6.0134,738.350,-68.080,743.083,-71.789
denied,46.207,6.1544,739.145,-66.728,743.886,-70.652
denied,46.308,6.2697,739.874,-65.475,744.753,-69.412
denied,46.407,6.4064,740.662,-64.112,745.580,-68.218
denied,46.508,6.5007,741.383,-62.851,746.606,-66.721
denied,46.608,6.6529,742.157,-61.482,747.286,-65.720
denied,46.707,6.7631,742.871,-60.214,748.131,-64.466
denied,46.808,6.8969,743.636,-58.836,748.970,-63.208
denied,46.908,6.9913,744.339,-57.559,749.938,-61.746
denied,47.008,7.1329,745.101,-56.165,750.701,-60.583
denied,47.108,7.2698,745.854,-54.768,751.526,-59.316
denied,47.207,7.3851,746.545,-53.476,752.345,-58.047
denied,47.308,7.5040,747.233,-52.182,753.128,-56.826
denied,47.408,7.6252,747.970,-50.777,754.036,-55.398
denied,47.508,7.7508,748.647,-49.480,754.777,-54.223
denied,47.607,7.8755,749.319,-48.184,755.515,-53.046
denied,47.707,7.9889,749.982,-46.892,756.312,-51.765
denied,47.807,8.1199,750.698,-45.495,757.106,-50.482
denied,47.908,8.2084,751.354,-44.202,758.021,-48.990
denied,48.008,8.3452,752.056,-42.795,758.806,-47.701
denied,48.109,8.4615,752.705,-41.497,759.556,-46.462
denied,48.208,8.5977,753.403,-40.082,760.334,-45.169
denied,48.307,8.7239,754.039,-38.770,761.076,-43.926
denied,48.408,8.8565,754.730,-37.357,761.846,-42.629
denied,48.507,8.9824,755.360,-36.052,762.551,-41.434
denied,48.607,9.0972,756.032,-34.639,763.436,-39.925
denied,48.707,9.2098,756.656,-33.342,764.165,-38.674
denied,48.808,9.3485,757.321,-31.934,764.890,-37.421
denied,48.908,9.4772,757.930,-30.628,765.583,-36.218
denied,49.008,9.5849,758.593,-29.212,766.452,-34.699
denied,49.107,9.7123,759.198,-27.899,767.138,-33.492
denied,49.207,9.8543,759.847,-26.472,767.881,-32.178
denied,49.307,9.9674,760.450,-25.153,768.620,-30.863
denied,49.408,10.1170,761.095,-23.716,769.326,-29.598
denied,49.508,10.2376,761.683,-22.391,770.059,-28.278
denied,49.607,10.3803,762.322,-20.963,770.759,-27.009
denied,49.708,10.4726,762.903,-19.642,771.601,-25.474
denied,49.808,10.5889,763.481,-18.323,772.324,-24.149
denied,49.907,10.7052,764.058,-17.009,773.014,-22.874
denied,50.008,10.8308,764.624,-15.690,773.701,-21.599
denied,50.109,10.9506,765.241,-14.261,774.500,-20.108
denied,50.207,11.0698,765.806,-12.940,775.181,-18.828
denied,50.307,11.2171,766.408,-11.504,775.859,-17.546
denied,50.407,11.3388,766.966,-10.178,776.534,-16.263
denied,50.508,11.4832,767.567,-8.736,777.206,-14.978
denied,50.609,11.6088,768.158,-7.288,778.014,-13.422
denied,50.707,11.7380,768.706,-5.952,778.651,-12.187
denied,50.807,11.8630,769.251,-4.613,779.314,-10.896
denied,50.907,11.9928,769.784,-3.269,780.001,-9.550
denied,51.008,12.1284,770.371,-1.819,780.684,-8.202
denied,51.107,12.2542,770.905,-0.477,781.337,-6.906
denied,51.208,12.4085,771.471,0.977,781.987,-5.609
denied,51.308,12.4774,771.960,2.203,782.794,-3.986
denied,51.408,12.6049,772.481,3.548,783.437,-2.685
denied,51.510,12.7473,773.041,5.005,784.103,-1.329
denied,51.611,12.8656,773.562,6.347,784.739,-0.025
denied,51.708,12.9926,774.073,7.694,785.372,1.281
denied,51.809,13.1178,774.583,9.044,786.002,2.588
denied,51.908,13.2387,775.094,10.394,786.629,3.896
denied,52.008,13.3572,775.590,11.754,787.381,5.479
denied,52.108,13.4935,776.135,13.223,788.026,6.846
denied,52.208,13.6160,776.632,14.575,788.642,8.159
denied,52.307,13.8484,777.288,16.445,789.254,9.474
denied,52.409,13.9655,777.785,17.802,789.863,10.791
denied,52.511,14.0433,778.267,19.110,790.595,12.384
denied,52.608,14.1944,778.757,20.540,791.196,13.703
denied,52.707,14.3063,779.227,21.870,791.819,15.079
denied,52.808,14.4500,779.729,23.324,792.413,16.402
denied,52.908,14.5785,780.187,24.672,793.004,17.726
denied,53.008,14.6906,780.657,26.017,793.591,19.051
denied,53.108,14.8087,781.155,27.481,794.296,20.654
denied,53.207,14.9479,781.612,28.837,794.780,21.761
denied,53.307,15.0590,782.073,30.196,795.381,23.147
denied,53.407,15.1627,782.522,31.560,796.073,24.756
denied,53.507,15.3039,783.007,33.040,796.642,26.090
denied,53.607,15.4201,783.457,34.406,797.207,27.425
denied,53.707,15.5655,783.928,35.885,797.769,28.762
denied,53.807,15.6797,784.365,37.248,798.350,30.157
denied,53.907,15.8132,784.836,38.731,798.927,31.553
denied,54.010,15.9432,785.258,40.106,799.477,32.896
denied,54.109,16.0799,785.719,41.597,800.046,34.296
denied,54.208,16.1959,786.142,42.975,800.612,35.698
denied,54.308,16.3236,786.586,44.473,801.262,37.327
denied,54.408,16.4433,787.002,45.854,801.796,38.677
denied,54.508,16.5644,787.411,47.234,802.326,40.028
denied,54.608,16.6905,787.805,48.614,802.874,41.438
denied,54.714,16.8003,788.218,49.983,803.375,42.737
denied,54.814,16.9104,788.649,51.467,804.001,44.376
denied,54.914,17.0310,789.035,52.846,804.536,45.792
denied,55.014,17.1614,789.466,54.337,805.025,47.096
denied,55.117,17.2986,789.883,55.833,805.531,48.458
denied,55.216,17.4220,790.256,57.224,806.054,49.879
denied,55.319,17.5667,790.693,58.852,806.634,51.473
denied,55.416,17.7144,791.092,60.368,807.127,52.841
denied,55.514,17.8228,791.461,61.737,807.616,54.210
denied,55.616,17.9511,791.862,63.232,808.101,55.581
denied,55.715,18.0712,792.219,64.624,808.581,56.953
denied,55.815,18.1894,792.591,66.137,809.176,58.670
denied,55.914,18.2931,792.954,67.527,809.648,60.045
denied,56.014,18.4159,793.301,68.920,810.095,61.364
denied,56.114,18.5305,793.641,70.317,810.578,62.800
denied,56.214,18.6525,794.019,71.831,811.055,64.236
denied,56.314,18.7626,794.355,73.231,811.529,65.675
denied,56.414,18.9033,794.711,74.749,811.979,67.057
denied,56.514,19.0095,795.049,76.150,812.424,68.440
denied,56.615,19.1221,795.395,77.678,812.957,70.114
denied,56.714,19.2340,795.712,79.086,813.412,71.558
denied,56.816,19.3415,796.036,80.494,813.844,72.945
denied,56.914,19.4609,796.338,81.909,814.289,74.392
denied,57.015,19.5908,796.678,83.437,814.712,75.782
denied,57.115,19.7324,797.026,85.021,815.131,77.174
denied,57.216,19.8487,797.318,86.425,815.545,78.566
denied,57.314,19.9306,797.651,87.938,816.040,80.251
denied,57.415,20.0373,797.951,89.340,816.428,81.588
denied,57.515,20.1536,798.229,90.745,816.829,82.985
denied,57.615,20.2648,798.548,92.264,817.242,84.441
denied,57.716,20.3564,798.834,93.669,817.650,85.899
denied,57.814,20.4462,799.098,95.081,818.101,87.535
denied,57.914,20.5402,799.387,96.485,818.467,88.879
denied,58.014,20.7124,799.703,98.194,818.845,90.283
denied,58.114,20.7949,799.957,99.608,819.280,91.924
denied,58.214,20.8621,800.245,101.017,819.663,93.390
denied,58.314,20.9939,800.520,102.560,820.026,94.799
denied,58.414,21.1143,800.756,103.989,820.385,96.209
denied,58.514,21.2304,801.036,105.526,820.739,97.621
denied,58.623,21.2986,801.279,106.947,821.146,99.269
denied,58.720,21.4484,801.531,108.489,821.461,100.565
denied,58.821,21.5141,801.782,109.905,821.829,102.097
denied,58.920,21.6375,802.015,111.448,822.191,103.631
denied,59.022,21.7248,802.249,112.862,822.520,105.049
denied,59.120,21.7800,802.535,114.358,822.858,106.526
denied,59.221,21.8671,802.755,115.760,823.178,107.946
denied,59.319,21.9556,802.970,117.167,823.493,109.366
denied,59.420,22.0533,803.226,118.875,823.880,111.144
denied,59.525,22.1237,803.455,120.275,824.171,112.508
denied,59.625,22.1943,803.664,121.686,824.482,113.992
denied,59.725,22.2913,803.893,123.214,824.776,115.418
denied,59.825,22.3841,804.088,124.628,825.053,116.786
denied,59.925,22.4397,804.300,126.161,825.396,118.513
denied,60.025,22.5044,804.503,127.573,825.674,119.943
denied,60.125,22.5937,804.706,129.103,825.958,121.434
denied,60.225,22.6617,804.894,130.517,826.225,122.867
denied,60.326,22.7491,805.099,132.051,826.488,124.301
denied,60.425,22.7879,805.268,133.474,826.787,125.976
denied,60.525,22.8460,805.451,134.892,827.038,127.414
denied,60.630,22.9521,805.641,136.430,827.263,128.732
denied,60.731,22.9771,805.794,137.853,827.553,130.471
denied,60.830,23.0544,805.978,139.388,827.787,131.912
denied,60.932,23.1126,806.138,140.809,828.016,133.354
denied,61.030,23.1812,806.283,142.233,828.239,134.797
denied,61.131,23.2565,806.455,143.778,828.456,136.241
denied,61.230,23.2811,806.584,145.088,828.677,137.746
denied,61.330,23.3229,806.724,146.638,828.925,139.493
denied,61.430,23.3553,806.882,148.063,829.125,140.940
denied,61.530,23.4223,807.012,149.494,829.310,142.327
denied,61.632,23.4335,807.127,150.928,829.537,144.077
denied,61.730,23.4785,807.266,152.353,829.711,145.466
denied,61.831,23.5260,807.375,153.784,829.895,146.976
denied,61.930,23.6008,807.496,155.330,830.065,148.427
denied,62.031,23.6633,807.623,156.873,830.229,149.878
denied,62.131,23.7164,807.719,158.302,830.388,151.330
denied,62.230,23.7736,807.829,159.849,830.547,152.843
denied,62.330,23.7708,807.923,161.158,830.700,154.356
denied,62.430,23.7627,808.004,162.583,830.869,156.113
denied,62.531,23.8173,808.107,164.128,831.003,157.567
denied,62.630,23.8445,808.189,165.559,831.137,159.082
denied,62.731,23.9928,808.231,167.361,831.269,160.659
denied,62.830,23.9935,808.359,168.863,831.384,162.115
denied,62.931,23.9511,808.443,170.119,831.499,163.632
denied,63.031,23.9827,808.485,171.517,831.607,165.150
denied,63.134,24.0750,808.539,173.160,831.705,166.607
denied,63.230,24.1072,808.603,174.686,831.801,168.126
denied,63.330,24.1463,808.638,176.105,831.887,169.584
denied,63.430,24.2121,808.674,177.650,831.967,171.043
denied,63.531,24.1833,808.702,179.080,832.057,172.806
denied,63.630,24.2235,808.707,180.515,832.127,174.326
denied,63.731,24.2697,808.732,182.066,832.191,175.847
denied,63.830,24.3195,808.743,183.501,832.245,177.246
denied,63.931,24.3988,808.724,185.064,832.297,178.767
denied,64.031,24.4378,808.724,186.506,832.341,180.228
denied,64.131,24.5245,808.702,188.074,832.380,181.688
denied,64.230,24.5266,808.657,189.525,832.420,183.453
denied,64.331,24.6019,808.634,191.095,832.447,184.913
denied,64.431,24.6587,808.594,192.543,832.468,186.373
denied,64.531,24.7431,808.534,194.106,832.485,187.894
denied,64.630,24.7619,808.504,195.541,832.496,189.414
denied,64.730,24.8252,808.452,197.088,832.502,190.934
denied,64.830,24.8633,808.389,198.514,832.502,192.454
denied,64.930,24.8935,808.344,199.937,832.498,193.914
denied,65.030,24.8873,808.272,201.365,832.486,195.617
denied,65.131,24.9636,808.199,202.910,832.471,197.076
denied,65.230,24.9870,808.131,204.335,832.450,198.597
denied,65.330,25.0502,808.030,205.881,832.423,200.179
denied,65.430,25.1158,807.926,207.310,832.393,201.640
denied,65.530,25.2000,807.824,208.856,832.358,203.101
denied,65.630,25.2515,807.709,210.286,832.317,204.623
denied,65.731,25.3136,807.575,211.838,832.267,206.267
denied,65.830,25.3573,807.459,213.272,832.216,207.789
denied,65.930,17.6991,844.826,221.616,832.163,209.251
denied,66.030,17.5290,844.642,223.025,832.105,210.774
denied,66.130,17.4592,844.403,224.568,832.044,212.236
denied,66.230,17.3930,844.405,225.907,831.961,213.756
denied,66.330,17.5914,844.606,227.264,831.858,215.142
denied,66.430,17.5569,844.597,228.553,831.708,216.632
denied,66.530,17.5427,844.427,229.968,831.507,218.101
denied,66.630,17.4404,844.154,231.286,831.249,219.554
denied,66.730,17.2796,843.738,232.720,830.887,221.169
denied,66.830,17.1653,843.256,234.044,830.513,222.544
denied,66.931,17.0470,842.640,235.471,830.064,223.963
denied,67.030,16.9008,841.994,236.777,829.576,225.312
denied,67.131,16.7518,841.217,238.173,829.013,226.697
denied,67.231,16.5148,840.445,239.443,828.323,228.227
denied,67.330,16.3850,839.574,240.795,827.686,229.520
denied,67.430,16.2513,838.741,242.022,827.042,230.743
denied,67.531,16.1148,837.822,243.332,826.308,232.057
denied,67.630,15.9789,836.952,244.525,825.576,233.304
denied,67.730,15.8088,835.989,245.799,824.690,234.742
denied,67.830,15.6860,835.090,246.962,823.908,235.961
denied,67.931,15.5807,834.105,248.209,823.109,237.170
denied,68.030,15.4610,833.183,249.347,822.295,238.370
denied,68.130,15.3549,832.187,250.571,821.433,239.610
denied,68.231,15.2067,831.259,251.692,820.455,240.990
denied,68.330,15.1004,830.249,252.895,819.573,242.216
denied,68.430,15.0005,829.318,254.004,818.720,243.388
denied,68.530,14.9058,828.299,255.199,817.863,244.556
denied,68.630,14.7608,827.352,256.296,816.858,245.915
denied,68.730,14.6558,826.328,257.485,815.960,247.127
denied,68.830,14.5440,825.374,258.580,815.097,248.289
denied,68.930,14.4348,824.335,259.763,814.234,249.451
denied,69.032,14.3244,823.385,260.859,813.373,250.614
denied,69.131,14.1867,822.362,262.046,812.372,251.973
denied,69.230,14.0849,821.422,263.140,811.554,253.090
denied,69.330,13.9844,820.408,264.329,810.703,254.260
denied,69.430,13.2046,819.208,264.809,809.717,255.628
denied,69.530,11.2187,817.236,264.297,808.842,256.853
denied,69.630,9.2474,815.263,263.769,808.009,258.034
denied,69.730,7.7110,813.439,263.730,807.184,259.221
denied,69.830,6.6643,811.962,264.044,806.339,260.468
denied,69.930,5.7975,810.520,264.651,805.545,261.675
denied,70.031,5.0653,809.212,265.323,804.738,262.947
denied,70.130,3.9611,807.518,265.911,803.862,264.387
denied,70.231,3.1739,806.133,266.640,803.105,265.688
denied,70.331,2.4595,804.767,267.571,802.374,267.004
denied,70.430,1.8908,803.593,268.525,801.726,268.228
denied,70.530,1.3433,802.392,269.633,801.050,269.572
denied,70.630,0.8791,801.326,270.706,800.454,270.822
denied,70.731,0.6882,800.206,271.909,799.741,272.415
denied,70.831,0.7588,799.191,273.045,799.159,273.803
denied,70.932,0.9913,798.115,274.301,798.631,275.148
denied,71.030,1.4252,797.171,275.490,798.113,276.560
denied,71.130,1.8116,796.302,276.712,797.646,277.926
denied,71.230,2.1943,795.428,278.055,797.192,279.360
denied,71.330,2.5228,794.686,279.317,796.804,280.688
denied,71.430,2.8574,793.938,280.710,796.412,282.140
denied,71.530,3.1911,793.284,282.011,796.052,283.599
denied,71.630,3.4944,792.627,283.442,795.720,285.066
denied,71.731,3.8044,792.049,284.772,795.417,286.540
denied,71.831,4.1069,791.448,286.221,795.141,288.019
denied,71.930,4.4010,790.932,287.576,794.889,289.504
denied,72.030,4.6879,790.393,289.053,794.660,290.993
denied,72.130,4.9870,789.912,290.425,794.453,292.486
denied,72.230,5.2602,789.425,291.928,794.267,293.984
denied,72.330,5.6254,788.988,293.321,794.074,295.726
denied,72.431,5.8676,788.530,294.833,793.938,297.110
denied,72.531,6.1513,788.132,296.238,793.805,298.618
denied,72.631,6.4258,787.711,297.765,793.687,300.128
denied,72.731,6.7134,787.335,299.183,793.582,301.641
denied,72.830,6.9579,786.951,300.728,793.494,303.095
denied,72.930,7.2246,786.600,302.155,793.415,304.551
denied,73.031,7.4960,786.230,303.704,793.343,306.070
denied,73.130,7.8400,785.908,305.141,793.271,307.834
denied,73.230,8.1046,785.560,306.701,793.217,309.356
denied,73.332,8.3447,785.248,308.146,793.173,310.758
denied,73.430,8.6143,784.909,309.712,793.131,312.283
denied,73.532,8.9223,784.527,311.259,793.095,313.748
denied,73.631,9.2903,784.143,312.672,793.061,315.274
denied,73.731,9.6492,783.756,314.083,793.032,316.741
denied,73.830,10.1109,783.352,315.487,792.999,318.513
denied,73.932,10.4865,782.918,317.009,792.975,319.981
denied,74.033,10.4910,782.849,318.624,792.952,321.449
denied,74.141,9.9596,783.301,320.554,792.930,323.100
denied,74.241,9.0198,784.072,322.770,792.911,324.568
denied,74.341,8.3008,784.685,324.727,792.892,325.975
denied,74.441,7.5981,785.317,326.773,792.860,327.689
denied,74.540,6.8633,785.982,328.617,792.818,329.220
denied,74.641,6.0232,786.741,330.551,792.762,330.690
denied,74.740,5.4366,787.252,332.247,792.688,332.160
denied,74.840,5.1060,787.508,334.000,792.596,333.569
denied,74.940,4.9492,787.542,335.561,792.470,335.099
denied,75.040,4.8785,787.422,337.208,792.289,336.872
denied,75.141,4.9209,787.203,338.697,792.111,338.337
denied,75.241,5.0336,786.882,340.286,791.898,339.860
denied,75.340,5.1423,786.529,341.735,791.659,341.379
denied,75.440,5.3270,786.098,343.289,791.406,342.832
denied,75.540,5.4599,785.671,344.713,791.119,344.341
denied,75.641,5.6453,785.178,346.244,790.809,345.845
denied,75.741,5.7839,784.721,347.652,790.493,347.283
denied,75.840,5.9449,784.212,349.163,790.145,348.776
denied,75.940,6.0500,783.735,350.546,789.778,350.263
denied,76.041,6.1827,783.218,352.038,789.394,351.745
denied,76.141,6.2681,782.729,353.408,788.994,353.221
denied,76.245,6.3751,782.154,354.997,788.527,354.867
denied,76.342,6.4566,781.657,356.356,788.113,356.273
denied,76.440,6.5513,781.152,357.709,787.703,357.616
denied,76.540,6.6241,780.639,359.056,787.263,359.012
denied,76.640,6.6377,780.079,360.514,786.714,360.693
denied,76.740,6.6826,779.551,361.852,786.228,362.137
denied,76.841,6.7407,779.016,363.186,785.748,363.519
denied,76.941,6.8079,778.438,364.625,785.237,364.954
denied,77.040,6.8484,777.898,365.952,784.736,366.327
denied,77.140,6.9163,777.295,367.386,784.202,367.753
denied,77.240,6.9422,776.730,368.706,783.656,369.175
denied,77.340,7.0095,776.105,370.132,783.100,370.593
denied,77.441,7.0726,775.474,371.558,782.532,372.007
denied,77.540,7.1115,774.883,372.873,781.978,373.360
denied,77.640,7.1309,774.283,374.180,781.390,374.766
denied,77.741,7.2055,773.630,375.593,780.817,376.112
denied,77.842,7.1228,773.022,376.895,780.088,377.790
denied,77.941,7.1976,772.346,378.301,779.496,379.128
denied,78.041,7.2282,771.718,379.601,778.895,380.463
denied,78.140,7.2589,771.083,380.898,778.286,381.795
denied,78.240,7.3185,770.378,382.296,777.643,383.179
denied,78.340,7.3451,769.731,383.589,777.019,384.504
denied,78.440,7.4206,769.015,384.986,776.387,385.826
denied,78.540,7.3616,768.344,386.269,775.615,387.419
denied,78.641,7.4312,767.615,387.660,774.968,388.734
denied,78.741,7.4467,766.933,388.939,774.288,390.101
denied,78.841,7.5044,766.185,390.318,773.601,391.465
denied,78.940,7.5174,765.492,391.590,772.908,392.825
denied,79.041,7.5742,764.733,392.965,772.208,394.183
denied,79.140,7.6172,764.017,394.232,771.531,395.484
denied,79.240,7.6767,763.243,395.603,770.820,396.836
denied,79.340,7.7404,762.516,396.865,770.161,398.078
denied,79.440,7.8138,761.718,398.229,769.440,399.425
denied,79.540,7.7601,760.983,399.488,768.597,400.984
denied,79.640,7.8117,760.235,400.738,767.895,402.272
denied,79.740,7.9064,759.420,402.090,767.189,403.558
denied,79.840,7.9414,758.662,403.335,766.449,404.895
denied,79.941,7.9872,757.891,404.575,765.705,406.229
denied,80.040,8.0930,757.053,405.918,764.988,407.509
denied,80.140,8.1383,756.276,407.152,764.237,408.839
denied,80.240,8.2526,755.424,408.483,763.513,410.115
denied,80.342,8.2336,754.634,409.711,762.635,411.654
denied,80.440,8.3088,753.838,410.938,761.905,412.926
denied,80.540,8.3774,753.031,412.158,761.143,414.249
denied,80.640,8.4578,752.225,413.382,760.409,415.518
denied,80.764,8.5838,751.346,414.700,759.672,416.786
denied,80.864,8.6738,750.529,415.912,758.934,418.052
denied,80.964,8.7251,749.638,417.228,758.040,419.581
denied,81.064,8.8103,748.807,418.439,757.267,420.898
denied,81.165,8.9143,747.973,419.643,756.524,422.162
denied,81.264,8.9863,747.142,420.847,755.718,423.529
denied,81.365,9.1166,746.234,422.146,754.942,424.844
denied,81.465,9.2156,745.389,423.344,754.165,426.158
denied,81.564,9.3535,744.471,424.643,753.387,427.471
denied,81.665,9.4757,743.617,425.836,752.639,428.732
denied,81.764,9.7406,742.477,427.430,751.860,430.044
denied,81.864,9.8429,741.627,428.616,751.081,431.357
denied,81.964,9.9329,740.810,429.737,750.301,432.669
denied,82.065,10.0829,739.896,430.976,749.521,433.980
denied,82.164,10.1987,739.042,432.138,748.741,435.292
denied,82.264,10.3785,738.103,433.403,747.993,436.550
denied,82.364,10.5249,737.229,434.574,747.245,437.809
denied,82.464,10.7098,736.283,435.847,746.497,439.067
denied,82.564,10.7998,735.401,437.020,745.595,440.587
denied,82.665,10.9943,734.444,438.292,744.849,441.845
denied,82.767,11.1530,733.560,439.467,744.103,443.103
denied,82.865,11.3194,732.668,440.640,743.359,444.361
denied,82.965,11.5266,731.701,441.911,742.615,445.620
denied,83.064,11.6829,730.810,443.084,741.841,446.931
denied,83.167,11.8834,729.840,444.351,741.068,448.243
denied,83.265,12.0030,728.946,445.519,740.173,449.764
denied,83.365,12.2040,727.978,446.786,739.403,451.077
denied,83.466,12.3896,727.077,447.953,738.665,452.337
denied,83.564,12.5711,726.180,449.123,737.927,453.599
denied,83.667,12.7686,725.169,450.440,737.068,455.070
denied,83.765,12.9635,724.262,451.607,736.333,456.332
denied,83.865,13.1788,723.285,452.875,735.569,457.648
denied,83.966,13.3711,722.382,454.045,734.836,458.911
denied,84.065,13.6038,721.400,455.312,734.105,460.174
denied,84.164,13.7864,720.500,456.482,733.344,461.491
denied,84.268,13.9815,719.601,457.645,732.615,462.755
denied,84.364,14.2089,718.623,458.899,731.857,464.072
denied,84.464,14.4034,717.727,460.062,731.129,465.337
denied,84.564,14.5932,716.753,461.322,730.252,466.867
denied,84.664,14.7889,715.852,462.483,729.497,468.185
denied,84.764,14.9816,714.959,463.652,728.772,469.452
denied,84.864,15.2194,713.980,464.913,728.049,470.719
denied,84.965,15.4206,713.082,466.077,727.326,471.986
denied,85.066,15.6377,712.117,467.343,726.573,473.305
denied,85.165,15.8375,711.220,468.511,725.852,474.573
denied,85.288,16.0195,710.325,469.683,725.070,475.946
denied,85.401,16.1812,709.434,470.856,724.199,477.477
denied,85.494,16.4020,708.537,472.022,723.568,478.586
denied,85.594,16.5706,707.649,473.191,722.727,480.064
denied,85.694,16.7890,706.690,474.454,722.006,481.331
denied,85.794,16.9829,705.803,475.616,721.285,482.597
denied,85.904,17.1473,704.924,476.780,720.443,484.074
denied,85.994,17.3358,704.043,477.941,719.720,485.340
denied,86.094,17.5492,703.084,479.195,718.967,486.658
denied,86.194,17.7666,702.069,480.558,718.213,487.975
denied,86.294,17.9377,701.194,481.724,717.457,489.292
denied,86.394,15.2232,702.857,484.290,716.731,490.556
denied,86.494,13.0321,704.099,486.520,716.004,491.820
denied,86.594,11.4242,704.757,488.598,715.242,493.135
denied,86.695,10.4096,704.923,490.298,714.495,494.390
denied,86.794,9.6802,704.767,491.971,713.727,495.635
denied,86.894,9.1532,704.403,493.404,712.767,497.123
denied,86.995,8.8035,703.899,494.765,711.945,498.339
denied,87.094,8.5260,703.258,496.188,711.097,499.540
denied,87.194,8.3270,702.585,497.454,710.263,500.678
denied,87.294,8.1248,701.866,498.692,709.332,501.897
denied,87.394,7.9198,701.050,500.009,708.300,503.195
denied,87.494,7.7454,700.273,501.211,707.361,504.333
denied,87.596,7.5917,699.394,502.488,706.363,505.501
denied,87.695,7.4124,698.566,503.654,705.345,506.652
denied,87.794,7.2649,697.643,504.901,704.310,507.787
denied,87.895,7.1207,696.764,506.036,703.300,508.861
denied,87.994,6.8800,695.794,507.253,702.018,510.185
denied,88.094,6.7452,694.872,508.359,700.977,511.228
denied,88.196,6.6432,693.860,509.542,699.923,512.258
denied,88.294,6.4978,692.903,510.616,698.813,513.317
denied,88.394,6.3779,691.933,511.676,697.737,514.321
denied,88.496,6.2178,690.853,512.805,696.467,515.477
denied,88.595,6.1618,689.755,513.916,695.369,516.456
denied,88.695,6.0724,688.727,514.927,694.262,517.424
denied,88.794,5.9756,687.673,515.919,693.100,518.421
denied,88.894,5.8823,686.608,516.901,691.929,519.408
denied,88.995,5.8754,685.435,517.946,690.797,520.347
denied,89.094,5.9095,684.202,519.009,689.659,521.277
denied,89.194,5.9232,683.002,520.032,688.515,522.199
denied,89.294,5.7546,681.868,520.960,687.124,523.304
denied,89.394,5.7889,680.610,521.941,685.919,524.248
denied,89.495,5.7732,679.435,522.837,684.709,525.187
denied,89.594,5.9186,678.149,523.799,683.640,526.008
denied,89.694,5.9270,676.944,524.673,682.422,526.935
denied,89.794,6.0456,675.622,525.612,681.249,527.822
denied,89.894,6.0707,674.394,526.472,680.025,528.741
denied,89.994,5.9863,673.155,527.320,678.601,529.804
denied,90.094,6.1235,671.809,528.233,677.422,530.680
denied,90.194,6.1738,670.557,529.070,676.193,531.591
denied,90.294,6.2357,669.296,529.899,674.963,532.501
denied,90.394,6.4031,667.922,530.793,673.782,533.374
denied,90.494,6.4757,666.652,531.613,672.552,534.283
denied,90.595,6.6637,665.262,532.494,671.371,535.155
denied,90.694,6.7836,663.979,533.306,670.192,536.028
denied,90.794,6.9456,662.591,534.181,668.965,536.939
denied,90.894,6.9258,661.309,534.983,667.544,537.998
denied,90.994,7.0998,659.915,535.852,666.321,538.914
denied,91.100,7.2392,658.627,536.654,665.150,539.795
denied,91.194,7.4119,657.242,537.525,663.932,540.716
denied,91.294,7.6455,655.830,538.387,662.766,541.604
denied,91.394,7.8108,654.531,539.179,661.603,542.495
denied,91.494,8.0187,653.127,540.038,660.395,543.427
denied,91.594,8.1578,651.836,540.833,659.191,544.363
denied,91.694,8.3283,650.548,541.625,658.039,545.266
denied,91.794,8.4377,649.159,542.485,656.653,546.363
denied,91.894,8.6160,647.877,543.279,655.510,547.276
denied,91.994,8.8608,646.491,544.142,654.372,548.193
denied,92.094,9.0454,645.213,544.941,653.238,549.115
denied,92.194,9.2741,643.830,545.810,652.062,550.081
denied,92.294,9.4369,642.562,546.615,650.891,551.053
denied,92.394,9.6906,641.192,547.483,649.771,551.990
denied,92.494,9.7716,639.937,548.288,648.425,553.130
denied,92.594,9.9673,638.686,549.092,647.316,554.078
denied,92.699,10.2205,637.334,549.970,646.212,555.032
denied,92.800,10.4380,636.089,550.784,645.159,555.951
denied,92.902,10.5646,634.802,551.640,643.836,557.115
denied,92.999,10.8180,633.419,552.570,642.702,558.125
denied,93.099,11.0905,632.072,553.454,641.618,559.099
denied,93.199,11.2831,630.839,554.280,640.493,560.119
denied,93.299,11.4909,629.613,555.111,639.418,561.102
denied,93.399,11.7295,628.294,556.016,638.303,562.131
denied,93.499,11.9327,627.070,556.847,637.193,563.165
denied,93.599,12.1880,625.759,557.762,636.132,564.161
denied,93.699,12.3786,624.556,558.607,635.030,565.203
denied,93.799,12.5672,623.258,559.512,633.758,566.417
denied,93.899,12.7781,622.068,560.353,632.710,567.426
denied,93.999,12.9803,620.877,561.197,631.622,568.480
denied,94.099,13.2319,619.586,562.112,630.537,569.538
denied,94.200,13.4320,618.402,562.969,629.456,570.600
denied,94.299,13.6774,617.125,563.911,628.421,571.622
denied,94.401,13.8791,615.951,564.788,627.390,572.647
denied,94.502,14.1232,614.679,565.738,626.362,573.675
denied,94.600,14.2810,613.513,566.620,625.165,574.877
denied,94.700,14.4852,612.349,567.499,624.143,575.909
denied,94.812,14.6840,611.087,568.450,622.910,577.158
denied,94.900,14.8971,610.026,569.258,622.105,577.977
denied,95.000,15.1209,608.779,570.217,621.046,579.057
denied,95.099,15.2823,607.634,571.102,619.863,580.268
denied,95.200,15.5061,606.396,572.056,618.808,581.350
denied,95.302,15.7059,605.259,572.942,617.839,582.346
denied,95.400,15.9276,604.030,573.904,616.828,583.386
denied,95.508,16.1053,602.806,574.870,615.608,584.643
denied,95.605,16.2567,601.775,575.691,614.598,585.683
denied,95.699,14.6502,602.008,577.751,613.589,586.724
denied,95.799,11.1981,603.663,580.991,612.580,587.765
denied,95.899,6.5257,606.242,585.040,611.571,588.807
denied,95.999,2.7527,608.089,588.617,610.555,589.841
denied,96.099,0.6522,609.285,591.521,609.486,590.900
denied,96.200,2.4962,609.999,593.851,608.403,591.931
denied,96.299,3.8512,609.939,595.711,607.123,593.084
denied,96.399,4.7362,609.564,597.161,606.037,594.000
denied,96.499,5.4101,608.919,598.529,604.922,594.883
denied,96.599,5.8790,608.158,599.648,603.774,595.731
denied,96.699,6.2308,607.187,600.731,602.544,596.576
denied,96.799,6.4938,606.189,601.633,601.281,597.380
denied,96.899,6.6533,605.023,602.523,600.041,598.114
denied,96.999,6.7977,603.876,603.269,598.722,598.838
denied,97.100,6.9638,602.571,604.014,597.161,599.628
denied,97.199,6.9945,601.318,604.648,595.904,600.220
denied,97.300,7.0000,599.919,605.285,594.520,600.830
denied,97.399,7.0446,598.600,605.835,593.120,601.409
denied,97.499,7.0156,597.144,606.391,591.706,601.959
denied,97.599,7.0068,595.781,606.874,590.338,602.461
denied,97.699,6.9255,594.287,607.368,588.961,602.942
denied,97.799,6.9360,592.898,607.800,587.518,603.422
denied,97.899,7.0211,591.392,608.250,585.837,603.955
denied,97.999,7.0177,590.009,608.651,584.441,604.380
denied,98.099,6.9086,588.511,609.070,583.099,604.775
denied,98.199,7.2609,587.101,610.025,581.696,605.177
denied,98.299,8.1974,585.709,611.686,580.232,605.586
denied,98.399,9.5448,584.472,613.522,578.533,606.051
denied,98.499,10.8975,583.025,615.564,577.065,606.441
denied,98.599,12.0631,581.670,617.259,575.653,606.804
denied,98.699,13.3077,580.281,619.023,574.296,607.137
denied,98.799,14.2830,579.016,620.348,572.816,607.481
denied,98.900,15.2276,577.643,621.662,571.330,607.805
denied,98.999,16.0336,576.371,622.763,569.897,608.094
denied,99.099,16.9166,574.988,623.955,568.400,608.374
denied,99.199,17.8321,573.709,625.110,566.897,608.631
denied,99.301,18.8330,572.315,626.316,565.147,608.900
denied,99.399,19.5963,571.034,627.253,563.634,609.108
denied,99.499,20.2815,569.639,628.145,562.178,609.285
denied,99.600,20.9124,568.321,628.923,560.718,609.442
denied,99.700,21.5641,566.840,629.764,559.256,609.577
denied,99.799,22.2593,565.420,630.531,557.547,609.710
denied,99.899,22.8480,563.837,631.313,556.141,609.800
denied,99.999,23.3716,562.361,631.947,554.672,609.876
denied,100.099,23.8147,560.773,632.514,553.202,609.935
denied,100.199,24.2761,559.286,632.950,551.424,609.983
denied,100.299,24.5720,557.697,633.325,549.952,610.005
denied,100.400,24.7785,556.199,633.579,548.541,610.014
denied,100.499,24.9101,554.571,633.764,547.069,610.011
denied,100.599,25.1021,553.066,633.859,545.290,609.992
denied,100.699,25.1088,551.431,633.873,543.757,609.966
denied,100.801,25.0498,549.894,633.779,542.225,609.932
denied,100.899,24.8389,548.208,633.569,540.693,609.894
denied,101.000,24.6114,546.658,633.318,539.223,609.856
denied,101.099,24.3877,545.143,633.061,537.754,609.819
denied,101.203,24.2113,543.574,632.875,536.286,609.786
denied,101.299,24.1976,542.169,632.793,534.757,609.758
denied,101.399,24.3217,540.784,632.858,533.230,609.740
denied,101.499,24.4042,539.312,632.940,531.764,609.733
denied,101.599,24.5389,537.971,633.025,530.237,609.737
denied,101.699,24.7220,536.528,633.128,528.468,609.757
denied,101.799,24.8205,535.202,633.234,527.065,609.785
denied,101.899,24.9289,533.768,633.359,525.542,609.827
denied,101.999,25.0433,532.442,633.485,524.080,609.879
denied,102.099,25.2015,531.005,633.632,522.376,609.954
denied,102.199,25.3290,529.675,633.779,520.856,610.035
denied,102.299,25.3913,528.230,633.948,519.459,610.120
denied,102.400,25.4793,526.864,634.109,518.002,610.221
denied,102.499,25.5323,525.271,634.259,516.304,610.353
denied,102.599,25.4985,523.744,634.394,514.911,610.475
denied,102.699,25.4468,522.056,634.548,513.399,610.619
denied,102.799,25.4034,520.488,634.696,511.949,610.771
denied,102.909,25.3706,518.785,634.874,510.321,610.958
denied,103.005,25.3212,517.222,635.058,508.936,611.131
denied,103.106,25.2732,515.534,635.275,507.434,611.335
denied,103.206,25.2468,513.985,635.496,505.995,611.546
denied,103.305,25.2178,512.319,635.758,504.500,611.783
denied,103.405,25.2480,510.791,636.018,502.771,612.077
denied,103.505,25.2295,509.150,636.321,501.284,612.349
denied,103.605,25.2283,507.647,636.622,499.861,612.625
denied,103.705,25.2191,506.034,636.965,498.442,612.916
denied,103.805,25.2334,504.557,637.300,496.968,613.234
denied,103.905,25.2428,502.966,637.680,495.499,613.567
denied,104.006,25.2603,501.507,638.044,494.034,613.914
denied,104.106,25.2724,499.934,638.454,492.631,614.260
denied,104.206,25.2989,498.492,638.846,491.058,614.664
denied,104.305,25.3153,496.936,639.281,489.605,615.050
denied,104.405,25.3346,495.509,639.693,488.156,615.449
denied,104.505,25.3508,493.971,640.148,486.827,615.825
denied,104.605,25.3662,492.557,640.575,485.443,616.227
denied,104.705,25.3838,491.036,641.046,484.005,616.655
denied,104.806,25.3925,489.637,641.485,482.341,617.164
denied,104.906,25.4024,488.131,641.966,480.910,617.611
denied,105.006,25.4077,486.749,642.413,479.482,618.067
denied,105.106,25.4117,485.260,642.899,478.057,618.530
denied,105.205,25.4109,483.887,643.353,476.634,619.000
denied,105.305,25.3060,482.271,643.778,475.213,619.476
denied,105.405,24.9521,480.461,644.003,473.795,619.958
denied,105.505,24.7048,478.636,644.335,472.492,620.406
denied,105.605,24.4216,476.733,644.651,471.134,620.880
denied,105.705,23.9061,474.211,644.889,469.553,621.441
denied,105.806,23.2965,471.879,644.922,468.258,621.909
denied,105.905,22.4909,469.263,644.788,466.854,622.426
denied,106.005,21.8760,467.018,644.756,465.510,622.932
denied,106.106,21.3236,464.721,644.868,463.894,623.561
denied,106.205,21.0054,462.678,645.102,462.564,624.097
denied,106.306,20.7547,460.837,645.423,461.186,624.672
denied,106.405,20.6167,458.952,645.862,459.817,625.264
denied,106.505,20.4380,457.217,646.245,458.510,625.848
denied,106.605,20.2908,455.388,646.685,457.158,626.472
denied,106.705,20.0247,453.681,647.021,455.813,627.110
denied,106.805,19.9190,451.927,647.484,454.529,627.735
denied,106.905,19.8180,450.368,647.980,453.251,628.373
denied,107.005,19.7861,448.727,648.574,451.928,629.049
denied,107.105,19.7166,447.243,649.162,450.610,629.735
denied,107.205,19.7763,445.658,649.833,449.351,630.404
denied,107.306,19.5908,444.209,650.475,447.835,631.223
denied,107.406,19.7181,442.651,651.190,446.637,631.879
denied,107.506,19.7402,441.218,651.863,445.389,632.568
denied,107.609,19.6525,439.671,652.603,443.884,633.407
denied,107.707,19.6257,438.262,653.277,442.588,634.134
denied,107.805,19.4525,436.771,653.740,441.345,634.833
denied,107.905,18.5353,435.369,653.453,440.101,635.532
denied,108.006,17.2628,433.829,652.790,438.804,636.260
denied,108.105,16.4042,432.412,652.535,437.560,636.959
denied,108.205,15.8364,430.883,652.538,436.319,637.663
denied,108.305,15.3647,429.477,652.731,435.031,638.405
denied,108.406,15.1381,427.957,653.092,433.800,639.127
denied,108.505,14.8886,426.555,653.529,432.524,639.889
denied,108.605,14.7937,425.037,654.086,431.254,640.662
denied,108.705,14.0530,423.623,653.914,430.041,641.412
denied,108.806,13.2959,422.092,653.934,428.580,642.328
denied,108.905,12.8685,420.678,654.144,427.326,643.126
denied,109.006,12.6581,419.147,654.525,426.077,643.933
denied,109.105,11.9027,417.730,654.298,424.835,644.749
denied,109.205,11.4732,416.196,654.339,423.598,645.573
denied,109.306,11.1996,414.781,654.568,422.416,646.373
denied,109.405,11.1554,413.249,654.966,421.240,647.183
denied,109.506,10.6862,411.856,654.835,420.071,648.002
denied,109.606,10.2352,410.340,654.955,418.667,649.003
denied,109.707,9.9041,408.943,654.808,417.512,649.842
denied,109.805,9.7709,407.428,654.786,416.315,650.725
denied,109.906,9.7569,406.027,654.978,415.174,651.583
denied,110.005,10.0207,404.508,655.354,414.088,652.415
denied,110.106,9.9061,403.102,655.816,412.728,653.478
denied,110.205,10.2464,401.578,656.172,411.658,654.332
denied,110.305,10.4377,400.168,656.327,410.548,655.232
denied,110.406,10.5806,398.640,656.679,409.214,656.329
denied,110.507,10.9386,397.184,656.907,408.117,657.246
denied,110.605,11.1810,395.846,657.182,406.980,658.209
denied,110.705,11.4682,394.491,657.589,405.848,659.180
denied,110.805,11.9208,393.021,658.087,404.767,660.120
denied,110.905,12.2303,391.717,658.407,403.646,661.106
denied,111.006,12.7007,390.275,658.888,402.574,662.058
denied,111.105,13.0851,388.923,659.422,401.505,663.015
denied,111.206,13.5705,387.443,660.070,400.439,663.978
denied,111.305,13.8173,386.067,660.715,399.154,665.147
denied,111.405,14.2173,384.683,661.392,398.092,666.117
denied,111.505,14.7377,383.176,662.145,397.074,667.050
denied,111.606,15.1383,381.782,662.856,396.011,668.023
denied,111.705,15.5948,380.270,663.642,394.902,669.037
denied,111.805,15.9338,378.873,664.371,393.745,670.089
denied,111.905,16.3490,377.413,665.194,392.674,671.058
denied,112.005,16.4917,376.131,665.929,391.373,672.225
denied,112.106,16.7161,374.900,666.662,390.291,673.184
denied,112.206,16.9286,373.702,667.399,389.248,674.099
denied,112.305,17.1607,372.428,668.175,388.153,675.046
denied,112.405,17.1587,371.281,668.900,386.819,676.180
denied,112.505,17.3112,370.038,669.689,385.660,677.147
denied,112.605,17.4300,368.884,670.400,384.538,678.066
denied,112.705,17.5234,367.733,671.137,383.406,678.975
denied,112.806,17.6485,366.476,671.927,382.217,679.910
denied,112.905,17.7737,365.301,672.640,381.112,680.758
denied,113.007,17.7683,364.035,673.437,379.707,681.811
denied,113.105,17.8337,362.859,674.157,378.531,682.667
denied,113.205,17.8969,361.678,674.857,377.345,683.508
denied,113.306,18.0172,360.404,675.629,376.197,684.300
denied,113.405,18.0192,359.226,676.321,374.938,685.144
denied,113.505,18.0808,357.937,677.052,373.666,685.970
denied,113.605,17.9669,356.755,677.738,372.226,686.872
denied,113.705,18.0282,355.459,678.455,370.980,687.627
denied,113.805,18.0592,354.255,679.098,369.775,688.332
denied,113.906,18.0030,353.055,679.751,368.452,689.079
denied,114.006,17.9154,351.746,680.425,366.957,689.890
denied,114.105,17.8820,350.531,681.035,365.663,690.564
denied,114.210,17.8311,349.315,681.644,364.358,691.217
denied,114.305,17.8535,347.977,682.269,363.042,691.850
denied,114.406,17.7706,346.736,682.839,361.660,692.486
denied,114.505,17.6424,345.382,683.442,360.100,693.171
denied,114.605,17.5859,344.127,683.968,358.751,693.734
denied,114.706,17.7410,342.500,684.570,357.337,694.298
denied,114.805,17.6927,341.132,685.112,355.913,694.837
denied,114.905,17.5202,339.947,685.633,354.537,695.332
denied,115.005,17.4965,338.580,686.123,353.153,695.806
denied,115.105,17.2270,337.296,686.560,351.471,696.349
denied,115.205,17.1799,335.896,687.000,350.013,696.791
denied,115.306,17.0926,334.603,687.390,348.605,697.193
denied,115.406,17.0634,333.203,687.804,347.192,697.574
denied,115.506,25.5121,354.741,721.810,345.713,697.949
denied,115.605,25.7139,353.639,722.233,344.228,698.303
denied,115.706,25.8508,352.559,722.546,342.736,698.634
denied,115.806,25.9386,351.298,722.849,341.295,698.917
denied,115.905,26.0634,350.104,723.115,339.853,699.152
denied,116.005,26.1189,348.700,723.230,338.106,699.356
denied,116.106,26.0377,347.331,723.201,336.654,699.453
denied,116.205,25.8591,345.789,723.046,335.133,699.484
denied,116.308,25.6735,344.332,722.803,333.670,699.448
denied,116.405,25.3508,342.734,722.442,332.267,699.353
denied,116.505,25.2759,341.251,722.028,330.505,699.150
denied,116.606,24.9082,339.645,721.503,329.115,698.930
denied,116.705,24.6519,338.167,720.957,327.673,698.649
denied,116.805,24.2908,336.574,720.306,326.241,698.323
denied,116.906,24.2495,335.125,719.683,324.524,697.874
denied,117.005,23.9284,333.597,719.019,323.173,697.480
denied,117.107,23.7878,332.217,718.412,321.773,697.040
denied,117.205,23.7653,330.755,717.760,320.152,696.491
denied,117.306,23.7352,329.429,717.154,318.715,695.975
denied,117.405,23.6346,328.011,716.498,317.287,695.437
denied,117.505,23.6309,326.714,715.874,315.867,694.880
denied,117.605,23.5384,325.427,715.235,314.567,694.352
denied,117.705,23.3950,324.038,714.529,313.217,693.787
denied,117.805,23.3454,322.764,713.860,311.873,693.211
denied,117.905,23.3830,321.389,713.117,310.312,692.525
denied,118.005,23.3323,320.124,712.425,308.979,691.927
denied,118.105,23.1698,318.757,711.656,307.650,691.322
denied,118.205,23.1033,317.499,710.933,306.324,690.712
denied,118.307,23.1308,316.137,710.145,304.780,689.994
denied,118.406,23.0613,314.883,709.409,303.460,689.376
denied,118.506,22.9295,313.525,708.601,302.085,688.730
denied,118.605,22.9021,312.271,707.854,300.712,688.083
denied,118.705,22.7145,310.919,707.036,299.394,687.463
denied,118.806,22.6866,309.677,706.281,298.020,686.818
denied,118.905,22.5029,308.330,705.467,296.701,686.203
denied,119.006,22.4719,307.086,704.713,295.324,685.565
denied,119.105,20.6542,304.672,702.582,293.946,684.931
denied,119.205,18.1872,301.946,699.884,292.564,684.303
denied,119.305,15.3634,298.940,696.767,291.013,683.607
denied,119.405,13.4772,296.616,694.520,289.622,683.000
denied,119.506,11.8582,294.429,692.574,288.279,682.435
denied,119.606,10.8289,292.619,691.107,286.926,681.895
denied,119.705,9.9002,290.806,689.779,285.563,681.381
denied,119.806,9.5547,289.223,688.735,283.903,680.799
denied,119.905,9.0108,287.567,687.755,282.460,680.331
denied,120.005,8.6418,286.071,686.957,281.066,679.912
denied,120.105,8.1679,284.467,686.187,279.723,679.538
denied,120.206,7.9506,282.994,685.545,278.256,679.160
denied,120.306,7.6489,281.400,684.910,276.782,678.813
denied,120.405,7.4420,279.921,684.388,275.361,678.506
denied,120.505,7.3293,278.317,683.870,273.698,678.179
denied,120.605,7.1555,276.822,683.443,272.267,677.925
denied,120.706,6.9276,275.196,683.015,270.773,677.683
denied,120.805,6.8087,273.691,682.646,269.276,677.463
denied,120.905,6.6504,272.174,682.311,267.835,677.271
denied,121.005,6.4875,270.650,681.990,266.391,677.096
denied,121.105,6.2621,268.987,681.662,264.885,676.931
denied,121.205,6.3207,267.445,681.383,263.134,676.760
denied,121.305,6.0520,265.778,681.091,261.684,676.633
denied,121.406,5.9315,264.239,680.832,260.172,676.514
denied,121.506,5.6209,262.566,680.569,258.779,676.415
denied,121.605,5.4557,261.024,680.332,257.324,676.322
denied,121.706,5.4106,259.357,680.081,255.566,676.221
denied,121.805,5.2925,257.813,679.864,254.048,676.144
denied,121.905,5.1749,256.275,679.645,252.530,676.074
denied,122.006,4.9102,254.613,679.416,251.073,676.013
denied,122.106,4.7983,253.079,679.210,249.553,675.956
denied,122.205,4.6387,251.548,679.002,248.094,675.905
denied,122.305,4.2673,249.762,678.763,246.635,675.859
denied,122.406,4.0411,248.089,678.550,245.115,675.814
denied,122.505,3.8828,246.561,678.349,243.655,675.774
denied,122.606,3.6747,244.919,678.133,242.135,675.735
denied,122.706,3.5770,243.403,677.937,240.614,675.697
denied,122.807,3.3696,241.762,677.718,239.094,675.661
denied,122.906,3.4177,240.121,677.502,237.269,675.618
denied,123.005,3.2821,238.604,677.306,235.810,675.584
denied,123.105,3.0944,237.090,677.101,234.411,675.552
denied,123.206,2.9014,235.450,676.884,232.891,675.515
denied,123.306,2.8352,233.938,676.683,231.372,675.478
denied,123.406,2.6537,232.304,676.456,229.853,675.440
denied,123.506,2.5474,230.796,676.251,228.395,675.401
denied,123.606,2.4623,229.112,676.067,226.755,675.355
denied,123.705,2.2144,227.482,675.942,225.359,675.314
denied,123.806,1.8367,225.573,675.880,223.842,675.267
denied,123.905,1.5768,223.781,675.820,222.325,675.216
denied,124.005,1.1970,221.921,675.735,220.869,675.164
denied,124.105,1.0732,220.217,675.742,219.354,675.104
denied,124.205,0.9486,218.346,675.839,217.838,675.038
denied,124.305,1.1011,216.634,676.021,216.324,674.965
denied,124.405,1.4355,214.787,676.318,214.810,674.883
denied,124.505,1.8218,213.109,676.596,213.055,674.775
denied,124.605,2.1060,211.346,676.761,211.664,674.679
denied,124.705,2.2901,209.768,676.818,210.152,674.560
denied,124.805,2.5936,208.101,676.955,208.701,674.432
denied,124.905,2.9373,206.584,677.155,207.191,674.282
denied,125.005,3.3629,204.954,677.391,205.743,674.122
denied,125.105,3.6646,203.459,677.533,203.994,673.908
denied,125.205,4.1942,201.908,677.856,202.489,673.702
denied,125.305,4.6070,200.277,678.030,201.046,673.487
denied,125.405,5.0620,198.842,678.257,199.605,673.253
denied,125.505,5.3627,197.293,678.291,198.227,673.010
denied,125.605,5.7246,195.914,678.377,196.553,672.688
denied,125.705,6.0641,194.443,678.422,195.182,672.403
denied,125.805,6.2567,193.077,678.305,193.755,672.085
denied,125.907,6.4024,191.593,678.049,191.977,671.658
denied,126.005,6.3903,190.226,677.721,190.797,671.356
denied,126.105,6.3571,188.747,677.290,189.326,670.959
denied,126.206,6.3121,187.389,676.836,187.860,670.542
denied,126.305,6.2688,185.925,676.300,186.167,670.036
denied,126.405,6.1742,184.579,675.771,184.772,669.600
denied,126.506,6.0406,183.131,675.169,183.324,669.132
denied,126.606,5.9225,181.794,674.591,181.938,668.671
denied,126.705,5.7955,180.450,673.994,180.557,668.199
denied,126.805,5.6146,178.990,673.330,179.179,667.718
denied,126.907,5.5769,177.641,672.702,177.519,667.127
denied,127.005,5.4042,176.175,672.013,176.091,666.609
denied,127.106,5.2620,174.820,671.368,174.724,666.107
denied,127.206,5.3210,173.254,670.899,173.302,665.578
denied,127.306,5.3630,171.846,670.409,171.882,665.046
denied,127.407,5.3032,170.352,669.832,170.521,664.531
denied,127.507,5.4017,168.900,669.389,169.105,663.991
denied,127.605,5.5755,167.270,669.006,167.692,663.447
denied,127.706,5.7579,165.784,668.668,166.393,662.942
denied,127.808,6.0651,164.249,668.345,164.759,662.301
denied,127.906,6.2119,162.866,667.953,163.408,661.765
denied,128.005,6.2677,161.393,667.455,162.060,661.223
denied,128.106,6.3033,160.055,666.943,160.714,660.674
denied,128.205,6.2945,158.646,666.354,159.314,660.096
denied,128.305,6.3113,157.416,665.802,157.917,659.510
denied,128.405,6.2688,156.070,665.171,156.523,658.919
denied,128.505,6.2325,154.821,664.567,155.185,658.346
denied,128.605,6.2574,153.452,663.903,153.572,657.647
denied,128.705,6.2500,152.167,663.291,152.183,657.041
denied,128.805,6.1909,150.735,662.645,150.851,656.456
denied,128.906,6.1700,149.423,662.037,149.520,655.868
denied,129.006,6.0652,147.988,661.340,148.189,655.278
denied,129.106,6.1205,146.653,660.708,146.638,654.587
denied,129.205,6.0474,145.229,660.016,145.254,653.969
denied,129.305,5.9729,143.891,659.322,143.870,653.349
denied,129.405,5.7732,142.438,658.548,142.598,652.777
denied,129.505,5.5185,140.991,657.692,141.270,652.180
denied,129.605,5.3243,139.555,656.805,139.722,651.483
denied,129.705,5.0534,138.224,655.937,138.394,650.886
denied,129.805,4.7283,136.817,655.033,137.122,650.315
denied,129.906,4.5364,135.502,654.157,135.571,649.621
denied,130.005,4.1893,134.100,653.217,134.242,649.030
denied,130.106,3.9186,132.841,652.360,132.911,648.442
denied,130.206,3.6162,131.504,651.450,131.523,647.834
denied,130.305,3.3736,130.274,650.653,130.245,647.279
denied,130.406,3.3169,128.945,649.889,128.630,646.587
denied,130.505,3.2322,127.710,649.226,127.292,646.021
denied,130.605,3.1589,126.465,648.578,125.952,645.461
denied,130.709,3.0561,125.105,647.889,124.554,644.883
denied,130.806,2.9973,123.844,647.264,123.210,644.335
denied,130.905,2.8889,122.623,646.579,121.864,643.791
denied,131.005,2.6586,121.274,645.762,120.461,643.230
denied,131.108,2.6326,119.991,644.949,118.831,642.585
denied,131.205,2.4077,118.601,644.135,117.424,642.035
denied,131.305,2.3378,117.320,643.429,116.015,641.489
denied,131.406,2.1984,115.931,642.702,114.604,640.949
denied,131.505,2.1430,114.649,642.058,113.248,640.436
denied,131.605,2.0518,113.261,641.382,111.834,639.908
denied,131.705,2.0342,111.979,640.773,110.474,639.404
denied,131.805,1.8043,110.483,640.079,109.113,638.906
denied,131.907,2.1013,109.202,639.492,107.466,638.308
denied,132.006,1.9720,107.784,638.845,106.102,637.817
denied,132.105,1.9746,106.423,638.234,104.679,637.308
denied,132.205,1.8194,104.911,637.556,103.256,636.802
denied,132.306,1.9333,103.602,637.073,101.831,636.298
denied,132.405,1.9137,102.192,636.482,100.406,635.796
denied,132.505,1.9928,100.888,635.869,98.979,635.295
denied,132.605,1.9141,99.481,635.218,97.610,634.814
denied,132.706,1.9703,98.189,634.627,96.240,634.332
denied,132.805,1.9954,96.801,634.005,94.814,633.831
denied,132.905,2.1045,95.491,633.374,93.387,633.329
denied,133.006,2.0883,94.039,632.640,91.959,632.826
denied,133.107,2.1294,92.696,632.029,90.589,632.343
denied,133.205,2.0679,91.238,631.409,89.220,631.859
denied,133.305,2.3671,89.898,630.878,87.564,631.273
denied,133.406,2.3524,88.454,630.356,86.138,630.767
denied,133.505,2.4568,87.138,629.867,84.712,630.259
denied,133.606,2.4630,85.718,629.350,83.287,629.748
denied,133.705,2.5209,84.373,628.998,81.864,629.235
denied,133.805,2.4016,82.899,628.683,80.498,628.739
denied,133.905,2.4071,81.464,628.528,79.077,628.217
denied,134.005,2.3213,79.866,628.407,77.658,627.690
denied,134.105,2.3623,78.343,628.360,76.297,627.177
denied,134.205,2.4244,76.771,628.155,74.884,626.634
denied,134.306,2.6445,75.350,628.019,73.530,626.100
denied,134.406,3.2101,73.789,628.034,71.901,625.438
denied,134.505,3.5636,72.389,627.932,70.558,624.875
denied,134.606,3.7765,70.931,627.663,69.220,624.296
denied,134.705,4.0007,69.626,627.304,67.889,623.700
denied,134.805,4.3046,68.287,627.031,66.565,623.086
denied,134.906,4.6356,66.971,626.709,65.193,622.428
denied,135.006,4.8273,65.594,626.245,63.830,621.751
denied,135.105,5.0015,64.358,625.739,62.530,621.084
denied,135.205,5.3009,63.048,625.131,60.971,620.255
denied,135.305,5.4304,61.862,624.527,59.689,619.550
denied,135.405,5.5089,60.599,623.835,58.364,618.800
denied,135.506,5.6695,59.449,623.170,57.048,618.034
denied,135.605,5.6856,58.221,622.427,55.792,617.286
denied,135.705,5.7919,57.100,621.723,54.544,616.526
denied,135.805,5.7653,55.864,620.919,53.303,615.754
denied,135.905,5.9616,54.496,620.362,52.017,614.940
denied,136.006,6.3280,53.016,619.804,50.534,613.983
denied,136.105,6.5037,51.730,619.219,49.313,613.182
denied,136.205,6.6257,50.405,618.529,48.048,612.337
denied,136.305,6.8214,49.229,617.852,46.790,611.481
denied,136.406,6.9198,47.996,617.084,45.540,610.615
denied,136.505,7.1029,46.888,616.352,44.298,609.738
denied,136.605,7.1415,45.713,615.538,43.112,608.887
denied,136.707,7.3229,44.649,614.773,41.883,607.992
denied,136.805,7.4126,43.513,613.931,40.661,607.089
denied,136.905,7.5365,42.432,613.098,39.445,606.178
denied,137.005,7.3549,41.161,612.066,38.282,605.298
denied,137.106,7.2405,39.927,611.030,37.075,604.375
denied,137.206,6.9549,38.565,609.859,35.873,603.446
denied,137.305,6.9252,37.297,608.750,34.531,602.401
denied,137.406,6.4950,35.926,607.536,33.432,601.539
denied,137.507,6.2941,34.666,606.408,32.240,600.600
denied,137.605,6.1068,33.421,605.287,31.051,599.659
denied,137.706,5.7347,32.074,604.065,29.911,598.754
denied,137.806,5.5148,30.853,602.957,28.772,597.850
denied,137.905,5.2434,29.547,601.771,27.587,596.908
denied,138.012,5.2623,28.351,600.684,26.260,595.855
denied,138.113,5.0852,27.166,599.610,25.124,594.953
denied,138.212,4.8516,25.892,598.456,23.940,594.015
denied,138.312,4.7099,24.638,597.396,22.755,593.078
denied,138.412,4.3535,23.121,596.268,21.618,592.182
denied,138.512,4.3998,21.740,595.238,20.242,591.101
denied,138.612,3.8656,20.259,594.101,19.293,590.358
denied,138.712,3.9219,18.941,593.067,17.916,589.281
denied,138.812,3.5913,17.561,591.896,16.777,588.391
denied,138.912,3.3836,16.323,590.816,15.638,587.502
denied,139.012,3.0622,15.006,589.633,14.499,586.613
denied,139.112,3.0890,13.817,588.551,13.122,585.541
denied,139.212,2.7810,12.540,587.378,11.983,584.654
denied,139.313,2.4498,11.278,586.224,10.890,583.805
denied,139.412,2.2897,10.127,585.179,9.750,582.921
denied,139.512,2.3852,8.996,584.156,8.371,581.854
denied,139.612,2.1666,7.785,583.068,7.229,580.974
denied,139.712,2.0176,6.675,582.076,6.134,580.132
denied,139.812,1.7957,5.483,581.032,5.038,579.292
denied,139.912,1.9501,4.390,580.096,3.703,578.272
denied,140.012,1.8790,3.213,579.106,2.510,577.363
denied,140.112,1.9293,2.129,578.206,1.316,576.456
denied,140.212,1.8336,0.957,577.243,0.168,575.587
denied,140.312,1.8858,-0.126,576.340,-1.027,574.684
denied,140.412,1.7784,-1.298,575.364,-2.176,573.817
denied,140.512,1.7757,-2.378,574.453,-3.326,572.951
denied,140.612,1.9610,-3.547,573.481,-4.715,571.906
denied,140.712,2.0372,-4.624,572.582,-5.914,571.005
denied,140.812,1.8767,-5.803,571.608,-7.017,570.177
denied,140.912,1.9287,-6.914,570.700,-8.216,569.277
denied,141.012,1.7913,-8.136,569.714,-9.367,568.413
denied,141.112,1.5824,-9.427,568.694,-10.519,567.549
denied,141.213,1.8507,-10.586,567.797,-11.910,566.504
denied,141.317,1.6378,-11.856,566.835,-13.013,565.675
denied,141.417,1.6154,-13.029,565.960,-14.163,564.810
denied,141.517,1.5295,-14.313,565.020,-15.361,563.907
denied,141.617,1.5118,-15.499,564.163,-16.509,563.038
denied,141.718,1.7297,-16.798,563.247,-17.943,561.950
denied,141.817,1.7166,-18.005,562.409,-19.088,561.077
denied,141.918,1.6590,-19.316,561.517,-20.278,560.165
denied,142.018,1.6182,-20.503,560.689,-21.371,559.323
denied,142.117,1.5330,-21.750,559.773,-22.509,558.440
denied,142.218,1.6172,-22.875,558.913,-23.690,557.517
denied,142.317,1.5397,-24.070,557.969,-24.821,556.625
denied,142.417,1.6291,-25.157,557.088,-25.996,555.692
denied,142.517,1.8400,-26.319,556.125,-27.353,554.603
denied,142.617,1.8231,-27.381,555.229,-28.425,553.735
denied,142.717,1.7540,-28.521,554.252,-29.541,552.825
denied,142.817,1.7993,-29.566,553.344,-30.652,551.910
denied,142.917,2.0283,-30.689,552.356,-31.990,550.800
denied,143.017,2.1258,-31.730,551.429,-33.140,549.838
denied,143.117,2.0138,-32.879,550.395,-34.240,548.910
denied,143.218,2.0636,-33.948,549.424,-35.382,547.940
denied,143.317,1.9177,-35.113,548.355,-36.475,547.005
denied,143.418,1.8886,-36.189,547.361,-37.565,546.066
denied,143.517,1.7957,-37.352,546.276,-38.696,545.085
denied,143.618,2.0072,-38.422,545.271,-39.960,543.981
denied,143.717,1.9162,-39.578,544.177,-41.084,542.992
denied,143.818,1.8298,-40.640,543.162,-42.115,542.079
denied,143.917,1.7419,-41.789,542.057,-43.233,541.084
denied,144.019,1.7205,-42.844,541.035,-44.303,540.125
denied,144.117,1.5867,-43.979,539.926,-45.370,539.162
denied,144.218,1.8107,-45.021,538.902,-46.611,538.036
denied,144.318,1.6887,-46.145,537.789,-47.672,537.068
denied,144.417,1.6877,-47.177,536.759,-48.729,536.097
denied,144.517,1.7993,-48.293,535.638,-49.959,534.960
denied,144.617,1.8583,-49.317,534.602,-51.054,533.942
denied,144.717,1.8105,-50.422,533.476,-52.146,532.921
denied,144.817,1.8221,-51.438,532.435,-53.191,531.938
denied,144.917,1.7375,-52.532,531.306,-54.233,530.953
denied,145.017,1.7624,-53.536,530.264,-55.273,529.965
denied,145.118,1.8904,-54.620,529.133,-56.482,528.809
denied,145.217,1.8708,-55.616,528.086,-57.473,527.857
denied,145.317,1.8594,-56.692,526.947,-58.547,526.820
denied,145.417,1.8935,-57.683,525.893,-59.575,525.822
denied,145.517,533.7802,215.882,981.349,-60.644,524.780
denied,145.617,533.8477,214.921,980.320,-61.711,523.737
denied,145.717,533.9728,213.890,979.195,-62.899,522.561
denied,145.817,533.9831,212.964,978.144,-63.895,521.540
denied,145.917,533.8825,211.998,976.994,-64.860,520.507
denied,146.017,533.8433,211.148,975.918,-65.748,519.500
denied,146.117,534.0405,210.277,974.732,-66.807,518.198
denied,146.217,534.1267,209.517,973.611,-67.667,517.037
denied,146.317,534.1056,208.744,972.362,-68.478,515.836
denied,146.417,534.2033,208.080,971.176,-69.239,514.594
denied,146.517,534.1311,207.414,969.856,-69.921,513.367
denied,146.617,534.2286,206.852,968.602,-70.577,512.057
denied,146.717,534.1514,206.300,967.209,-71.157,510.772
denied,146.817,534.2437,205.840,965.897,-71.711,509.409
denied,146.922,534.2218,205.393,964.452,-72.216,508.024
denied,147.017,534.2562,205.023,963.101,-72.659,506.678
denied,147.117,534.2372,204.668,961.621,-73.079,505.259
denied,147.218,534.3298,204.378,960.244,-73.458,503.828
denied,147.317,534.3127,204.104,958.739,-73.801,502.385
denied,147.417,534.4080,203.883,957.346,-74.108,500.933
denied,147.517,534.3987,203.674,955.834,-74.384,499.472
denied,147.620,534.4979,203.512,954.432,-74.630,498.006
denied,147.717,534.4914,203.365,952.910,-74.848,496.534
denied,147.817,534.7539,203.252,951.502,-75.063,494.881
denied,147.917,534.8546,203.162,950.094,-75.230,493.402
denied,148.017,534.7999,203.084,948.570,-75.371,491.980
denied,148.117,534.9016,203.032,947.160,-75.498,490.498
denied,148.217,534.9042,202.995,945.635,-75.608,489.014
denied,148.317,535.0090,202.975,944.229,-75.701,487.529
denied,148.417,535.0144,202.969,942.707,-75.779,486.045
denied,148.517,535.1212,202.979,941.301,-75.843,484.560
denied,148.617,535.1299,203.000,939.783,-75.895,483.076
denied,148.717,535.2391,203.029,938.384,-75.936,481.591
denied,148.817,535.2522,203.075,936.869,-75.966,480.108
denied,148.924,535.3103,203.125,935.471,-75.985,478.684
denied,149.025,535.2722,203.192,933.955,-75.996,477.260
denied,149.124,535.3861,203.259,932.562,-76.000,475.777
denied,149.224,535.4063,203.326,931.065,-75.996,474.295
denied,149.324,535.5242,203.391,929.689,-75.985,472.814
denied,149.442,535.6983,203.467,928.200,-75.965,471.155
denied,149.542,535.7625,203.541,926.822,-75.942,469.732
denied,149.642,535.7320,203.629,925.328,-75.914,468.311
denied,149.743,535.7979,203.715,923.951,-75.881,466.889
denied,149.842,535.7693,203.808,922.462,-75.843,465.468
denied,149.942,536.0836,203.900,921.089,-75.791,463.750
denied,150.042,536.1061,204.004,919.601,-75.741,462.270
denied,150.142,536.1697,204.104,918.225,-75.690,460.849
denied,150.242,536.1878,204.220,916.730,-75.633,459.369
denied,150.342,536.2490,204.333,915.348,-75.574,457.947
denied,150.442,536.2640,204.458,913.848,-75.509,456.467
denied,150.542,536.3724,204.579,912.462,-75.441,454.987
denied,150.642,536.4328,204.704,911.077,-75.373,453.566
denied,150.742,536.4938,204.830,909.694,-75.302,452.145
denied,150.842,536.5098,204.968,908.195,-75.225,450.664
denied,150.942,536.8153,205.103,906.810,-75.133,448.947
denied,151.047,536.7828,205.251,905.309,-75.054,447.526
denied,151.143,536.8439,205.392,903.923,-74.973,446.105
denied,151.242,536.9023,205.535,902.533,-74.890,444.684
denied,151.343,537.1106,205.692,901.027,-74.787,442.967
denied,151.451,537.1670,205.840,899.635,-74.699,441.546
denied,151.551,537.2207,205.991,898.239,-74.610,440.125
denied,151.653,537.1801,206.158,896.724,-74.520,438.704
denied,151.751,537.1844,206.316,895.325,-74.432,437.343
denied,151.851,537.3850,206.484,893.810,-74.319,435.627
denied,151.951,537.4352,206.641,892.411,-74.224,434.207
denied,152.050,537.3926,206.815,890.894,-74.128,432.787
denied,152.151,537.4387,206.974,889.491,-74.031,431.368
denied,152.251,537.5346,207.134,888.090,-73.928,429.890
denied,152.354,537.7777,207.296,886.692,-73.812,428.235
denied,152.450,537.7337,207.467,885.179,-73.712,426.817
denied,152.550,537.7842,207.626,883.785,-73.610,425.399
denied,152.651,537.8827,207.788,882.390,-73.504,423.922
denied,152.751,537.8896,207.958,880.883,-73.397,422.445
denied,152.851,538.0889,208.118,879.495,-73.280,420.850
denied,152.954,538.1917,208.276,878.109,-73.171,419.374
denied,153.051,538.2408,208.436,876.715,-73.065,417.956
denied,153.151,538.0195,208.653,874.913,-72.955,416.478
denied,153.250,538.0215,208.832,873.396,-72.844,415.001
denied,153.351,538.1512,208.984,872.046,-72.732,413.523
denied,153.451,538.1897,209.164,870.572,-72.619,412.046
denied,153.551,538.2588,209.329,869.201,-72.510,410.628
denied,153.651,538.2815,209.510,867.709,-72.396,409.151
denied,153.751,538.3437,209.681,866.327,-72.286,407.733
denied,153.851,538.5019,209.861,864.827,-72.157,406.079
denied,153.951,538.6038,210.031,863.437,-72.042,404.603
denied,154.051,538.6564,210.206,862.042,-71.931,403.185
denied,154.151,538.6589,210.374,860.649,-71.823,401.826
denied,154.251,538.8597,210.559,859.141,-71.688,400.114
denied,154.351,538.9617,210.722,857.869,-71.580,398.755
denied,154.451,539.0652,210.894,856.480,-71.463,397.278
denied,154.551,539.0795,211.086,854.974,-71.345,395.801
denied,154.652,539.1839,211.266,853.581,-71.227,394.324
denied,154.751,539.0942,211.458,852.065,-71.118,392.964
denied,154.856,539.3834,211.641,850.663,-70.980,391.250
denied,154.950,539.2404,211.824,849.258,-70.885,390.068
denied,155.051,539.4858,212.021,847.739,-70.741,388.294
denied,155.151,539.5462,212.208,846.347,-70.627,386.874
denied,155.251,539.6026,212.392,844.951,-70.512,385.455
denied,155.351,539.7062,212.576,843.554,-70.392,383.976
denied,155.451,539.7659,212.767,842.158,-70.277,382.556
denied,155.550,539.8695,212.951,840.761,-70.157,381.077
denied,155.650,539.8353,213.154,839.246,-70.041,379.657
denied,155.751,539.8955,213.348,837.848,-69.926,378.236
denied,155.856,539.8231,213.598,835.978,-69.786,376.519
denied,155.950,539.8763,213.788,834.574,-69.670,375.098
denied,156.051,539.9821,213.967,833.238,-69.555,373.677
denied,156.151,539.9334,214.166,831.764,-69.444,372.315
denied,156.251,540.2478,214.351,830.388,-69.304,370.598
denied,156.350,540.2291,214.562,828.886,-69.189,369.176
denied,156.450,540.2507,214.764,827.380,-69.069,367.695
denied,156.551,540.3088,214.952,825.982,-68.953,366.274
denied,156.651,540.3260,215.164,824.464,-68.833,364.793
denied,156.751,540.3348,215.355,823.062,-68.723,363.430
denied,156.851,540.6347,215.546,821.665,-68.583,361.712
denied,156.951,540.6573,215.762,820.150,-68.464,360.231
denied,157.051,540.7128,215.953,818.747,-68.349,358.809
denied,157.151,540.7305,216.164,817.230,-68.230,357.328
denied,157.251,540.7983,216.367,815.833,-68.115,355.906
denied,157.352,540.9107,216.558,814.439,-67.996,354.424
denied,157.451,540.8434,216.771,812.932,-67.887,353.061
denied,157.551,541.0707,216.992,811.429,-67.749,351.342
denied,157.651,541.1389,217.182,810.038,-67.636,349.919
denied,157.751,541.1645,217.395,808.526,-67.518,348.435
denied,157.851,541.2331,217.597,807.128,-67.405,347.011
denied,157.951,541.3423,217.788,805.727,-67.287,345.527
denied,158.051,541.4140,218.001,804.210,-67.165,343.983
denied,158.151,541.4354,218.203,802.811,-67.057,342.617
denied,158.251,541.4535,218.411,801.291,-66.941,341.132
denied,158.351,541.5196,218.608,799.890,-66.829,339.705
denied,158.451,541.8259,218.806,798.487,-66.694,337.982
denied,158.551,541.7981,219.013,796.968,-66.583,336.555
denied,158.651,541.8664,219.211,795.567,-66.472,335.127
denied,158.751,541.9803,219.404,794.165,-66.357,333.640
denied,158.851,542.0439,219.592,792.763,-66.248,332.212
denied,158.951,542.0715,219.804,791.247,-66.134,330.725
denied,159.051,542.1829,219.990,789.844,-66.022,329.236
denied,159.150,542.0117,220.212,788.141,-65.916,327.808
denied,159.251,542.2255,220.415,786.619,-65.790,326.081
denied,159.350,542.3287,220.588,785.210,-65.683,324.591
denied,159.451,5.1457,-63.152,327.754,-65.588,323.221
denied,159.551,5.2254,-62.962,326.366,-65.488,321.791
denied,159.651,5.1981,-62.768,324.848,-65.393,320.362
denied,159.751,5.7162,-62.859,323.808,-65.304,318.641
denied,159.851,6.4157,-62.866,323.183,-65.261,317.232
denied,159.951,7.1072,-62.803,322.449,-65.257,315.779
denied,160.051,7.4825,-62.776,321.444,-65.301,314.400
denied,160.152,7.7404,-62.797,320.386,-65.392,313.094
denied,160.251,8.0887,-62.882,319.149,-65.581,311.524
denied,160.351,8.2437,-63.025,317.952,-65.818,310.196
denied,160.451,8.2501,-63.260,316.615,-66.131,308.881
denied,160.551,8.3838,-63.555,315.363,-66.543,307.530
denied,160.651,8.3868,-63.966,314.004,-67.045,306.203
denied,160.751,8.6528,-64.432,312.762,-67.716,304.757
denied,160.851,8.6220,-65.034,311.442,-68.412,303.510
denied,160.951,8.6308,-65.684,310.256,-69.166,302.359
denied,161.051,8.4582,-66.489,309.016,-69.964,301.305
denied,161.150,8.4943,-67.328,307.921,-70.913,300.220
denied,161.253,8.3535,-68.330,306.795,-71.899,299.242
denied,161.351,8.5793,-69.332,305.819,-73.180,298.151
denied,161.452,8.3719,-70.495,304.836,-74.260,297.359
denied,161.551,8.3205,-71.630,304.000,-75.440,296.603
denied,161.651,8.1630,-72.922,303.172,-76.669,295.919
denied,161.751,8.2872,-74.170,302.479,-78.156,295.214
denied,161.851,8.1225,-75.562,301.807,-79.470,294.686
denied,161.951,8.0532,-76.883,301.258,-80.813,294.228
denied,162.051,7.8888,-78.354,300.735,-82.181,293.837
denied,162.151,8.0089,-79.741,300.317,-83.858,293.448
denied,162.254,7.8340,-81.269,299.930,-85.262,293.190
denied,162.351,7.7456,-82.692,299.628,-86.676,292.985
denied,162.451,7.5767,-84.301,299.346,-88.157,292.824
denied,162.551,7.4565,-85.739,299.143,-89.523,292.718
denied,162.651,7.4598,-87.310,298.969,-91.249,292.634
denied,162.751,7.3293,-88.881,298.833,-92.738,292.601
denied,162.851,7.2718,-90.329,298.738,-94.227,292.599
denied,162.951,7.2152,-91.775,298.668,-95.715,292.624
denied,163.051,7.0919,-93.336,298.616,-97.201,292.670
denied,163.151,7.0077,-94.775,298.586,-98.626,292.731
denied,163.251,6.8886,-96.332,298.571,-100.109,292.810
denied,163.351,6.8371,-97.777,298.575,-101.590,292.900
denied,163.452,6.6906,-99.345,298.593,-103.010,292.995
denied,163.551,6.6098,-100.796,298.619,-104.429,293.096
denied,163.651,6.4945,-102.366,298.651,-105.906,293.206
denied,163.751,6.4434,-103.811,298.681,-107.382,293.317
denied,163.851,6.2997,-105.374,298.712,-108.798,293.424
denied,163.951,6.3682,-106.814,298.738,-110.509,293.551
denied,164.051,6.2218,-108.369,298.757,-111.925,293.651
denied,164.151,6.1436,-109.801,298.768,-113.340,293.747
denied,164.250,5.1210,-111.367,297.625,-114.816,293.840
denied,164.351,4.0583,-112.849,296.162,-116.233,293.921
denied,164.450,3.3197,-114.480,294.763,-117.710,293.996
denied,164.552,3.4678,-115.966,293.826,-119.425,294.071
denied,164.651,3.2934,-117.635,293.163,-120.786,294.120
denied,164.751,3.1909,-119.279,292.894,-122.208,294.162
denied,164.851,2.8230,-121.120,292.902,-123.631,294.192
denied,164.951,2.8265,-122.772,292.932,-125.292,294.211
denied,165.051,2.6180,-124.503,292.915,-126.777,294.212
denied,165.151,2.5239,-126.062,292.859,-128.203,294.195
denied,165.251,2.2451,-127.740,292.948,-129.630,294.160
denied,165.351,2.1172,-129.268,292.973,-131.057,294.105
denied,165.451,2.0913,-130.899,292.990,-132.721,294.015
denied,165.551,1.9619,-132.387,293.047,-134.148,293.913
denied,165.650,1.7683,-133.988,293.002,-135.573,293.787
denied,165.751,1.7656,-135.457,292.880,-137.056,293.630
denied,165.851,1.6332,-137.039,292.678,-138.477,293.453
denied,165.950,1.6704,-138.492,292.434,-139.955,293.240
denied,166.051,1.5873,-140.056,292.118,-141.370,293.009
denied,166.151,1.8274,-141.490,291.780,-143.074,292.692
denied,166.251,1.7723,-143.035,291.371,-144.479,292.398
denied,166.353,1.7855,-144.568,290.916,-145.937,292.062
denied,166.452,1.8455,-145.972,290.459,-147.329,291.710
denied,166.551,1.9487,-147.357,289.973,-148.773,291.312
denied,166.653,2.0031,-148.825,289.432,-150.207,290.882
denied,166.752,2.0769,-150.165,288.915,-151.576,290.439
denied,166.851,2.2002,-151.600,288.335,-153.162,289.885
denied,166.951,2.2866,-152.913,287.777,-154.566,289.357
denied,167.051,2.3246,-154.320,287.147,-155.959,288.796
denied,167.151,2.4003,-155.606,286.543,-157.339,288.204
denied,167.251,2.4133,-156.983,285.862,-158.651,287.605
denied,167.351,2.4805,-158.240,285.208,-160.005,286.951
denied,167.451,2.4933,-159.585,284.473,-161.290,286.292
denied,167.551,2.5521,-160.814,283.767,-162.614,285.575
denied,167.651,2.5668,-162.130,282.970,-163.869,284.858
denied,167.751,2.6050,-163.333,282.206,-165.109,284.112
denied,167.851,2.6338,-164.614,281.353,-166.382,283.305
denied,167.952,2.7428,-165.779,280.539,-167.885,282.296
denied,168.051,2.7177,-166.927,279.701,-168.871,281.600
denied,168.151,2.7408,-168.151,278.762,-170.086,280.703
denied,168.251,2.8210,-169.264,277.865,-171.468,279.626
denied,168.351,2.8236,-170.450,276.862,-172.589,278.706
denied,168.451,2.8482,-171.524,275.910,-173.690,277.760
denied,168.551,2.8587,-172.663,274.856,-174.769,276.788
denied,168.650,2.8846,-173.691,273.860,-175.870,275.750
denied,168.751,2.9005,-174.779,272.754,-176.903,274.729
denied,168.851,2.9244,-175.761,271.708,-177.956,273.641
denied,168.950,2.9474,-176.800,270.547,-178.983,272.528
denied,169.050,2.9711,-177.735,269.450,-179.984,271.391
denied,169.150,2.9963,-178.721,268.239,-181.113,270.044
denied,169.251,3.0164,-179.606,267.098,-182.020,268.906
denied,169.351,3.0420,-180.537,265.834,-182.939,267.700
denied,169.450,3.0642,-181.371,264.646,-183.831,266.474
denied,169.551,3.0851,-182.180,263.442,-184.695,265.229
denied,169.651,3.1121,-183.027,262.119,-185.533,263.965
denied,169.751,3.1361,-183.783,260.879,-186.311,262.735
denied,169.851,3.1736,-184.573,259.512,-187.096,261.437
denied,169.950,3.1962,-185.275,258.233,-187.853,260.123
denied,170.051,3.2436,-186.009,256.838,-188.555,258.848
denied,170.151,3.2541,-186.712,255.428,-189.343,257.343
denied,170.251,3.2530,-187.284,254.223,-190.018,255.986
denied,170.351,3.2888,-187.934,252.787,-190.668,254.615
denied,170.451,3.3248,-188.500,251.428,-191.292,253.234
denied,170.554,3.4226,-189.023,250.014,-191.844,251.952
denied,170.651,3.5307,-189.506,248.556,-192.419,250.550
denied,170.753,3.6563,-189.988,246.946,-193.036,248.967
denied,170.852,3.8128,-190.402,245.437,-193.540,247.601
denied,170.951,4.0258,-190.820,243.791,-194.024,246.228
denied,171.051,4.2128,-191.172,242.249,-194.488,244.848
denied,171.151,4.4623,-191.529,240.574,-194.932,243.461
denied,171.252,4.6206,-191.839,239.036,-195.374,242.011
denied,171.351,4.8725,-192.148,237.365,-195.781,240.613
denied,171.451,5.0225,-192.418,235.831,-196.186,239.152
denied,171.551,5.0682,-192.669,234.295,-196.635,237.451
denied,171.651,5.3064,-192.919,232.632,-196.988,236.038
denied,171.751,5.4701,-193.138,231.105,-197.327,234.622
denied,171.850,5.6965,-193.360,229.458,-197.652,233.203
denied,171.951,5.8492,-193.550,227.943,-197.964,231.780
denied,172.051,6.0359,-193.744,226.307,-198.275,230.295
denied,172.151,6.0555,-193.911,224.805,-198.607,228.629
denied,172.251,6.2632,-194.077,223.176,-198.879,227.197
denied,172.352,6.3864,-194.225,221.685,-199.139,225.763
denied,172.450,6.5718,-194.375,220.080,-199.389,224.327
denied,172.551,6.5244,-194.438,218.701,-199.677,222.589
denied,172.651,6.6844,-194.214,217.596,-199.914,221.088
denied,172.751,6.8153,-194.107,216.458,-200.131,219.645
denied,172.851,6.9632,-194.066,215.138,-200.349,218.140
denied,172.952,7.0657,-194.078,213.862,-200.551,216.694
denied,173.051,7.2074,-194.128,212.437,-200.739,215.307
denied,173.151,7.1917,-194.198,211.095,-200.977,213.496
denied,173.251,7.2848,-194.292,209.622,-201.162,212.046
denied,173.352,7.3360,-194.390,208.250,-201.341,210.595
denied,173.451,7.3946,-194.504,206.755,-201.523,209.083
denied,173.551,7.4819,-194.446,205.730,-201.698,207.569
denied,173.651,7.5974,-194.437,204.502,-201.861,206.116
denied,173.751,7.6849,-194.462,203.293,-202.012,204.722
denied,173.851,7.7486,-194.513,201.961,-202.197,202.963
denied,173.951,7.7818,-194.577,201.030,-202.344,201.507
denied,174.051,7.8332,-194.656,199.876,-202.487,200.050
denied,174.151,7.8917,-194.734,198.716,-202.625,198.593
denied,174.251,7.9741,-194.822,197.385,-202.781,196.892
denied,174.351,8.0338,-194.904,196.109,-202.909,195.433
denied,174.451,8.0840,-194.991,194.690,-203.038,193.913
denied,174.551,8.1483,-195.070,193.355,-203.161,192.392
denied,174.651,8.1791,-195.151,191.890,-203.274,190.931
denied,174.751,8.2156,-195.222,190.527,-203.377,189.531
denied,174.851,8.3276,-195.290,189.155,-203.500,187.764
denied,174.951,8.3574,-195.349,187.652,-203.596,186.301
denied,175.051,8.4207,-195.385,186.247,-203.687,184.838
denied,175.151,8.4593,-195.407,184.718,-203.768,183.435
denied,175.251,8.5580,-195.420,183.305,-203.854,181.848
denied,175.351,8.6159,-195.423,181.770,-203.927,180.383
denied,175.451,8.7668,-195.415,180.350,-204.008,178.613
denied,175.551,8.8394,-195.402,178.810,-204.071,177.086
denied,175.651,8.9227,-195.382,177.391,-204.127,175.619
denied,175.751,8.9995,-195.354,175.855,-204.179,174.092
denied,175.850,9.0669,-195.327,174.439,-204.223,172.686
denied,175.951,9.1859,-195.289,172.906,-204.270,170.975
denied,176.051,9.2705,-195.250,171.495,-204.305,169.507
denied,176.150,9.3443,-195.206,169.966,-204.337,167.979
denied,176.251,9.4150,-195.157,168.553,-204.361,166.572
denied,176.351,9.5354,-195.100,167.027,-204.386,164.859
denied,176.451,9.6151,-195.048,165.618,-204.402,163.391
denied,176.551,9.6945,-194.978,164.085,-204.414,161.861
denied,176.651,9.7799,-194.911,162.670,-204.422,160.393
denied,176.751,9.8263,-194.837,161.137,-204.425,158.986
denied,176.851,9.9135,-194.758,159.723,-204.423,157.517
denied,176.950,10.0045,-194.673,158.192,-204.418,155.926
denied,177.051,10.0977,-194.595,156.782,-204.407,154.397
denied,177.151,10.2347,-194.499,155.253,-204.390,152.623
denied,177.251,10.3185,-194.409,153.840,-204.371,151.155
denied,177.351,10.3738,-194.312,152.310,-204.349,149.687
denied,177.451,10.4753,-194.210,150.898,-204.321,148.158
denied,177.551,10.5351,-194.102,149.371,-204.290,146.691
denied,177.651,10.6116,-194.004,147.964,-204.256,145.224
denied,177.751,10.6892,-193.885,146.441,-204.216,143.697
denied,177.851,10.8427,-193.778,145.038,-204.164,141.926
denied,177.951,10.8950,-193.661,143.520,-204.118,140.460
denied,178.051,10.9784,-193.542,142.118,-204.067,138.994
denied,178.151,11.0334,-193.416,140.602,-204.013,137.529
denied,178.251,11.1877,-193.297,139.203,-203.942,135.759
denied,178.351,11.2067,-193.168,137.801,-203.890,134.538
denied,178.450,11.2763,-193.029,136.283,-203.821,133.013
denied,178.550,11.4316,-192.900,134.886,-203.736,131.244
denied,178.650,11.5035,-192.750,133.372,-203.658,129.719
denied,178.750,11.5291,-192.590,131.741,-203.579,128.255
denied,178.851,11.6070,-192.445,130.338,-203.497,126.791
denied,178.950,11.6849,-192.275,128.818,-203.407,125.267
denied,179.052,11.7652,-192.120,127.419,-203.317,123.804
denied,179.150,11.9101,-191.962,126.024,-203.206,122.098
denied,179.253,11.9865,-191.784,124.517,-203.104,120.575
denied,179.351,12.0760,-191.635,123.242,-203.006,119.174
denied,179.451,12.1360,-191.450,121.737,-202.899,117.713
denied,179.551,12.2222,-191.275,120.351,-202.790,116.253
denied,179.652,12.3320,-191.072,118.730,-202.652,114.488
denied,179.750,12.4336,-190.890,117.343,-202.528,112.967
denied,179.852,12.4962,-190.686,115.843,-202.406,111.507
denied,179.951,12.5761,-190.503,114.459,-202.280,110.048
denied,180.051,12.6362,-190.295,112.961,-202.151,108.589
